congeniality,lucid_pid_3,treatment,topic_short_2,mu,se,lo,hi,cfac,traffic,ts2
"False claim
congenial to
Democrats",Democrat,control,A black man invented the light bulb (Lucid),33.57260726072608,2.1482785382699356,29.361981325717007,37.78323319573516,Agreement in control,NA,A black man invented the light bulb (Lucid) (25 Sep)
"False claim
congenial to
Democrats",Democrat,control,A black man invented the light bulb (MTurk),38.984429065743946,2.160492099991186,34.74986454976122,43.21899358172667,Agreement in control,NA,A black man invented the light bulb (MTurk) (25 Sep)
"False claim
congenial to
Democrats",Democrat,control,Donald Trump claimed his DNA was USA,35,2.180002108254501,30.72719586782118,39.27280413217882,Agreement in control,NA,Donald Trump claimed his DNA was USA (16 Oct)
"False claim
congenial to
Democrats",Democrat,control,Joe Biden has never made more than $400k,44.867424242424235,2.0360907850852215,40.8766863036572,48.85816218119127,Agreement in control,NA,Joe Biden has never made more than $400k (29 Oct)
"False claim
congenial to
Democrats",Democrat,control,Judge Barrett made homophobic and racist statements,50.60468749999999,2.031373110493385,46.623196203432954,54.586178796567026,Agreement in control,NA,Judge Barrett made homophobic and racist statements (16 Oct)
"False claim
congenial to
Democrats",Democrat,control,Trump chose Judge Barrett on basis of looks,36.93805309734515,1.580969369704619,33.83935313272409,40.0367530619662,Agreement in control,NA,Trump chose Judge Barrett on basis of looks (24 Oct)
"False claim
congenial to
Democrats",Democrat,control,Trump holds Bible upside down,65.51129032258065,1.8403349597864067,61.90423380139929,69.11834684376201,Agreement in control,NA,Trump holds Bible upside down (8 Oct)
"False claim
congenial to
Democrats",Democrat,control,Trump responsible for all Covid deaths,49.61206896551725,2.2115783836182423,45.2773753336255,53.946762597409005,Agreement in control,NA,Trump responsible for all Covid deaths (8 Oct)
"False claim
congenial to
Democrats",Democrat,control,Trump said 'Good' to children's separation,53.527777777777786,2.7424526375059126,48.152570608266196,58.902984947289376,Agreement in control,NA,Trump said 'Good' to children's separation (2 Nov)
"False claim
congenial to
Democrats",Democrat,control,USPS fails to deliver 27% of mail ballots in South FL,41.78961038961038,1.7726711721852657,38.31517489212726,45.2640458870935,Agreement in control,NA,USPS fails to deliver 27% of mail ballots in South FL (12 Nov)
"False claim
congenial to
Democrats",Republican,control,A black man invented the light bulb (Lucid),28.832706766917283,2.233696486144317,24.45466165407442,33.210751879760146,Agreement in control,NA,A black man invented the light bulb (Lucid) (25 Sep)
"False claim
congenial to
Democrats",Republican,control,A black man invented the light bulb (MTurk),62.35533707865167,2.0915087674574937,58.25597989443499,66.45469426286836,Agreement in control,NA,A black man invented the light bulb (MTurk) (25 Sep)
"False claim
congenial to
Democrats",Republican,control,Donald Trump claimed his DNA was USA,43.67148014440434,2.2061003208636514,39.34752351551158,47.9954367732971,Agreement in control,NA,Donald Trump claimed his DNA was USA (16 Oct)
"False claim
congenial to
Democrats",Republican,control,Joe Biden has never made more than $400k,36.48514851485149,2.045432284020439,32.476101238171424,40.49419579153155,Agreement in control,NA,Joe Biden has never made more than $400k (29 Oct)
"False claim
congenial to
Democrats",Republican,control,Judge Barrett made homophobic and racist statements,34.720967741935475,2.1176104636318325,30.570451233217085,38.871484250653864,Agreement in control,NA,Judge Barrett made homophobic and racist statements (16 Oct)
"False claim
congenial to
Democrats",Republican,control,Trump chose Judge Barrett on basis of looks,35.575601374570475,2.2340966362680885,31.19677196748502,39.95443078165593,Agreement in control,NA,Trump chose Judge Barrett on basis of looks (24 Oct)
"False claim
congenial to
Democrats",Republican,control,Trump holds Bible upside down,63.67808219178083,1.9672662535441916,59.82224033483421,67.53392404872744,Agreement in control,NA,Trump holds Bible upside down (8 Oct)
"False claim
congenial to
Democrats",Republican,control,Trump responsible for all Covid deaths,49.55769230769229,2.3858373154850128,44.881451169341666,54.23393344604292,Agreement in control,NA,Trump responsible for all Covid deaths (8 Oct)
"False claim
congenial to
Democrats",Republican,control,Trump said 'Good' to children's separation,63.677165354330704,3.1597052503456466,57.484143063653235,69.87018764500817,Agreement in control,NA,Trump said 'Good' to children's separation (2 Nov)
"False claim
congenial to
Democrats",Republican,control,USPS fails to deliver 27% of mail ballots in South FL,52.27862595419848,2.0995439696758567,48.1635197736338,56.39373213476316,Agreement in control,NA,USPS fails to deliver 27% of mail ballots in South FL (12 Nov)
"False claim
congenial to
Republicans",Democrat,control,Antifa start West Coast wildfires (Lucid),22.57585139318888,1.6918859435228804,19.259754943884037,25.891947842493725,Agreement in control,NA,Antifa start West Coast wildfires (Lucid) (25 Sep)
"False claim
congenial to
Republicans",Democrat,control,Antifa start West Coast wildfires (MTurk),32.0016891891892,2.1980391178863603,27.693532518131935,36.30984586024647,Agreement in control,NA,Antifa start West Coast wildfires (MTurk) (25 Sep)
"False claim
congenial to
Republicans",Democrat,control,Biden and Obama plotted to have Seal Team 6 murdered,23.422222222222224,2.247913793236342,19.016311187478994,27.828133256965454,Agreement in control,NA,Biden and Obama plotted to have Seal Team 6 murdered (29 Oct)
"False claim
congenial to
Republicans",Democrat,control,Biden wears wire at debate,33.60237388724037,1.8739563486592157,29.929419443868305,37.27532833061243,Agreement in control,NA,Biden wears wire at debate (8 Oct)
"False claim
congenial to
Republicans",Democrat,control,GOP voters' pens invisible to voting machines,32.050408719346066,1.7573351780802084,28.606031770308856,35.49478566838327,Agreement in control,NA,GOP voters' pens invisible to voting machines (12 Nov)
"False claim
congenial to
Republicans",Democrat,control,Hunter Biden's laptop had photos torturing children,15.501068376068387,1.2017471538824087,13.145643954458865,17.85649279767791,Agreement in control,NA,Hunter Biden's laptop had photos torturing children (24 Oct)
"False claim
congenial to
Republicans",Democrat,control,Kamala Harris imprisoned prolife activists,32.01971326164875,1.7992719819427707,28.493140177040917,35.54628634625658,Agreement in control,NA,Kamala Harris imprisoned prolife activists (29 Oct)
"False claim
congenial to
Republicans",Democrat,control,Obama failed to nominate US judges,35.35828025477707,1.959960578136981,31.516757521628588,39.19980298792555,Agreement in control,NA,Obama failed to nominate US judges (16 Oct)
"False claim
congenial to
Republicans",Democrat,control,Presidential winner must be announced election night,31.628787878787882,3.2298353122461276,25.298310666785472,37.959265090790296,Agreement in control,NA,Presidential winner must be announced election night (2 Nov)
"False claim
congenial to
Republicans",Democrat,control,SARS-CoV-2 man made virus created in the lab (Lucid),35.11059190031152,2.1167648381294026,30.96173281757789,39.25945098304515,Agreement in control,NA,SARS-CoV-2 man made virus created in the lab (Lucid) (25 Sep)
"False claim
congenial to
Republicans",Democrat,control,SARS-CoV-2 man made virus created in the lab (MTurk),41.372013651877104,2.3631595393586227,36.740220954734205,46.00380634902,Agreement in control,NA,SARS-CoV-2 man made virus created in the lab (MTurk) (25 Sep)
"False claim
congenial to
Republicans",Democrat,control,Sen Coon's daughter's photo on Hunter Biden's laptop,34.5187969924812,2.6331505088315548,29.357821995171353,39.67977198979105,Agreement in control,NA,Sen Coon's daughter's photo on Hunter Biden's laptop (2 Nov)
"False claim
congenial to
Republicans",Democrat,control,WHO: children to be vaccinated without parents' consent,36.00113378684807,1.5570231255070595,32.94936846085424,39.05289911284191,Agreement in control,NA,WHO: children to be vaccinated without parents' consent (24 Oct)
"False claim
congenial to
Republicans",Democrat,control,Wisconsin has more votes than registered voters,27.58028169014084,1.770472924704957,24.110154757719123,31.050408622562557,Agreement in control,NA,Wisconsin has more votes than registered voters (12 Nov)
"False claim
congenial to
Republicans",Republican,control,Antifa start West Coast wildfires (Lucid),42.401098901098905,2.3453954442237945,37.80412383042027,46.99807397177754,Agreement in control,NA,Antifa start West Coast wildfires (Lucid) (25 Sep)
"False claim
congenial to
Republicans",Republican,control,Antifa start West Coast wildfires (MTurk),66.44411764705879,1.9696165968891144,62.58366911715613,70.30456617696146,Agreement in control,NA,Antifa start West Coast wildfires (MTurk) (25 Sep)
"False claim
congenial to
Republicans",Republican,control,Biden and Obama plotted to have Seal Team 6 murdered,40.82999999999999,2.9232992531538633,35.100333463818416,46.55966653618157,Agreement in control,NA,Biden and Obama plotted to have Seal Team 6 murdered (29 Oct)
"False claim
congenial to
Republicans",Republican,control,Biden wears wire at debate,63.208881578947356,1.9915603425257804,59.305423307596826,67.11233985029789,Agreement in control,NA,Biden wears wire at debate (8 Oct)
"False claim
congenial to
Republicans",Republican,control,GOP voters' pens invisible to voting machines,57.164658634538156,2.2371730249305424,52.77979950567429,61.54951776340202,Agreement in control,NA,GOP voters' pens invisible to voting machines (12 Nov)
"False claim
congenial to
Republicans",Republican,control,Hunter Biden's laptop had photos torturing children,39.92370129870133,2.0415422504985434,35.922278487724185,43.92512410967848,Agreement in control,NA,Hunter Biden's laptop had photos torturing children (24 Oct)
"False claim
congenial to
Republicans",Republican,control,Kamala Harris imprisoned prolife activists,60.42346938775509,1.9187530440263165,56.66271342146351,64.18422535404667,Agreement in control,NA,Kamala Harris imprisoned prolife activists (29 Oct)
"False claim
congenial to
Republicans",Republican,control,Obama failed to nominate US judges,58.46308724832214,2.140954145630579,54.2668171228862,62.65935737375808,Agreement in control,NA,Obama failed to nominate US judges (16 Oct)
"False claim
congenial to
Republicans",Republican,control,Presidential winner must be announced election night,59.176,3.431449688942261,52.450358609673174,65.90164139032683,Agreement in control,NA,Presidential winner must be announced election night (2 Nov)
"False claim
congenial to
Republicans",Republican,control,SARS-CoV-2 man made virus created in the lab (Lucid),63.780000000000015,2.261194051855343,59.348059658363546,68.21194034163649,Agreement in control,NA,SARS-CoV-2 man made virus created in the lab (Lucid) (25 Sep)
"False claim
congenial to
Republicans",Republican,control,SARS-CoV-2 man made virus created in the lab (MTurk),77.33011049723757,1.5812581273748803,74.2308445675828,80.42937642689233,Agreement in control,NA,SARS-CoV-2 man made virus created in the lab (MTurk) (25 Sep)
"False claim
congenial to
Republicans",Republican,control,Sen Coon's daughter's photo on Hunter Biden's laptop,63.425438596491226,2.8568294722379663,57.826052830904814,69.02482436207764,Agreement in control,NA,Sen Coon's daughter's photo on Hunter Biden's laptop (2 Nov)
"False claim
congenial to
Republicans",Republican,control,WHO: children to be vaccinated without parents' consent,46.66144200626961,1.972423385212937,42.795492171252256,50.52739184128696,Agreement in control,NA,WHO: children to be vaccinated without parents' consent (24 Oct)
"False claim
congenial to
Republicans",Republican,control,Wisconsin has more votes than registered voters,62.93258426966292,2.126020375860666,58.76558433297601,67.09958420634982,Agreement in control,NA,Wisconsin has more votes than registered voters (12 Nov)
"False claim
congenial to
Democrats",NA,NA,A black man invented the light bulb (Lucid),NA,NA,NA,NA,Fact check website traffic,26817,A black man invented the light bulb (Lucid) (25 Sep)
"False claim
congenial to
Democrats",NA,NA,A black man invented the light bulb (MTurk),NA,NA,NA,NA,Fact check website traffic,26817,A black man invented the light bulb (MTurk) (25 Sep)
"False claim
congenial to
Republicans",NA,NA,Biden wears wire at debate,NA,NA,NA,NA,Fact check website traffic,153947,Biden wears wire at debate (8 Oct)
"False claim
congenial to
Democrats",NA,NA,Donald Trump claimed his DNA was USA,NA,NA,NA,NA,Fact check website traffic,168985,Donald Trump claimed his DNA was USA (16 Oct)
"False claim
congenial to
Democrats",NA,NA,Trump chose Judge Barrett on basis of looks,NA,NA,NA,NA,Fact check website traffic,25274,Trump chose Judge Barrett on basis of looks (24 Oct)
"False claim
congenial to
Republicans",NA,NA,Kamala Harris imprisoned prolife activists,NA,NA,NA,NA,Fact check website traffic,40674,Kamala Harris imprisoned prolife activists (29 Oct)
"False claim
congenial to
Republicans",NA,NA,Presidential winner must be announced election night,NA,NA,NA,NA,Fact check website traffic,69522,Presidential winner must be announced election night (2 Nov)
"False claim
congenial to
Republicans",NA,NA,Wisconsin has more votes than registered voters,NA,NA,NA,NA,Fact check website traffic,392222,Wisconsin has more votes than registered voters (12 Nov)
"False claim
congenial to
Republicans",NA,NA,Antifa start West Coast wildfires (Lucid),NA,NA,NA,NA,Fact check website traffic,35131,Antifa start West Coast wildfires (Lucid) (25 Sep)
"False claim
congenial to
Republicans",NA,NA,Antifa start West Coast wildfires (MTurk),NA,NA,NA,NA,Fact check website traffic,35131,Antifa start West Coast wildfires (MTurk) (25 Sep)
"False claim
congenial to
Democrats",NA,NA,Trump holds Bible upside down,NA,NA,NA,NA,Fact check website traffic,17913,Trump holds Bible upside down (8 Oct)
"False claim
congenial to
Republicans",NA,NA,Obama failed to nominate US judges,NA,NA,NA,NA,Fact check website traffic,47103,Obama failed to nominate US judges (16 Oct)
"False claim
congenial to
Republicans",NA,NA,WHO: children to be vaccinated without parents' consent,NA,NA,NA,NA,Fact check website traffic,1285,WHO: children to be vaccinated without parents' consent (24 Oct)
"False claim
congenial to
Republicans",NA,NA,Biden and Obama plotted to have Seal Team 6 murdered,NA,NA,NA,NA,Fact check website traffic,52169,Biden and Obama plotted to have Seal Team 6 murdered (29 Oct)
"False claim
congenial to
Republicans",NA,NA,Sen Coon's daughter's photo on Hunter Biden's laptop,NA,NA,NA,NA,Fact check website traffic,49991,Sen Coon's daughter's photo on Hunter Biden's laptop (2 Nov)
"False claim
congenial to
Republicans",NA,NA,GOP voters' pens invisible to voting machines,NA,NA,NA,NA,Fact check website traffic,190623,GOP voters' pens invisible to voting machines (12 Nov)
"False claim
congenial to
Republicans",NA,NA,SARS-CoV-2 man made virus created in the lab (Lucid),NA,NA,NA,NA,Fact check website traffic,93465,SARS-CoV-2 man made virus created in the lab (Lucid) (25 Sep)
"False claim
congenial to
Republicans",NA,NA,SARS-CoV-2 man made virus created in the lab (MTurk),NA,NA,NA,NA,Fact check website traffic,93465,SARS-CoV-2 man made virus created in the lab (MTurk) (25 Sep)
"False claim
congenial to
Democrats",NA,NA,Trump responsible for all Covid deaths,NA,NA,NA,NA,Fact check website traffic,37345,Trump responsible for all Covid deaths (8 Oct)
"False claim
congenial to
Democrats",NA,NA,Judge Barrett made homophobic and racist statements,NA,NA,NA,NA,Fact check website traffic,36851,Judge Barrett made homophobic and racist statements (16 Oct)
"False claim
congenial to
Republicans",NA,NA,Hunter Biden's laptop had photos torturing children,NA,NA,NA,NA,Fact check website traffic,541519,Hunter Biden's laptop had photos torturing children (24 Oct)
"False claim
congenial to
Democrats",NA,NA,Joe Biden has never made more than $400k,NA,NA,NA,NA,Fact check website traffic,35105,Joe Biden has never made more than $400k (29 Oct)
"False claim
congenial to
Democrats",NA,NA,Trump said 'Good' to children's separation,NA,NA,NA,NA,Fact check website traffic,31266,Trump said 'Good' to children's separation (2 Nov)
"False claim
congenial to
Democrats",NA,NA,USPS fails to deliver 27% of mail ballots in South FL,NA,NA,NA,NA,Fact check website traffic,26549,USPS fails to deliver 27% of mail ballots in South FL (12 Nov)
