name,value,treatment,misinfo_type,term,type,estimate,std.error,statistic,p.value,conf.low,conf.high
Party Affiliation,Democrat,misinformation,Misinformation is a social media post,overall,summary,29.771495572315278,8.009626597989168,3.716964231489826,2.0163097616297197e-4,14.072915910642434,45.47007523398812
Party Affiliation,Democrat,misinformation,Misinformation is in article form,overall,summary,38.41832641119101,3.645436117240239,10.538746305140421,5.725707441991513e-26,31.27340291345861,45.56324990892341
Party Affiliation,Democrat,factcheck,Misinformation is a social media post,overall,summary,55.76763780700218,3.353279728162601,16.630774145871673,4.171692299450141e-62,49.195330309715224,62.33994530428914
Party Affiliation,Democrat,factcheck,Misinformation is in article form,overall,summary,61.25375183074782,4.6289056241288975,13.23287982184234,5.667352896210508e-40,52.18126351962028,70.32624014187536
Party Affiliation,Republican,misinformation,Misinformation is a social media post,overall,summary,31.451452569272845,9.231409898369904,3.4070042296384857,6.568010919230054e-4,13.358221641941281,49.54468349660441
Party Affiliation,Republican,misinformation,Misinformation is in article form,overall,summary,36.26362639514558,4.539412778508572,7.98861618551905,1.364618219526443e-15,27.366540838307884,45.160711951983274
Party Affiliation,Republican,factcheck,Misinformation is a social media post,overall,summary,49.09216456223846,3.9990046871771368,12.27609577944561,1.2173241422770167e-34,41.25425940136441,56.93006972311251
Party Affiliation,Republican,factcheck,Misinformation is in article form,overall,summary,52.94070716596513,6.500525275567571,8.144066044161761,3.822205662869916e-16,40.19991174526038,65.68150258666988
Political interest,high,misinformation,Misinformation is a social media post,overall,summary,27.459205809370786,7.591399410964544,3.617146763442643,2.978684258941316e-4,12.580336371621703,42.33807524711987
Political interest,high,misinformation,Misinformation is in article form,overall,summary,29.018254638205292,2.4907039098441515,11.650623955547179,2.27784844067669e-31,24.136564678757658,33.899944597652926
Political interest,high,factcheck,Misinformation is a social media post,overall,summary,43.49784216436621,4.0319459618591384,10.788299886913482,3.909548581363335e-27,35.5953732915106,51.400311037221826
Political interest,high,factcheck,Misinformation is in article form,overall,summary,47.05574604331941,5.06718006627894,9.286377319895516,1.5962905384651802e-20,37.124255610233405,56.987236476405414
Political interest,low,misinformation,Misinformation is a social media post,overall,summary,31.53663186152783,8.286730742198086,3.8056783600962785,1.414160611171229e-4,15.294938057238713,47.77832566581695
Political interest,low,misinformation,Misinformation is in article form,overall,summary,43.990841452768755,4.192660841441418,10.492344388544652,9.367477483936621e-26,35.77337720415218,52.20830570138533
Political interest,low,factcheck,Misinformation is a social media post,overall,summary,58.28859357909695,3.3285117899438132,17.51190840158655,1.1623120953965613e-68,51.764830348690126,64.81235680950377
Political interest,low,factcheck,Misinformation is in article form,overall,summary,66.90550022231598,4.76735431394415,14.034094345918964,9.64203036364174e-45,57.56165746544379,76.24934297918817
Cognitive Reflection Test,high,misinformation,Misinformation is a social media post,overall,summary,25.02912925648217,3.512426445271142,7.125879971146285,1.0341781203501147e-12,18.144899925404687,31.913358587559657
Cognitive Reflection Test,high,misinformation,Misinformation is in article form,overall,summary,41.81851851641104,4.193451317562296,9.972339094834336,2.014281639001192e-23,33.599504963066906,50.03753206975517
Cognitive Reflection Test,high,factcheck,Misinformation is a social media post,overall,summary,58.68403447264759,3.814461459277682,15.384618536363499,2.0759633947113518e-53,51.207827392047236,66.16024155324794
Cognitive Reflection Test,high,factcheck,Misinformation is in article form,overall,summary,66.72838639102356,5.553194514671383,12.01621629041249,2.920406871712013e-33,55.84432514312227,77.61244763892485
Cognitive Reflection Test,low,misinformation,Misinformation is a social media post,overall,summary,29.501475705630245,8.233639103389619,3.5830421196728306,3.396158204583185e-4,13.363839601285935,45.63911180997455
Cognitive Reflection Test,low,misinformation,Misinformation is in article form,overall,summary,34.439989147356876,3.9815957299393716,8.64979558029647,5.159176173050252e-18,26.636204915677244,42.24377337903651
Cognitive Reflection Test,low,factcheck,Misinformation is a social media post,overall,summary,48.91533474320711,3.631102786259977,13.47120630357857,2.3105989092730104e-41,41.79850405797452,56.032165428439704
Cognitive Reflection Test,low,factcheck,Misinformation is in article form,overall,summary,51.12330077268638,6.931696091423084,7.375294602996756,1.6398203148225313e-13,37.53742608172008,64.70917546365268
Need for Cognition,high,misinformation,Misinformation is a social media post,overall,summary,33.28005935661101,9.764475518047066,3.4082792562797226,6.53739544155483e-4,14.142039013315685,52.41807969990634
Need for Cognition,high,misinformation,Misinformation is in article form,overall,summary,45.802222401387134,3.3845145328431134,13.53287804112681,1.0002935954795595e-41,39.16869581186223,52.43574899091204
Need for Cognition,high,factcheck,Misinformation is a social media post,overall,summary,63.62244723115211,4.3984316824649925,14.46480287162184,2.0218340348731798e-47,55.00167954506081,72.2432149172434
Need for Cognition,high,factcheck,Misinformation is in article form,overall,summary,69.77981003280662,5.237769674680895,13.322428126253541,1.714396055327569e-40,59.513970111115995,80.04564995449725
Need for Cognition,low,misinformation,Misinformation is a social media post,overall,summary,29.86400278219896,7.884700677061501,3.7875886486192885,1.521164189977759e-4,14.410273426279844,45.317732138118075
Need for Cognition,low,misinformation,Misinformation is in article form,overall,summary,34.53876721704031,4.567952068011294,7.561105436922222,3.9965810751308396e-14,25.585745680632918,43.4917887534477
Need for Cognition,low,factcheck,Misinformation is a social media post,overall,summary,46.23715692537952,3.280979915491406,14.092483988416731,4.224370754175978e-45,39.8065544570171,52.667759393741946
Need for Cognition,low,factcheck,Misinformation is in article form,overall,summary,52.639301062043685,5.344600404796567,9.8490620579982,6.918659775847785e-23,42.16407675688423,63.11452536720314
Personality - Extraversion,high,misinformation,Misinformation is a social media post,overall,summary,28.776726604118448,8.127047601887616,3.5408586258845913,3.9882721636754604e-4,12.84800600377611,44.70544720446078
Personality - Extraversion,high,misinformation,Misinformation is in article form,overall,summary,34.18322780545797,3.534045298322434,9.672549421390922,3.944277090396274e-22,27.256626301012886,41.10982930990305
Personality - Extraversion,high,factcheck,Misinformation is a social media post,overall,summary,46.914680762022634,3.247162571195861,14.447900200064499,2.5844540589575695e-47,40.55035907053227,53.279002453513
Personality - Extraversion,high,factcheck,Misinformation is in article form,overall,summary,50.266012980859884,5.177803699281808,9.707979657056537,2.7880852911487135e-22,40.11770421124928,60.414321750470485
Personality - Extraversion,low,misinformation,Misinformation is a social media post,overall,summary,32.51875917792614,8.655721484565303,3.7569091422260867,1.7202491785749612e-4,15.553856807968586,49.4836615478837
Personality - Extraversion,low,misinformation,Misinformation is in article form,overall,summary,41.97624230929541,4.410540058574637,9.517256787564685,1.778107663177971e-21,33.331742642117945,50.62074197647287
Personality - Extraversion,low,factcheck,Misinformation is a social media post,overall,summary,58.04117884902603,3.543588765472356,16.379208393073572,2.6922420656649437e-60,51.09587249267946,64.9864852053726
Personality - Extraversion,low,factcheck,Misinformation is in article form,overall,summary,71.0916062724307,5.4885112811938,12.952803161036346,2.2652860467777263e-38,60.334321832549065,81.84889071231233
Personality - Agreeableness,high,misinformation,Misinformation is a social media post,overall,summary,37.05692572328631,10.171779740707617,3.643111300865465,2.693622936202451e-4,17.12060377282522,56.993247673747405
Personality - Agreeableness,high,misinformation,Misinformation is in article form,overall,summary,48.288614284368194,4.553336357119842,10.605105904127095,2.821441596426224e-26,39.36423901491649,57.212989553819895
Personality - Agreeableness,high,factcheck,Misinformation is a social media post,overall,summary,65.97672609279051,3.948784570776108,16.708109776630135,1.1440486357952248e-62,58.23725055136189,73.71620163421915
Personality - Agreeableness,high,factcheck,Misinformation is in article form,overall,summary,76.6040469691898,5.4330636230119165,14.099604253616851,3.8190533556501493e-45,65.95543794237174,87.25265599600785
Personality - Agreeableness,low,misinformation,Misinformation is a social media post,overall,summary,26.151521627998555,7.0715551437878785,3.6981287844402626,2.1719469282789963e-4,12.291528231485355,40.01151502451175
Personality - Agreeableness,low,misinformation,Misinformation is in article form,overall,summary,26.436334504899627,1.5694720718391906,16.844093615453843,1.1593164288167979e-63,23.360225769353352,29.5124432404459
Personality - Agreeableness,low,factcheck,Misinformation is a social media post,overall,summary,38.34708202235663,2.3846415604663096,16.080857877381778,3.475328535921631e-58,33.67327044780527,43.02089359690799
Personality - Agreeableness,low,factcheck,Misinformation is in article form,overall,summary,37.29771726282656,2.3461348217226674,15.897516595163285,6.592685089482027e-57,32.699377509374834,41.896057016278284
Personality - Conscientiousness,high,misinformation,Misinformation is a social media post,overall,summary,34.90107120367834,9.671606175186893,3.60861170021782,3.078399665596311e-4,15.945071427656853,53.85707097969983
Personality - Conscientiousness,high,misinformation,Misinformation is in article form,overall,summary,49.31625516720884,4.48194674869927,11.003311269042001,3.6835245378193705e-28,40.53180095913188,58.100709375285795
Personality - Conscientiousness,high,factcheck,Misinformation is a social media post,overall,summary,65.91351301903408,3.8444511932628735,17.145103346491382,6.837720132336751e-66,58.37852713991682,73.44849889815134
Personality - Conscientiousness,high,factcheck,Misinformation is in article form,overall,summary,73.62585020322966,4.49897841308786,16.36501521968779,3.3994277559346757e-60,64.80801454635429,82.44368586010503
Personality - Conscientiousness,low,misinformation,Misinformation is a social media post,overall,summary,28.56351287041019,7.9407784165155055,3.597067110071074,3.2182547255459526e-4,12.999873164826804,44.12715257599358
Personality - Conscientiousness,low,misinformation,Misinformation is in article form,overall,summary,29.45500775189081,2.913328413507031,10.110431633910167,4.96649792955211e-24,23.744988986279818,35.1650265175018
Personality - Conscientiousness,low,factcheck,Misinformation is a social media post,overall,summary,40.38692366991155,2.303578662299441,17.532252894545035,8.128405828217186e-69,35.87199245624969,44.901854883573414
Personality - Conscientiousness,low,factcheck,Misinformation is in article form,overall,summary,44.76055175577293,5.017258984940482,8.921315780214584,4.607807306303799e-19,34.9269048441796,54.59419866736626
Personality - Emotional Stability,high,misinformation,Misinformation is a social media post,overall,summary,36.419175604794205,10.30589880302413,3.533818476279573,4.096022861249067e-4,16.219985122552465,56.618366087035945
Personality - Emotional Stability,high,misinformation,Misinformation is in article form,overall,summary,48.69862580658236,4.450445695606432,10.942415465187814,7.224893514863753e-28,39.97591252804245,57.42133908512228
Personality - Emotional Stability,high,factcheck,Misinformation is a social media post,overall,summary,65.4208561562956,3.568522209862813,18.332758578742492,4.53320386267205e-75,58.426681146933205,72.415031165658
Personality - Emotional Stability,high,factcheck,Misinformation is in article form,overall,summary,73.6087836706118,5.18824272692124,14.18761371526888,1.0931564093445498e-45,63.44001478279429,83.7775525584293
Personality - Emotional Stability,low,misinformation,Misinformation is a social media post,overall,summary,28.353365470248242,7.185768412734241,3.945766665677939,7.954504828128392e-5,14.269518180043585,42.4372127604529
Personality - Emotional Stability,low,misinformation,Misinformation is in article form,overall,summary,29.142001749776405,3.2844967903470534,8.872592549160975,7.146241145528338e-19,22.70450633335878,35.57949716619403
Personality - Emotional Stability,low,factcheck,Misinformation is a social media post,overall,summary,41.81252178370439,2.992330495920707,13.973229842327004,2.2708986868232374e-44,35.947661781858926,47.677381785549855
Personality - Emotional Stability,low,factcheck,Misinformation is in article form,overall,summary,44.270092606967886,4.234274078266492,10.455178807199939,1.3873683996553232e-25,35.97106791289403,52.56911730104174
Personality - Openness,high,misinformation,Misinformation is a social media post,overall,summary,36.7009582592933,10.093818621132288,3.6359835298067127,2.7692202552270556e-4,16.917437295394276,56.484479223192324
Personality - Openness,high,misinformation,Misinformation is in article form,overall,summary,45.97635369768692,4.200394013918893,10.94572403096818,6.965893299060382e-28,37.74373270952826,54.208974685845575
Personality - Openness,high,factcheck,Misinformation is a social media post,overall,summary,61.773262815339926,3.686727090688858,16.7555832845218,5.155281130275966e-63,54.547410496761636,68.99911513391822
Personality - Openness,high,factcheck,Misinformation is in article form,overall,summary,69.833505227983,4.60168192703241,15.175648020726651,5.126888878296524e-52,60.8143743826906,78.85263607327539
Personality - Openness,low,misinformation,Misinformation is a social media post,overall,summary,28.145141278547896,7.269368528715469,3.8717450033478045,1.0805896674537012e-4,13.89744077191666,42.39284178517913
Personality - Openness,low,misinformation,Misinformation is in article form,overall,summary,27.6187918936588,1.6393578595159273,16.84732331829862,1.0977180431187434e-63,24.40570953123491,30.83187425608269
Personality - Openness,low,factcheck,Misinformation is a social media post,overall,summary,41.750704330902444,3.010877164009866,13.866624925773836,1.0091462189297168e-43,35.84949352756901,47.65191513423588
Personality - Openness,low,factcheck,Misinformation is in article form,overall,summary,47.54885263237329,6.099648454261609,7.795343123283209,6.423369405486848e-15,35.59376134366513,59.50394392108145
