fc,panel,panel_factor,rating,term,estimate,std.error,statistic,p.value,conf.low,conf.high,df,outcome,significant
1,panel_1_lucid,Panel 1 (Lucid),mostly false,control,0.01021031132606887,0.01719534551424674,0.5937834350353356,0.5527149078227018,-0.02350955355918021,0.04393017621131797,2318,Responded Wave 1,FALSE
1,panel_1_lucid,Panel 1 (Lucid),mostly false,factcheck,0.0273716734742887,0.01650000367702215,1.6588889317889304,0.09727346089360887,-0.00498463446580638,0.0597279814143838,2318,Responded Wave 1,FALSE
1,panel_1_lucid,Panel 1 (Lucid),mostly false,control,-0.01213707393972834,0.01953492463105169,-0.6213012933992023,0.5344624945436831,-0.05044482521793482,0.02617067733847812,2318,Responded Wave 2,FALSE
1,panel_1_lucid,Panel 1 (Lucid),mostly false,factcheck,0.01431304678029392,0.01985260798523593,0.72096556739237,0.4710034038510277,-0.02461767771880597,0.05324377127939381,2318,Responded Wave 2,FALSE
1,panel_1_mturk,Panel 1 (MTurk),mostly false,control,-0.00457431457431959,0.00862562285432178,-0.5303170161245435,0.5959485689890525,-0.0214900349609606,0.0123414058123214,2087,Responded Wave 1,FALSE
1,panel_1_mturk,Panel 1 (MTurk),mostly false,factcheck,-0.00297397007585177,0.00848518088836372,-0.35048988524571917,0.7260064508522973,-0.01961426953732371,0.01366632938562016,2087,Responded Wave 1,FALSE
1,panel_1_mturk,Panel 1 (MTurk),mostly false,control,0.00492063492063546,0.02680667742625256,0.18356004522278255,0.8543764410955732,-0.04764997563071396,0.05749124547198488,2087,Responded Wave 2,FALSE
1,panel_1_mturk,Panel 1 (MTurk),mostly false,factcheck,0.01644394343103189,0.02676927753207541,0.6142841700276923,0.5390945180017411,-0.0360533221383869,0.0689412090004507,2087,Responded Wave 2,FALSE
1,panel_2_mturk,Panel 2 (MTurk),pants on fire,control,0.02605531295487673,0.00756959672376222,3.442100537943423,5.887619685091829e-4,0.01121043692646912,0.04090018898328433,2056,Responded Wave 1,TRUE
1,panel_2_mturk,Panel 2 (MTurk),pants on fire,factcheck,0.00840664711632457,0.00908060135254595,0.9257808805765472,0.35466851607338057,-0.00940148801441154,0.02621478224706069,2056,Responded Wave 1,FALSE
1,panel_2_mturk,Panel 2 (MTurk),pants on fire,control,0.04597177393835817,0.02680110024514591,1.715294279632582,0.08644195990166642,-0.00658835906254132,0.09853190693925767,2056,Responded Wave 2,FALSE
1,panel_2_mturk,Panel 2 (MTurk),pants on fire,factcheck,-0.02606995622423307,0.02699718950795181,-0.965654451421855,0.3343306868309548,-0.07901464350233965,0.02687473105387351,2056,Responded Wave 2,FALSE
1,panel_3_lucid,Panel 3 (Lucid),pants on fire,control,-0.01935075935624794,0.01758261262989889,-1.1005622294915571,0.2711982036423266,-0.05382952969885011,0.01512801098635422,2387,Responded Wave 1,FALSE
1,panel_3_lucid,Panel 3 (Lucid),pants on fire,factcheck,-0.01824941421820488,0.01702995779375168,-1.0716065441395646,0.28400512551118506,-0.05164445146747563,0.01514562303106586,2387,Responded Wave 1,FALSE
1,panel_3_lucid,Panel 3 (Lucid),pants on fire,control,-0.02219184759359626,0.02409925232307742,-0.9208521200612256,0.35722069322467476,-0.0694494766937709,0.02506578150657837,2387,Responded Wave 2,FALSE
1,panel_3_lucid,Panel 3 (Lucid),pants on fire,factcheck,-7.805371914603628e-4,0.02360788011863762,-0.03306257010531645,0.9736274554073244,-0.04707460588418971,0.04551353150126898,2387,Responded Wave 2,FALSE
1,panel_4_mturk,Panel 4 (MTurk),pants on fire,control,-0.00593038810739355,0.00758701396433518,-0.7816498210324846,0.4344921491904355,-0.02080764429873459,0.00894686808394748,2579,Responded Wave 1,FALSE
1,panel_4_mturk,Panel 4 (MTurk),pants on fire,factcheck,-0.00508197720961944,0.0073710175395009,-0.689453956985639,0.4905996648084464,-0.0195356894133286,0.0093717349940897,2579,Responded Wave 1,FALSE
1,panel_4_mturk,Panel 4 (MTurk),pants on fire,control,0.02037165813483539,0.02365664869443485,0.8611388027936416,0.38924165279946543,-0.02601629171079273,0.06675960798046351,2579,Responded Wave 2,FALSE
1,panel_4_mturk,Panel 4 (MTurk),pants on fire,factcheck,-0.00261169775923624,0.02335431871816826,-0.11182932761830024,0.910967435815946,-0.04840681351593514,0.04318341799746266,2579,Responded Wave 2,FALSE
1,panel_4_mturk,Panel 4 (MTurk),pants on fire,control,0.03580854076425831,0.02430873925482129,1.4730727245410806,0.14085345851090092,-0.01185808319116161,0.08347516471967825,2579,Responded Wave 3,FALSE
1,panel_4_mturk,Panel 4 (MTurk),pants on fire,factcheck,-5.682680668400191e-4,0.02385439553643253,-0.02382236288369202,0.9809961450672052,-0.04734397658053671,0.04620744044685668,2579,Responded Wave 3,FALSE
1,panel_5_lucid,Panel 5 (Lucid),false,control,0.01140409434801885,0.017967277684468132,0.6347146489463542,0.5256806266972521,-0.02383053398724174,0.04663872268327945,2197,Responded Wave 1,FALSE
1,panel_5_lucid,Panel 5 (Lucid),false,factcheck,-0.00558561036738178,0.01825241521919353,-0.30602034307811343,0.7596181513293165,-0.04137940605325146,0.0302081853184879,2197,Responded Wave 1,FALSE
1,panel_5_lucid,Panel 5 (Lucid),false,control,-0.01552069425901258,0.02333426167165024,-0.6651461476438878,0.5060268363804075,-0.06128021620312122,0.03023882768509605,2197,Responded Wave 2,FALSE
1,panel_5_lucid,Panel 5 (Lucid),false,factcheck,0.02610948101962193,0.02364400382924554,1.1042749446405862,0.26959481440557964,-0.02025745903168646,0.07247642107093033,2197,Responded Wave 2,FALSE
1,panel_6_mturk,Panel 6 (MTurk),pants on fire,control,-0.01911611039399982,0.03042848113278539,-0.6282308443388925,0.529942612597005,-0.07880009970721454,0.04056787891921487,1596,Responded Wave 1,FALSE
1,panel_6_mturk,Panel 6 (MTurk),pants on fire,factcheck,0.00975674953221167,0.03106047662005664,0.3141210500907594,0.7534701558585838,-0.05116686826405785,0.07068036732848121,1596,Responded Wave 1,FALSE
1,panel_6_mturk,Panel 6 (MTurk),pants on fire,control,0.03248509435122723,0.02845658208225452,1.1415669758697016,0.25380530417644986,-0.02333111065343006,0.08830129935588453,1596,Responded Wave 2,FALSE
1,panel_6_mturk,Panel 6 (MTurk),pants on fire,factcheck,0.04450681635926432,0.028872806132792,1.5414787241173675,0.12339855375897796,-0.01212579192480002,0.10113942464332867,1596,Responded Wave 2,FALSE
1,panel_6_mturk,Panel 6 (MTurk),pants on fire,control,0.02028397565923052,0.03033808137451246,0.6685978394227474,0.5038487381421279,-0.03922269891444348,0.07979065023290453,1596,Responded Wave 3,FALSE
1,panel_6_mturk,Panel 6 (MTurk),pants on fire,factcheck,0.02358994921143874,0.03095774532449915,0.762004757264098,0.44616975465524866,-0.03713216613324836,0.08431206455612583,1596,Responded Wave 3,FALSE
1,panel_7_lucid,Panel 7 (Lucid),pants on fire,control,0.00398484292873681,0.01568189313536949,0.25410471135970575,0.7994365681725539,-0.0267667088090169,0.03473639466649053,2385,Responded Wave 1,FALSE
1,panel_7_lucid,Panel 7 (Lucid),pants on fire,factcheck,-0.00172302944580181,0.01606110709014235,-0.10727961877916492,0.9145761761937208,-0.03321820425566883,0.02977214536406519,2385,Responded Wave 1,FALSE
1,panel_7_lucid,Panel 7 (Lucid),pants on fire,control,0.03529519618628502,0.02069338415613079,1.7056270699844989,0.08820774382290517,-0.00528368469329543,0.07587407706586549,2385,Responded Wave 2,FALSE
1,panel_7_lucid,Panel 7 (Lucid),pants on fire,factcheck,0.02442458531567384,0.02079627460328327,1.1744692634428735,0.24032436816596017,-0.01635605952707211,0.0652052301584198,2385,Responded Wave 2,FALSE
2,panel_1_lucid,Panel 1 (Lucid),false,control,0.03346438850705723,0.01706548728535042,1.960939523583611,0.05000565004465375,-8.259596240289824e-7,0.0669296029737385,2318,Responded Wave 1,FALSE
2,panel_1_lucid,Panel 1 (Lucid),false,factcheck,0.03023074187571916,0.01713979175964871,1.7637753305083763,0.07790152608778173,-0.0033801827676859,0.06384166651912422,2318,Responded Wave 1,FALSE
2,panel_1_lucid,Panel 1 (Lucid),false,control,-0.00253445542556098,0.01968459240984879,-0.12875325903588014,0.8975640611819857,-0.04113570341045079,0.03606679255932883,2318,Responded Wave 2,FALSE
2,panel_1_lucid,Panel 1 (Lucid),false,factcheck,0.00920177025180908,0.01989709065074686,0.4624681272919505,0.6437890599886604,-0.02981618421714059,0.04821972472075875,2318,Responded Wave 2,FALSE
2,panel_1_mturk,Panel 1 (MTurk),false,control,0.00658436213991566,0.00840640215571134,0.7832556684719426,0.4335658628080903,-0.00990144424477006,0.02307016852460139,2087,Responded Wave 1,FALSE
2,panel_1_mturk,Panel 1 (MTurk),false,factcheck,-0.00180566053580971,0.00904162528663709,-0.19970530502722356,0.8417305201268896,-0.01953720384261032,0.01592588277099089,2087,Responded Wave 1,FALSE
2,panel_1_mturk,Panel 1 (MTurk),false,control,-0.00598079561042411,0.02672564100671699,-0.22378492657747473,0.8229465626621411,-0.05839248553225502,0.04643089431140679,2087,Responded Wave 2,FALSE
2,panel_1_mturk,Panel 1 (MTurk),false,factcheck,-0.01243366247145143,0.02661048999266804,-0.4672466562952154,0.6403721948831695,-0.06461952958734847,0.03975220464444561,2087,Responded Wave 2,FALSE
2,panel_2_mturk,Panel 2 (MTurk),pants on fire,control,0.01825210319507407,0.00824827331926122,2.2128392802469445,0.02701821216398211,0.00207626195263629,0.03442794443751185,2056,Responded Wave 1,TRUE
2,panel_2_mturk,Panel 2 (MTurk),pants on fire,factcheck,0.01011513911370371,0.00886204720278217,1.1413998235676448,0.25383649961147886,-0.00726438543483948,0.02749466366224691,2056,Responded Wave 1,FALSE
2,panel_2_mturk,Panel 2 (MTurk),pants on fire,control,0.00641307324404695,0.02699271826709455,0.23758530654783325,0.8122264201567624,-0.04652284540098161,0.05934899188907552,2056,Responded Wave 2,FALSE
2,panel_2_mturk,Panel 2 (MTurk),pants on fire,factcheck,0.02722210345213789,0.02666077417762524,1.0210545001721574,0.3073487446530164,-0.02506283350438594,0.07950704040866173,2056,Responded Wave 2,FALSE
2,panel_3_lucid,Panel 3 (Lucid),mostly false,control,0.01735268964402816,0.01691842610222651,1.0256680816039088,0.3051519909594888,-0.0158236386079529,0.05052901789600923,2387,Responded Wave 1,FALSE
2,panel_3_lucid,Panel 3 (Lucid),mostly false,factcheck,0.00354809623993449,0.01745329598322709,0.20329089951515592,0.8389249956298929,-0.03067708954979578,0.03777328202966477,2387,Responded Wave 1,FALSE
2,panel_3_lucid,Panel 3 (Lucid),mostly false,control,-0.00928230934221936,0.02355432389338194,-0.3940809077872711,0.6935565075490078,-0.05547135650999815,0.03690673782555941,2387,Responded Wave 2,FALSE
2,panel_3_lucid,Panel 3 (Lucid),mostly false,factcheck,-0.01742885616210802,0.02370162673608151,-0.7353443017299605,0.4622020761823275,-0.06390675806331898,0.02904904573910294,2387,Responded Wave 2,FALSE
2,panel_4_mturk,Panel 4 (MTurk),false,control,-0.00836727953320297,0.00790991180022257,-1.0578221027657388,0.2902356238363507,-0.02387770100547113,0.00714314193906518,2579,Responded Wave 1,FALSE
2,panel_4_mturk,Panel 4 (MTurk),false,factcheck,-0.0048517299871387,0.00774811351466231,-0.6261820994178038,0.5312509220137571,-0.02004488374948633,0.01034142377520892,2579,Responded Wave 1,FALSE
2,panel_4_mturk,Panel 4 (MTurk),false,control,0.01335828837755536,0.02339016876817733,0.5711069684853882,0.5679768962906847,-0.03250712517758761,0.05922370193269834,2579,Responded Wave 2,FALSE
2,panel_4_mturk,Panel 4 (MTurk),false,factcheck,0.01482632005612951,0.02361202533288936,0.6279139483845052,0.5301159075562147,-0.03147412854263762,0.06112676865489666,2579,Responded Wave 2,FALSE
2,panel_4_mturk,Panel 4 (MTurk),false,control,0.0210610612184991,0.02392980778336398,0.8801182779721602,0.37887724144375545,-0.02586252198250378,0.06798464441950199,2579,Responded Wave 3,FALSE
2,panel_4_mturk,Panel 4 (MTurk),false,factcheck,0.0073341371863752,0.02416313697253169,0.30352587061491815,0.7615136182067499,-0.04004697754685944,0.05471525191960984,2579,Responded Wave 3,FALSE
2,panel_5_lucid,Panel 5 (Lucid),pants on fire,control,0.0194011594952308,0.01847802207285408,1.049958670832681,0.2938525939341415,-0.01683506123566886,0.05563738022613047,2197,Responded Wave 1,FALSE
2,panel_5_lucid,Panel 5 (Lucid),pants on fire,factcheck,-0.02301230263123754,0.0165482107748269,-1.3906217985961231,0.16448098064941202,-0.05546407782524022,0.00943947256276513,2197,Responded Wave 1,FALSE
2,panel_5_lucid,Panel 5 (Lucid),pants on fire,control,-0.03385010093376195,0.02511382090173655,-1.347867417953168,0.17783999028350822,-0.08309941744629742,0.01539921557877353,2197,Responded Wave 2,FALSE
2,panel_5_lucid,Panel 5 (Lucid),pants on fire,factcheck,0.01426918426965125,0.02145680961717247,0.6650189158704765,0.5061081944059108,-0.02780857093613952,0.05634693947544203,2197,Responded Wave 2,FALSE
2,panel_6_mturk,Panel 6 (MTurk),false,control,0.01880215195432608,0.03048720743773214,0.6167226694254656,0.5375056263482555,-0.04099702615656641,0.07860133006521858,1596,Responded Wave 1,FALSE
2,panel_6_mturk,Panel 6 (MTurk),false,factcheck,0.01371427036320622,0.03031676176214982,0.4523659377212361,0.6510668588147088,-0.04575058682527327,0.07317912755168572,1596,Responded Wave 1,FALSE
2,panel_6_mturk,Panel 6 (MTurk),false,control,0.05347633948177484,0.02824671362476313,1.8931880073614504,0.05851362130719603,-0.00192821872659851,0.1088808976901482,1596,Responded Wave 2,FALSE
2,panel_6_mturk,Panel 6 (MTurk),false,factcheck,0.03447036857941118,0.02835645857580207,1.2156090820461762,0.22431365138033507,-0.02114944902545996,0.09009018618428231,1596,Responded Wave 2,FALSE
2,panel_6_mturk,Panel 6 (MTurk),false,control,0.02905412823891046,0.03038365637133857,0.9562419968097624,0.339094804680513,-0.03054193947968096,0.08865019595750187,1596,Responded Wave 3,FALSE
2,panel_6_mturk,Panel 6 (MTurk),false,factcheck,0.02888593380614644,0.03021205252053337,0.9561063018315076,0.3391633278278433,-0.03037354128552844,0.08814540889782133,1596,Responded Wave 3,FALSE
2,panel_7_lucid,Panel 7 (Lucid),false,control,0.01422347140231291,0.01563136829133261,0.9099313084574712,0.3629506837700124,-0.01642900318053163,0.04487594598515746,2385,Responded Wave 1,FALSE
2,panel_7_lucid,Panel 7 (Lucid),false,factcheck,-0.02125334130828182,0.01648757464376955,-1.2890520144703757,0.1975050134272015,-0.05358480156701858,0.01107811895045493,2385,Responded Wave 1,FALSE
2,panel_7_lucid,Panel 7 (Lucid),false,control,-1.8802537694327903e-4,0.02113876351172152,-0.00889481434611907,0.9929038024588758,-0.04164027697638185,0.04126422622249529,2385,Responded Wave 2,FALSE
2,panel_7_lucid,Panel 7 (Lucid),false,factcheck,-0.00638201443506875,0.02077452285764904,-0.30720389964186046,0.7587149979607342,-0.04712000499331707,0.03435597612317957,2385,Responded Wave 2,FALSE
3,panel_1_lucid,Panel 1 (Lucid),pants on fire,control,0.01421041506140033,0.016633231844941532,0.8543387835793308,0.39300558756696047,-0.01840715170698806,0.04682798182978873,2318,Responded Wave 1,FALSE
3,panel_1_lucid,Panel 1 (Lucid),pants on fire,factcheck,0.00438052398192891,0.01686392620139682,0.25975706544340094,0.7950742394087387,-0.02868943163337255,0.03745047959723038,2318,Responded Wave 1,FALSE
3,panel_1_lucid,Panel 1 (Lucid),pants on fire,control,-0.02156110001158833,0.01998572593776609,-1.078824961311279,0.28077801062019575,-0.06075286720793435,0.01763066718475768,2318,Responded Wave 2,FALSE
3,panel_1_lucid,Panel 1 (Lucid),pants on fire,factcheck,-0.02403404907665791,0.01986894722128907,-1.2096287140420827,0.2265447445501552,-0.06299681462032905,0.01492871646701322,2318,Responded Wave 2,FALSE
3,panel_1_mturk,Panel 1 (MTurk),pants on fire,control,-0.0107793419134313,0.0084370945302628,-1.27761303073791,0.20152800167290372,-0.02732533915443929,0.00576665532757669,2087,Responded Wave 1,FALSE
3,panel_1_mturk,Panel 1 (MTurk),pants on fire,factcheck,-0.00662707186913268,0.00823977811483749,-0.8042779522423322,0.4213280715515983,-0.02278611162690728,0.00953196788864191,2087,Responded Wave 1,FALSE
3,panel_1_mturk,Panel 1 (MTurk),pants on fire,control,1.8419526265661231e-4,0.02646695870813059,0.00695944194751881,0.9944478786873928,-0.05172019246131983,0.05208858298663305,2087,Responded Wave 2,FALSE
3,panel_1_mturk,Panel 1 (MTurk),pants on fire,factcheck,0.01903127130056157,0.02687684530989346,0.7080917079786924,0.4789673811638876,-0.03367694558019017,0.07173948818131332,2087,Responded Wave 2,FALSE
3,panel_2_mturk,Panel 2 (MTurk),false,control,-0.00213369898825558,0.00828276632545124,-0.25760704871018364,0.796735969092169,-0.01837718510259658,0.01410978712608541,2056,Responded Wave 1,FALSE
3,panel_2_mturk,Panel 2 (MTurk),false,factcheck,-0.00170253624557469,0.00833065748241784,-0.20436997309851657,0.8380846207359851,-0.01803994259291761,0.01463487010176822,2056,Responded Wave 1,FALSE
3,panel_2_mturk,Panel 2 (MTurk),false,control,-0.00627508271020302,0.02699552556583362,-0.2324489921450156,0.8162124360212979,-0.05921650680067036,0.0466663413802643,2056,Responded Wave 2,FALSE
3,panel_2_mturk,Panel 2 (MTurk),false,factcheck,-0.01365140681503433,0.02726776734289642,-0.5006426321365355,0.6166762401323829,-0.06712672928578976,0.0398239156557211,2056,Responded Wave 2,FALSE
3,panel_3_lucid,Panel 3 (Lucid),false,control,0.01157324541438178,0.01690343595823163,0.6846682202943389,0.4936197788152423,-0.02157368779016912,0.0447201786189327,2387,Responded Wave 1,FALSE
3,panel_3_lucid,Panel 3 (Lucid),false,factcheck,-0.00779544072241131,0.01794215172020685,-0.4344763573497104,0.663981830980565,-0.04297925223181007,0.02738837078698743,2387,Responded Wave 1,FALSE
3,panel_3_lucid,Panel 3 (Lucid),false,control,-0.00228489099257893,0.02338249744350943,-0.09771800459292604,0.9221644225243572,-0.04813699365565625,0.04356721167049838,2387,Responded Wave 2,FALSE
3,panel_3_lucid,Panel 3 (Lucid),false,factcheck,-0.01394571275687031,0.02399948556023249,-0.5810838203956573,0.5612388230965804,-0.06100770339441364,0.03311627788067302,2387,Responded Wave 2,FALSE
3,panel_4_mturk,Panel 4 (MTurk),false,control,-0.0024620811287425,0.00826550363635705,-0.2978743022884507,0.7658230953228646,-0.01866977703210967,0.01374561477462465,2579,Responded Wave 1,FALSE
3,panel_4_mturk,Panel 4 (MTurk),false,factcheck,0.0072133448945085,0.00756583724443962,0.9534100009631876,0.3404717245836322,-0.00762238620031109,0.0220490759893281,2579,Responded Wave 1,FALSE
3,panel_4_mturk,Panel 4 (MTurk),false,control,0.0204797178130504,0.02377912039679993,0.861247912929801,0.3891815803064601,-0.02614838486488304,0.06710782049098385,2579,Responded Wave 2,FALSE
3,panel_4_mturk,Panel 4 (MTurk),false,factcheck,0.00523142986911194,0.02372177547700174,0.22053281273924116,0.8254736764248566,-0.04128422605874037,0.05174708579696427,2579,Responded Wave 2,FALSE
3,panel_4_mturk,Panel 4 (MTurk),false,control,0.00185537918870431,0.02438079271356583,0.07610003540499956,0.9393454145666852,-0.04595253325916518,0.04966329163657381,2579,Responded Wave 3,FALSE
3,panel_4_mturk,Panel 4 (MTurk),false,factcheck,0.01561170981460199,0.02424188436356783,0.6439973716756199,0.5196344046426316,-0.03192381943748704,0.06314723906669104,2579,Responded Wave 3,FALSE
3,panel_5_lucid,Panel 5 (Lucid),false,control,0.01861788237495931,0.01783663670130024,1.0438000552874478,0.2966927417102688,-0.01636055319876497,0.05359631794868361,2197,Responded Wave 1,FALSE
3,panel_5_lucid,Panel 5 (Lucid),false,factcheck,0.02285206990000876,0.01770901057555701,1.2904204784625568,0.1970404951530849,-0.01187608518128905,0.05758022498130658,2197,Responded Wave 1,FALSE
3,panel_5_lucid,Panel 5 (Lucid),false,control,-0.00193515182707193,0.02361781298726523,-0.0819361144114137,0.9347049794350044,-0.04825073047576998,0.04438042682162611,2197,Responded Wave 2,FALSE
3,panel_5_lucid,Panel 5 (Lucid),false,factcheck,-0.03619474815437851,0.02314548600562095,-1.563792963586442,0.118010216690838,-0.08158407264575712,0.00919457633700009,2197,Responded Wave 2,FALSE
3,panel_6_mturk,Panel 6 (MTurk),false,control,0.01905510161324349,0.03059680155218707,0.6227808348118474,0.533517527053945,-0.04095904003550602,0.07906924326199301,1596,Responded Wave 1,FALSE
3,panel_6_mturk,Panel 6 (MTurk),false,factcheck,-0.00374383368569352,0.03097985868194188,-0.12084734550050737,0.9038271602068956,-0.06450932330803621,0.05702165593664917,1596,Responded Wave 1,FALSE
3,panel_6_mturk,Panel 6 (MTurk),false,control,0.06027655562539739,0.02839618046027077,2.1226994140895323,0.03393263223639052,0.00457882547149743,0.11597428577929736,1596,Responded Wave 2,TRUE
3,panel_6_mturk,Panel 6 (MTurk),false,factcheck,0.02109760394644402,0.02922802199925161,0.7218279754608175,0.47050598417923417,-0.0362317430241536,0.07842695091704165,1596,Responded Wave 2,FALSE
3,panel_6_mturk,Panel 6 (MTurk),false,control,0.02061596480201262,0.03051484552391672,0.6756044295179007,0.4993897024649068,-0.03923742407389569,0.08046935367792094,1596,Responded Wave 3,FALSE
3,panel_6_mturk,Panel 6 (MTurk),false,factcheck,0.01453488372092993,0.0309046352624903,0.4703140353373227,0.638194932343893,-0.04608305881409481,0.07515282625595468,1596,Responded Wave 3,FALSE
3,panel_7_lucid,Panel 7 (Lucid),pants on fire,control,-0.00768913865922837,0.01563730284445971,-0.491717704498678,0.6229641710926807,-0.03835325065829258,0.02297497333983582,2385,Responded Wave 1,FALSE
3,panel_7_lucid,Panel 7 (Lucid),pants on fire,factcheck,-0.00950335068998523,0.01592412247095867,-0.5967896006399598,0.5507045058550957,-0.04072990425828782,0.02172320287831735,2385,Responded Wave 1,FALSE
3,panel_7_lucid,Panel 7 (Lucid),pants on fire,control,-0.03088706557939061,0.02071803199840922,-1.4908300934066607,0.13613834779721884,-0.0715142798706648,0.00974014871188359,2385,Responded Wave 2,FALSE
3,panel_7_lucid,Panel 7 (Lucid),pants on fire,factcheck,0.00922148577833021,0.0216589679438424,0.4257583187823067,0.6703223780798577,-0.03325086545898267,0.0516938370156431,2385,Responded Wave 2,FALSE
