topic_short,panel_factor,wave,covariates,estimate,std.error,p.value,conf.low,conf.high
GOP voters' pens invisible to voting machines,Panel 7 (Lucid),w1,yes,-3.913951713958865,3.7485090520780497,0.2972034663883279,-11.288527046512804,3.4606236185950725
GOP voters' pens invisible to voting machines,Panel 7 (Lucid),w2,yes,-4.846246404654508,3.796310572416794,0.20267205137594144,-12.314863370255392,2.6223705609463765
GOP voters' pens invisible to voting machines,Panel 7 (Lucid),ratio,yes,1.2381978007982837,1.0602741494977808,0.2437450760745943,-0.8477172870407881,3.324112888637355
USPS fails to deliver 27% of mail ballots in South FL,Panel 7 (Lucid),w1,yes,-8.915757347532528,3.8810046767316977,0.02223211633201798,-16.550558337920727,-1.280956357144329
USPS fails to deliver 27% of mail ballots in South FL,Panel 7 (Lucid),w2,yes,0.7125593880731705,3.8154320029428472,0.8519664671053999,-6.793245541633362,8.218364317779702
USPS fails to deliver 27% of mail ballots in South FL,Panel 7 (Lucid),ratio,yes,-0.0799213527575841,0.44367863250247463,0.8571590583963007,-0.9527360863117312,0.792893380796563
Wisconsin has more votes than registered voters,Panel 7 (Lucid),w1,yes,-3.4857303791351844,3.815122719182352,0.3615538551490078,-10.9904276175887,4.018966859318331
Wisconsin has more votes than registered voters,Panel 7 (Lucid),w2,yes,1.3011850509992966,3.6988373390263503,0.7252234586595686,-5.97476815074436,8.577138252742953
Wisconsin has more votes than registered voters,Panel 7 (Lucid),ratio,yes,-0.3732890698568364,1.3410062355250325,0.7809045097250361,-3.0111716579824717,2.2645935182687986
Presidential winner must be announced election night,Panel 6 (MTurk),w1,yes,-8.504106108987587,3.462088876539291,0.01450188180124376,-15.312312778113805,-1.6958994398613694
Presidential winner must be announced election night,Panel 6 (MTurk),w2,yes,-4.587594613123189,3.2342159428881363,0.15691312522303494,-10.947688572864564,1.7724993466181864
Presidential winner must be announced election night,Panel 6 (MTurk),ratio,yes,0.5394564172094329,0.334548681949921,0.10772198040537648,-0.11843442523352787,1.1973472596523935
Sen Coon's daughter's photo on Hunter Biden's laptop,Panel 6 (MTurk),w1,yes,-9.106997569028389,3.060588579035638,0.00312595842482803,-15.126278578128222,-3.087716559928552
Sen Coon's daughter's photo on Hunter Biden's laptop,Panel 6 (MTurk),w2,yes,-1.6830219619184887,2.9540967236823086,0.5692267929985827,-7.492864692726741,4.126820768889763
Sen Coon's daughter's photo on Hunter Biden's laptop,Panel 6 (MTurk),ratio,yes,0.184805359742512,0.29288698676232183,0.528462970740086,-0.3912175298764557,0.7608282493614796
Trump said 'Good' to children's separation,Panel 6 (MTurk),w1,yes,-23.527830811360328,3.2695047843258775,3.501858587594388e-12,-29.957087247070177,-17.09857437565048
Trump said 'Good' to children's separation,Panel 6 (MTurk),w2,yes,-22.79264709640521,3.423780159611299,1.0164745687328244e-10,-29.52527545381416,-16.060018738996263
Trump said 'Good' to children's separation,Panel 6 (MTurk),ratio,yes,0.9687525925849444,0.11215813611554676,1.773577039617406e-16,0.7482013268718469,1.189303858298042
Biden and Obama plotted to have Seal Team 6 murdered,Panel 5 (Lucid),w1,yes,-7.17843185972535,3.686015990646088,0.05249517518013792,-14.434825671300796,0.0779619518500958
Biden and Obama plotted to have Seal Team 6 murdered,Panel 5 (Lucid),w2,yes,-1.6784377092322185,3.9465858449495186,0.6709589549747059,-9.447796598292072,6.090921179827634
Biden and Obama plotted to have Seal Team 6 murdered,Panel 5 (Lucid),ratio,yes,0.23381676416671343,0.5032198655636844,0.6425559626398306,-0.7568358883460876,1.2244694166795145
Joe Biden has never made more than $400k,Panel 5 (Lucid),w1,yes,-2.6156028261501585,3.621108986750029,0.4706280257823062,-9.739960755548044,4.508755103247726
Joe Biden has never made more than $400k,Panel 5 (Lucid),w2,yes,-2.3346076999890255,3.7992644673426783,0.5393313813242392,-9.80947797670101,5.140262576722959
Joe Biden has never made more than $400k,Panel 5 (Lucid),ratio,yes,0.8925696503491979,1.565774799156569,0.5690464155542561,-2.1880170281628724,3.973156328861268
Kamala Harris imprisoned prolife activists,Panel 5 (Lucid),w1,yes,3.8991126015304873,3.545498847512144,0.2722463699178295,-3.0754395643655146,10.87366476742649
Kamala Harris imprisoned prolife activists,Panel 5 (Lucid),w2,yes,1.1098426177931306,3.6565967876986663,0.7616858895809441,-6.08325661656355,8.30294185214981
Kamala Harris imprisoned prolife activists,Panel 5 (Lucid),ratio,yes,0.2846397965930788,0.8751629425667591,0.7452033643680941,-1.436942936644575,2.006222529830733
Hunter Biden's laptop had photos torturing children,Panel 4 (MTurk),w1,yes,-0.610694639271414,1.6305561382646705,0.7080833452123414,-3.8101552218292953,2.588765943286467
Hunter Biden's laptop had photos torturing children,Panel 4 (MTurk),w2,yes,0.9120243651966212,1.6826290742647885,0.5879155435370127,-2.3896131999506163,4.213661930343859
Hunter Biden's laptop had photos torturing children,Panel 4 (MTurk),ratio,yes,-1.4934212723465294,6.145894501943648,0.8080560203370308,-13.55283262414148,10.565990079448422
Trump chose Judge Barrett on basis of looks,Panel 4 (MTurk),w1,yes,-8.960609189708405,1.863104048379966,1.7373169628170922e-6,-12.616501263947342,-5.304717115469469
Trump chose Judge Barrett on basis of looks,Panel 4 (MTurk),w2,yes,-2.8615902975963032,2.0723355114847393,0.1676223132487453,-6.928048624595673,1.2048680294030674
Trump chose Judge Barrett on basis of looks,Panel 4 (MTurk),ratio,yes,0.3193522044107484,0.199313970001623,0.10940391671286344,-0.07175336151168898,0.7104577703331858
WHO: children to be vaccinated without parents' consent,Panel 4 (MTurk),w1,yes,-14.25648728466191,1.848927499501883,2.9521150453438275e-14,-17.884602743298693,-10.628371826025129
WHO: children to be vaccinated without parents' consent,Panel 4 (MTurk),w2,yes,-5.573783894338882,2.041651085292562,0.00644125892740687,-9.580077199883911,-1.5674905887938522
WHO: children to be vaccinated without parents' consent,Panel 4 (MTurk),ratio,yes,0.3909647434915922,0.12543805925640047,0.00187918558884831,0.14482001255316876,0.6371094744300158
Donald Trump claimed his DNA was USA,Panel 3 (Lucid),w1,yes,-8.161036652564958,2.977266430071077,0.00636852501076171,-14.012214404238875,-2.30985890089104
Donald Trump claimed his DNA was USA,Panel 3 (Lucid),w2,yes,-1.9879145266146347,3.6540461507858497,0.5866913603877442,-9.169157469846104,5.193328416616836
Donald Trump claimed his DNA was USA,Panel 3 (Lucid),ratio,yes,0.2435860309474197,0.4263091887961586,0.5680268941047226,-0.5942331227648965,1.081405184659736
Judge Barrett made homophobic and racist statements,Panel 3 (Lucid),w1,yes,-15.52973687356003,2.8125971279589277,5.7494966235622466e-8,-21.057496653762847,-10.001977093357212
Judge Barrett made homophobic and racist statements,Panel 3 (Lucid),w2,yes,-3.0625398583263848,3.1432559766414925,0.3304313758826001,-9.24016259492142,3.1150828782686504
Judge Barrett made homophobic and racist statements,Panel 3 (Lucid),ratio,yes,0.1972048775366239,0.18915893779494009,0.297734717726984,-0.17456012144407096,0.5689698765173188
Obama failed to nominate US judges,Panel 3 (Lucid),w1,yes,-6.045229982794744,3.2856696425894483,0.06647527775297625,-12.5032011520659,0.41274118647641167
Obama failed to nominate US judges,Panel 3 (Lucid),w2,yes,4.342617799153242,3.43388299602868,0.20668622657214925,-2.4066661518427424,11.091901750149226
Obama failed to nominate US judges,Panel 3 (Lucid),ratio,yes,-0.7183544400316856,0.7926338824789344,0.3652910802956133,-2.2762733173544434,0.8395644372910721
Biden wears wire at debate,Panel 2 (MTurk),w1,yes,-6.352880431025215,2.295072128939318,0.00578456128894301,-10.858734642923672,-1.84702621912676
Biden wears wire at debate,Panel 2 (MTurk),w2,yes,-4.440933239150584,2.306995024170849,0.05462585813710338,-8.970195354887707,0.0883288765865391
Biden wears wire at debate,Panel 2 (MTurk),ratio,yes,0.6990424717365399,0.2908960616002962,0.01651094649295236,0.12793395281076148,1.2701509906623183
Trump holds Bible upside down,Panel 2 (MTurk),w1,yes,-19.46148052573809,2.4987171383111,2.4473367851416043e-14,-24.367358585815595,-14.55560246566058
Trump holds Bible upside down,Panel 2 (MTurk),w2,yes,-21.09638863988469,2.547881653197419,6.243712308318077e-16,-26.09879427854125,-16.093983001228132
Trump holds Bible upside down,Panel 2 (MTurk),ratio,yes,1.0840073863848276,0.11999966029649577,1.5992690381125175e-18,0.8484050080126837,1.3196097647569716
Trump responsible for all Covid deaths,Panel 2 (MTurk),w1,yes,-7.848145409591339,2.5881468842729465,0.00251316943663082,-12.929302675545348,-2.766988143637331
Trump responsible for all Covid deaths,Panel 2 (MTurk),w2,yes,-3.942380214331408,2.700932849035723,0.14482314374978986,-9.244963562334464,1.360203133671651
Trump responsible for all Covid deaths,Panel 2 (MTurk),ratio,yes,0.5023327179326845,0.2858373771587338,0.07927042213293618,-0.05883507152194511,1.0635005073873145
A black man invented the light bulb,Panel 1 (MTurk),w1,yes,1.3372849766909027,2.223516241671261,0.5477571636721994,-3.028566698151918,5.703136651533724
A black man invented the light bulb,Panel 1 (MTurk),w2,yes,4.982024009187677,2.4100596021148744,0.03909852816449701,0.2498963308867408,9.714151687488611
A black man invented the light bulb,Panel 1 (MTurk),ratio,yes,3.725476690477424,5.367122225577517,0.4878403081944456,-6.812813571801704,14.263766952756551
Antifa start West Coast wildfires,Panel 1 (MTurk),w1,yes,-1.1670714449168014,2.2158588784118507,0.598588611192258,-5.518189476694705,3.1840465868611023
Antifa start West Coast wildfires,Panel 1 (MTurk),w2,yes,-0.17362482375216504,2.3386548361711608,0.9408412437458952,-4.765868186769085,4.418618539264754
Antifa start West Coast wildfires,Panel 1 (MTurk),ratio,yes,0.14876966145082526,1.819285907013968,0.9348519166784148,-3.423627386072975,3.721166708974626
SARS-CoV-2 man made virus created in the lab,Panel 1 (MTurk),w1,yes,-0.05433132937992779,2.3768836102702635,0.9817703074380728,-4.7215355277140025,4.612872868954146
SARS-CoV-2 man made virus created in the lab,Panel 1 (MTurk),w2,yes,0.09044678787931312,2.3789441882046503,0.9696835097258226,-4.58080352274432,4.761697098502946
SARS-CoV-2 man made virus created in the lab,Panel 1 (MTurk),ratio,yes,-1.664726207091132,106.1304568121656,0.9874899296460082,-210.06050606966951,206.73105365548727
A black man invented the light bulb,Panel 1 (Lucid),w1,yes,3.3633633513884003,4.150323220856792,0.4184401316964312,-4.808160817643643,11.534887520420444
A black man invented the light bulb,Panel 1 (Lucid),w2,yes,0.751445183296174,4.405941603854409,0.8647046703340677,-7.923363111708762,9.42625347830111
A black man invented the light bulb,Panel 1 (Lucid),ratio,yes,0.22342075618609683,1.193835272515727,0.8516887774860706,-2.12710792894877,2.5739494413209636
Antifa start West Coast wildfires,Panel 1 (Lucid),w1,yes,-2.186162377645144,3.3806239476021114,0.5183841291755613,-8.841460262380512,4.469135507090223
Antifa start West Coast wildfires,Panel 1 (Lucid),w2,yes,-0.7905669559661515,3.483154214565628,0.8206173328757863,-7.647712037970429,6.0665781260381255
Antifa start West Coast wildfires,Panel 1 (Lucid),ratio,yes,0.3616231639747194,1.4946813116186133,0.8090076492162586,-2.5808955916605156,3.3041419196099544
SARS-CoV-2 man made virus created in the lab,Panel 1 (Lucid),w1,yes,1.8956699242034083,4.464271021160314,0.6714606224743693,-6.895539964014889,10.686879812421706
SARS-CoV-2 man made virus created in the lab,Panel 1 (Lucid),w2,yes,-1.5482935116899668,4.427880346284897,0.7268733115576325,-10.267841518430345,7.17125449505041
SARS-CoV-2 man made virus created in the lab,Panel 1 (Lucid),ratio,yes,-0.8167526909201775,3.827831038066571,0.831205836969172,-8.354661100327949,6.721155718487594
Meta-analysis,Meta-analysis,w1,yes,-6.287094734487165,1.4251561701535589,1.026508687993829e-5,-9.080349500333178,-3.4938399686411534
Meta-analysis,Meta-analysis,w2,yes,-2.9466408475318038,1.34467235497207,0.028426846385194472,-5.582150234283719,-0.3111314607798885
Meta-analysis,Meta-analysis,ratio,yes,0.4894452329309005,0.11003083916989784,8.65707098017726e-6,0.27378875096918176,0.7051017148926192
