topic_short,panel_factor,lucid_pid_3,covariates,Average Effect of Misinformation versus Control,Average Effect of Correction versus Misinformation
GOP voters' pens invisible to voting machines,Panel 7 (Lucid),Republican,no,"16.55 (3.01)* [10.65, 22.45]","-14.76 (3.07)* [-20.78, -8.74]"
GOP voters' pens invisible to voting machines,Panel 7 (Lucid),Republican,yes,"17.40 (3.00)* [11.51, 23.29]","-14.81 (3.06)* [-20.82, -8.79]"
USPS fails to deliver 27% of mail ballots in South FL,Panel 7 (Lucid),Republican,no,"7.03 (3.03)* [1.07, 12.98]","-14.90 (3.26)* [-21.30, -8.49]"
USPS fails to deliver 27% of mail ballots in South FL,Panel 7 (Lucid),Republican,yes,"4.38 (2.94) [-1.39, 10.15]","-11.86 (3.05)* [-17.85, -5.86]"
Wisconsin has more votes than registered voters,Panel 7 (Lucid),Republican,no,"5.19 (3.01) [-0.73, 11.10]","-20.61 (3.19)* [-26.86, -14.35]"
Wisconsin has more votes than registered voters,Panel 7 (Lucid),Republican,yes,"5.16 (2.97) [-0.67, 11.00]","-19.71 (3.13)* [-25.85, -13.57]"
Presidential winner must be announced election night,Panel 6 (MTurk),Republican,no,"-2.57 (5.02) [-12.44, 7.30]","-6.12 (5.31) [-16.57, 4.33]"
Presidential winner must be announced election night,Panel 6 (MTurk),Republican,yes,"-1.31 (3.97) [-9.12, 6.50]","-3.13 (4.27) [-11.52, 5.27]"
Sen Coon's daughter's photo on Hunter Biden's laptop,Panel 6 (MTurk),Republican,no,"-6.60 (4.52) [-15.49, 2.29]","-1.97 (4.84) [-11.50, 7.56]"
Sen Coon's daughter's photo on Hunter Biden's laptop,Panel 6 (MTurk),Republican,yes,"-6.10 (4.07) [-14.10, 1.90]","-2.92 (4.00) [-10.80, 4.95]"
Trump said 'Good' to children's separation,Panel 6 (MTurk),Republican,no,"-15.72 (4.77)* [-25.09, -6.34]","-5.61 (5.38) [-16.19, 4.97]"
Trump said 'Good' to children's separation,Panel 6 (MTurk),Republican,yes,"-10.25 (3.72)* [-17.56, -2.94]","-4.98 (4.21) [-13.26, 3.31]"
Biden and Obama plotted to have Seal Team 6 murdered,Panel 5 (Lucid),Republican,no,"11.13 (3.48)* [4.29, 17.96]","-11.81 (2.79)* [-17.28, -6.34]"
Biden and Obama plotted to have Seal Team 6 murdered,Panel 5 (Lucid),Republican,yes,"14.59 (3.17)* [8.37, 20.82]","-13.72 (2.56)* [-18.74, -8.71]"
Joe Biden has never made more than $400k,Panel 5 (Lucid),Republican,no,"2.78 (3.11) [-3.32, 8.88]","-10.87 (3.21)* [-17.17, -4.58]"
Joe Biden has never made more than $400k,Panel 5 (Lucid),Republican,yes,"2.68 (2.82) [-2.87, 8.22]","-10.06 (2.92)* [-15.80, -4.33]"
Kamala Harris imprisoned prolife activists,Panel 5 (Lucid),Republican,no,"12.27 (2.75)* [6.87, 17.66]","-10.73 (2.87)* [-16.36, -5.10]"
Kamala Harris imprisoned prolife activists,Panel 5 (Lucid),Republican,yes,"12.45 (2.70)* [7.14, 17.75]","-10.94 (2.82)* [-16.49, -5.40]"
Hunter Biden's laptop had photos torturing children,Panel 4 (MTurk),Republican,no,"3.63 (3.10) [-2.45, 9.71]","-6.88 (3.06)* [-12.89, -0.87]"
Hunter Biden's laptop had photos torturing children,Panel 4 (MTurk),Republican,yes,"3.68 (2.55) [-1.32, 8.67]","-4.53 (2.48) [-9.39, 0.33]"
Trump chose Judge Barrett on basis of looks,Panel 4 (MTurk),Republican,no,"9.32 (3.13)* [3.19, 15.46]","-17.12 (3.04)* [-23.08, -11.15]"
Trump chose Judge Barrett on basis of looks,Panel 4 (MTurk),Republican,yes,"8.41 (2.58)* [3.34, 13.48]","-16.11 (2.61)* [-21.24, -10.99]"
WHO: children to be vaccinated without parents' consent,Panel 4 (MTurk),Republican,no,"-1.19 (2.92) [-6.92, 4.54]","-6.56 (3.22)* [-12.89, -0.24]"
WHO: children to be vaccinated without parents' consent,Panel 4 (MTurk),Republican,yes,"-0.79 (2.53) [-5.77, 4.18]","-7.47 (2.65)* [-12.67, -2.26]"
Donald Trump claimed his DNA was USA,Panel 3 (Lucid),Republican,no,"-4.02 (3.14) [-10.19, 2.15]","-10.62 (3.08)* [-16.67, -4.57]"
Donald Trump claimed his DNA was USA,Panel 3 (Lucid),Republican,yes,"-3.73 (3.02) [-9.65, 2.20]","-10.91 (2.76)* [-16.33, -5.50]"
Judge Barrett made homophobic and racist statements,Panel 3 (Lucid),Republican,no,"-4.32 (2.98) [-10.17, 1.52]","-8.51 (2.86)* [-14.13, -2.90]"
Judge Barrett made homophobic and racist statements,Panel 3 (Lucid),Republican,yes,"-0.95 (2.57) [-6.00, 4.11]","-9.12 (2.45)* [-13.94, -4.30]"
Obama failed to nominate US judges,Panel 3 (Lucid),Republican,no,"11.51 (2.79)* [6.04, 16.98]","-18.00 (2.97)* [-23.83, -12.18]"
Obama failed to nominate US judges,Panel 3 (Lucid),Republican,yes,"11.36 (2.66)* [6.15, 16.58]","-17.35 (2.91)* [-23.07, -11.63]"
Biden wears wire at debate,Panel 2 (MTurk),Republican,no,"-1.72 (2.91) [-7.44, 3.99]","-5.32 (3.03) [-11.27, 0.63]"
Biden wears wire at debate,Panel 2 (MTurk),Republican,yes,"2.03 (2.56) [-2.99, 7.05]","-5.35 (2.41)* [-10.08, -0.62]"
Trump holds Bible upside down,Panel 2 (MTurk),Republican,no,"1.78 (2.74) [-3.60, 7.15]","-11.73 (3.06)* [-17.74, -5.72]"
Trump holds Bible upside down,Panel 2 (MTurk),Republican,yes,"1.87 (2.37) [-2.78, 6.53]","-11.84 (2.59)* [-16.93, -6.75]"
Trump responsible for all Covid deaths,Panel 2 (MTurk),Republican,no,"-0.76 (3.47) [-7.56, 6.05]","1.39 (3.46) [-5.40, 8.18]"
Trump responsible for all Covid deaths,Panel 2 (MTurk),Republican,yes,"-2.15 (2.64) [-7.34, 3.04]","-0.78 (2.52) [-5.72, 4.16]"
A black man invented the light bulb,Panel 1 (MTurk),Republican,no,"4.52 (2.86) [-1.09, 10.12]","-1.36 (2.81) [-6.87, 4.15]"
A black man invented the light bulb,Panel 1 (MTurk),Republican,yes,"2.85 (2.00) [-1.08, 6.77]","-0.98 (1.94) [-4.80, 2.83]"
Antifa start West Coast wildfires,Panel 1 (MTurk),Republican,no,"6.24 (2.60)* [1.13, 11.34]","-4.58 (2.56) [-9.60, 0.44]"
Antifa start West Coast wildfires,Panel 1 (MTurk),Republican,yes,"5.39 (2.01)* [1.45, 9.33]","-5.59 (1.96)* [-9.44, -1.73]"
SARS-CoV-2 man made virus created in the lab,Panel 1 (MTurk),Republican,no,"0.31 (2.21) [-4.02, 4.64]","0.19 (2.22) [-4.16, 4.54]"
SARS-CoV-2 man made virus created in the lab,Panel 1 (MTurk),Republican,yes,"0.64 (2.01) [-3.30, 4.57]","-0.13 (1.94) [-3.94, 3.69]"
A black man invented the light bulb,Panel 1 (Lucid),Republican,no,"4.24 (3.10) [-1.83, 10.32]","2.55 (3.19) [-3.71, 8.81]"
A black man invented the light bulb,Panel 1 (Lucid),Republican,yes,"4.56 (2.71) [-0.76, 9.87]","-1.63 (2.65) [-6.84, 3.58]"
Antifa start West Coast wildfires,Panel 1 (Lucid),Republican,no,"8.10 (3.26)* [1.71, 14.49]","-13.43 (3.14)* [-19.60, -7.26]"
Antifa start West Coast wildfires,Panel 1 (Lucid),Republican,yes,"9.80 (2.90)* [4.12, 15.49]","-15.27 (2.75)* [-20.67, -9.87]"
SARS-CoV-2 man made virus created in the lab,Panel 1 (Lucid),Republican,no,"5.56 (3.05) [-0.43, 11.54]","-10.21 (3.01)* [-16.12, -4.31]"
SARS-CoV-2 man made virus created in the lab,Panel 1 (Lucid),Republican,yes,"5.72 (2.99) [-0.14, 11.58]","-9.05 (2.88)* [-14.71, -3.39]"
Meta-analysis,Meta-analysis,Republican,no,"3.39 (1.35)* [0.75, 6.03]","-8.76 (1.29)* [-11.29, -6.23]"
Meta-analysis,Meta-analysis,Republican,yes,"3.79 (1.26)* [1.32, 6.26]","-8.64 (1.18)* [-10.95, -6.33]"
