object,rows_deposited,rows_rewrite,rows_matched,max_abs_difference_estimate,max_abs_difference_std_error,max_abs_difference_p_value,max_abs_difference_interval,cells_missing_on_one_side,max_abs_difference_estimate_archive_spec
ft_targets_ates_w1_PID_adj,138,132,132,28.702508769081806,12.400561377781663,0.8837937633300532,58.36569832809483,0,6.855627177060342e-13
ates_w1_p3_adj,6,6,6,12.873239571737313,0.25313025478415785,0.6436555883681381,13.123506443253634,0,1.5520917884259688e-13
persistence_meta,30,30,30,7.414705556767251,2.4958548699324936,0.435502698620104,10.737893149960803,0,NA
ates_w3_p3_adj,6,6,6,7.06102333349523,0.10738248148003615,0.7014624396389328,7.086385792809585,0,1.5404344466674047e-13
ft_targets_ates_w1_all_adj,46,44,44,4.6340925927909975,2.0818772137350345,0.887766461139238,8.828160048037056,0,3.5227376571356217e-13
ft_targets_meta_w1_PID_adj,6,6,6,2.956930765640539,0.8358813981997167,0.7225035478889505,4.595228201458966,0,NA
meta_trait_cates_w2_p2_adj,18,18,18,1.7930354609695425,0.2948644854279343,0.6392687869566159,2.1407446213517307,0,NA
iv_p3_adj,6,6,6,1.4617805253314722,0.8593347766040085,0.7673421332571488,3.1484417768620374,0,5.635492072997295e-13
ft_targets_meta_w1_all_adj,2,2,2,0.606945197944095,0.2676487862391392,0.009606970678537344,1.1315271794786672,0,NA
meta_trait_cates_w1_all_adj,36,36,36,0.5175078842421286,0.08584976955306756,8.534096280527506e-5,0.6857703406472035,0,NA
meta_trait_dic_w1_all_adj,18,18,18,0.26004950311562247,0.03030056047008023,0.13351871648492253,0.31943751034835755,0,NA
iv_p2_adj,24,24,24,1.2915246649924939e-10,1.1036279090603784e-7,1.3978374013845496e-11,2.1683547402062686e-7,0,NA
trait_cates_w1_all_adj,864,864,864,1.6502355038028327e-12,7.30526750203353e-13,8.085199176832703e-14,23.256121928075075,30,NA
diff_in_cates_w1_all_adj,48,48,48,1.5925039065223245e-12,9.725553695716371e-14,1.6553425297161084e-13,1.6611156894441592e-12,0,NA
ft_ates_w1_all_adj,702,702,702,1.5689671784002712e-12,7.114309141798003e-12,5.822009541134321e-13,66.00213857070742,0,NA
iv_p2_noadj,24,24,24,7.59170504238682e-13,5.683009618451251e-12,7.003009283579331e-13,1.1358913809544902e-11,0,NA
ates_w1_all_noadj,48,48,48,6.679101716144942e-13,4.085620730620576e-14,5.084821452783217e-14,13.337989849595333,0,NA
trait_cates_w2_p2_adj,432,432,432,6.137312880127865e-13,3.0100366643637244e-12,1.1324274851176597e-13,6.093792137562559e-12,195,NA
meta_ft_ates_w1_all_adj,84,84,84,4.694022948115162e-13,4.667377595524158e-13,3.6903813338540203e-13,1.2745360322696797e-12,0,NA
cates_w1_all_adj,96,96,96,3.9745984281580604e-13,8.570921750106208e-14,5.764833055366125e-14,16.499525768151685,0,NA
cates_w1_all_noadj,96,96,96,3.1796787425264483e-13,6.439293542825908e-14,3.7969627442180354e-14,19.743838625156556,0,NA
cates_w2_p2_adj,48,48,48,2.7861046802968303e-13,1.3393730569077889e-12,1.2312373343092986e-13,2.9132252166164108e-12,0,NA
ates_w1_all_adj,48,48,48,2.7267077484793845e-13,1.532107773982716e-14,6.578071420904053e-14,10.859888185694032,0,NA
cates_w1_p2_adj,48,48,48,2.250977182427505e-13,9.401368572525826e-13,6.294964549624638e-14,2.0747847884194925e-12,0,NA
ates_w1_p2_adj,24,24,24,1.6786572132332367e-13,3.552713678800501e-14,4.6629367034256575e-14,2.3714363805993344e-13,0,NA
ates_w2_p2_adj,24,24,24,1.64923630308067e-13,1.5054624213917123e-13,5.728750807065808e-14,3.232969447708456e-13,0,NA
ates_w1_p2_noadj,24,24,24,1.376676550535194e-13,1.3322676295501878e-14,2.4202861936828413e-14,1.5631940186722204e-13,0,NA
ates_w2_p2_noadj,24,24,24,1.0835776720341528e-13,1.6431300764452317e-14,3.83026943495679e-14,1.2256862191861728e-13,0,NA
ates_w1_p3_noadj,6,6,6,1.0480505352461478e-13,1.2434497875801753e-14,2.1760371282653068e-14,1.2789769243681803e-13,0,NA
iv_p3_noadj,6,6,6,1.010858063921205e-13,1.3016254740705335e-12,2.6739721548096895e-13,2.595257342363766e-12,0,NA
ates_w3_p3_noadj,6,6,6,9.592326932761353e-14,1.4654943925052066e-14,1.6264767310758543e-14,1.2434497875801753e-13,0,NA
cates_w3_p3_adj,12,12,12,8.615330671091215e-14,6.217248937900877e-14,1.3100631690576847e-14,1.270095140171179e-13,0,NA
cates_w1_p3_adj,12,12,12,8.171241461241152e-14,2.7533531010703882e-14,1.454392162258955e-14,1.0302869668521453e-13,0,NA
cates_w2_p3_adj,12,12,12,7.72715225139109e-14,5.595524044110789e-14,1.887379141862766e-14,1.1723955140041653e-13,0,NA
