fc,panel,panel_factor,rating,term,estimate,std.error,statistic,p.value,conf.low,conf.high,df,outcome
1,panel_1_lucid,Panel 1 (Lucid),mostly false,control,0.010210311326068878,0.01719534551424674,0.5937834350353356,0.5527149078227018,-0.02350955355918021,0.04393017621131797,2318,Responded Wave 1
1,panel_1_lucid,Panel 1 (Lucid),mostly false,factcheck,0.027371673474288708,0.016500003677022156,1.6588889317889304,0.09727346089360887,-0.004984634465806385,0.059727981414383804,2318,Responded Wave 1
1,panel_1_lucid,Panel 1 (Lucid),mostly false,control,-0.012137073939728349,0.01953492463105169,-0.6213012933992023,0.5344624945436831,-0.05044482521793482,0.026170677338478124,2318,Responded Wave 2
1,panel_1_lucid,Panel 1 (Lucid),mostly false,factcheck,0.014313046780293923,0.019852607985235936,0.72096556739237,0.4710034038510277,-0.02461767771880597,0.053243771279393816,2318,Responded Wave 2
1,panel_1_mturk,Panel 1 (MTurk),mostly false,control,-0.004574314574319597,0.008625622854321786,-0.5303170161245435,0.5959485689890525,-0.021490034960960604,0.012341405812321408,2087,Responded Wave 1
1,panel_1_mturk,Panel 1 (MTurk),mostly false,factcheck,-0.0029739700758517713,0.008485180888363725,-0.35048988524571917,0.7260064508522973,-0.019614269537323713,0.013666329385620169,2087,Responded Wave 1
1,panel_1_mturk,Panel 1 (MTurk),mostly false,control,0.004920634920635464,0.02680667742625256,0.18356004522278255,0.8543764410955732,-0.04764997563071396,0.057491245471984885,2087,Responded Wave 2
1,panel_1_mturk,Panel 1 (MTurk),mostly false,factcheck,0.016443943431031893,0.02676927753207541,0.6142841700276923,0.5390945180017411,-0.036053322138386905,0.0689412090004507,2087,Responded Wave 2
1,panel_2_mturk,Panel 2 (MTurk),pants on fire,control,0.02605531295487673,0.007569596723762226,3.442100537943423,5.887619685091829e-4,0.011210436926469126,0.04090018898328433,2056,Responded Wave 1
1,panel_2_mturk,Panel 2 (MTurk),pants on fire,factcheck,0.008406647116324578,0.009080601352545955,0.9257808805765471,0.35466851607338057,-0.009401488014411541,0.026214782247060697,2056,Responded Wave 1
1,panel_2_mturk,Panel 2 (MTurk),pants on fire,control,0.045971773938358176,0.026801100245145912,1.715294279632582,0.08644195990166642,-0.006588359062541321,0.09853190693925767,2056,Responded Wave 2
1,panel_2_mturk,Panel 2 (MTurk),pants on fire,factcheck,-0.02606995622423307,0.026997189507951817,-0.965654451421855,0.3343306868309548,-0.07901464350233965,0.026874731053873512,2056,Responded Wave 2
1,panel_3_lucid,Panel 3 (Lucid),pants on fire,control,-0.019350759356247943,0.017582612629898898,-1.1005622294915571,0.2711982036423266,-0.05382952969885011,0.015128010986354225,2387,Responded Wave 1
1,panel_3_lucid,Panel 3 (Lucid),pants on fire,factcheck,-0.018249414218204883,0.01702995779375168,-1.0716065441395646,0.28400512551118506,-0.051644451467475636,0.015145623031065869,2387,Responded Wave 1
1,panel_3_lucid,Panel 3 (Lucid),pants on fire,control,-0.022191847593596263,0.02409925232307742,-0.9208521200612257,0.35722069322467476,-0.0694494766937709,0.025065781506578372,2387,Responded Wave 2
1,panel_3_lucid,Panel 3 (Lucid),pants on fire,factcheck,-7.805371914603628e-4,0.023607880118637622,-0.03306257010531645,0.9736274554073244,-0.04707460588418971,0.04551353150126898,2387,Responded Wave 2
1,panel_4_mturk,Panel 4 (MTurk),pants on fire,control,-0.005930388107393558,0.007587013964335184,-0.7816498210324846,0.43449214919043555,-0.020807644298734596,0.008946868083947481,2579,Responded Wave 1
1,panel_4_mturk,Panel 4 (MTurk),pants on fire,factcheck,-0.005081977209619447,0.007371017539500904,-0.689453956985639,0.4905996648084464,-0.0195356894133286,0.009371734994089706,2579,Responded Wave 1
1,panel_4_mturk,Panel 4 (MTurk),pants on fire,control,0.02037165813483539,0.02365664869443485,0.8611388027936416,0.38924165279946543,-0.026016291710792738,0.06675960798046351,2579,Responded Wave 2
1,panel_4_mturk,Panel 4 (MTurk),pants on fire,factcheck,-0.0026116977592362408,0.023354318718168267,-0.11182932761830024,0.9109674358159461,-0.04840681351593514,0.04318341799746266,2579,Responded Wave 2
1,panel_4_mturk,Panel 4 (MTurk),pants on fire,control,0.035808540764258316,0.024308739254821292,1.4730727245410806,0.14085345851090092,-0.011858083191161613,0.08347516471967825,2579,Responded Wave 3
1,panel_4_mturk,Panel 4 (MTurk),pants on fire,factcheck,-5.682680668400191e-4,0.023854395536432534,-0.023822362883692026,0.9809961450672051,-0.04734397658053671,0.04620744044685668,2579,Responded Wave 3
1,panel_5_lucid,Panel 5 (Lucid),false,control,0.011404094348018853,0.017967277684468132,0.6347146489463542,0.5256806266972521,-0.02383053398724174,0.04663872268327945,2197,Responded Wave 1
1,panel_5_lucid,Panel 5 (Lucid),false,factcheck,-0.0055856103673817825,0.01825241521919353,-0.30602034307811343,0.7596181513293165,-0.041379406053251466,0.0302081853184879,2197,Responded Wave 1
1,panel_5_lucid,Panel 5 (Lucid),false,control,-0.015520694259012584,0.02333426167165024,-0.6651461476438878,0.5060268363804075,-0.06128021620312122,0.030238827685096052,2197,Responded Wave 2
1,panel_5_lucid,Panel 5 (Lucid),false,factcheck,0.026109481019621933,0.023644003829245544,1.1042749446405862,0.26959481440557964,-0.020257459031686464,0.07247642107093033,2197,Responded Wave 2
1,panel_6_mturk,Panel 6 (MTurk),pants on fire,control,-0.019116110393999828,0.030428481132785394,-0.6282308443388925,0.529942612597005,-0.07880009970721454,0.04056787891921487,1596,Responded Wave 1
1,panel_6_mturk,Panel 6 (MTurk),pants on fire,factcheck,0.009756749532211674,0.03106047662005664,0.3141210500907594,0.7534701558585838,-0.051166868264057856,0.07068036732848121,1596,Responded Wave 1
1,panel_6_mturk,Panel 6 (MTurk),pants on fire,control,0.032485094351227234,0.028456582082254524,1.1415669758697016,0.25380530417644986,-0.023331110653430062,0.08830129935588453,1596,Responded Wave 2
1,panel_6_mturk,Panel 6 (MTurk),pants on fire,factcheck,0.044506816359264324,0.028872806132792,1.5414787241173677,0.12339855375897797,-0.012125791924800025,0.10113942464332867,1596,Responded Wave 2
1,panel_6_mturk,Panel 6 (MTurk),pants on fire,control,0.020283975659230524,0.03033808137451246,0.6685978394227474,0.5038487381421279,-0.03922269891444348,0.07979065023290453,1596,Responded Wave 3
1,panel_6_mturk,Panel 6 (MTurk),pants on fire,factcheck,0.02358994921143874,0.03095774532449915,0.762004757264098,0.44616975465524866,-0.03713216613324836,0.08431206455612583,1596,Responded Wave 3
1,panel_7_lucid,Panel 7 (Lucid),pants on fire,control,0.003984842928736816,0.015681893135369496,0.25410471135970575,0.7994365681725539,-0.026766708809016902,0.03473639466649053,2385,Responded Wave 1
1,panel_7_lucid,Panel 7 (Lucid),pants on fire,factcheck,-0.001723029445801815,0.016061107090142357,-0.10727961877916493,0.9145761761937208,-0.03321820425566883,0.029772145364065198,2385,Responded Wave 1
1,panel_7_lucid,Panel 7 (Lucid),pants on fire,control,0.03529519618628502,0.020693384156130798,1.7056270699844989,0.08820774382290517,-0.005283684693295439,0.07587407706586549,2385,Responded Wave 2
1,panel_7_lucid,Panel 7 (Lucid),pants on fire,factcheck,0.02442458531567384,0.02079627460328327,1.1744692634428735,0.24032436816596017,-0.016356059527072114,0.0652052301584198,2385,Responded Wave 2
2,panel_1_lucid,Panel 1 (Lucid),false,control,0.033464388507057234,0.017065487285350428,1.9609395235836107,0.05000565004465375,-8.259596240289824e-7,0.0669296029737385,2318,Responded Wave 1
2,panel_1_lucid,Panel 1 (Lucid),false,factcheck,0.03023074187571916,0.017139791759648717,1.7637753305083763,0.07790152608778173,-0.003380182767685907,0.06384166651912422,2318,Responded Wave 1
2,panel_1_lucid,Panel 1 (Lucid),false,control,-0.0025344554255609815,0.01968459240984879,-0.12875325903588014,0.8975640611819857,-0.041135703410450794,0.036066792559328834,2318,Responded Wave 2
2,panel_1_lucid,Panel 1 (Lucid),false,factcheck,0.00920177025180908,0.019897090650746865,0.4624681272919505,0.6437890599886604,-0.029816184217140593,0.04821972472075875,2318,Responded Wave 2
2,panel_1_mturk,Panel 1 (MTurk),false,control,0.006584362139915667,0.008406402155711342,0.7832556684719426,0.4335658628080903,-0.00990144424477006,0.023070168524601392,2087,Responded Wave 1
2,panel_1_mturk,Panel 1 (MTurk),false,factcheck,-0.0018056605358097182,0.009041625286637092,-0.19970530502722356,0.8417305201268896,-0.019537203842610328,0.015925882770990895,2087,Responded Wave 1
2,panel_1_mturk,Panel 1 (MTurk),false,control,-0.005980795610424111,0.026725641006716996,-0.22378492657747473,0.8229465626621411,-0.05839248553225502,0.046430894311406797,2087,Responded Wave 2
2,panel_1_mturk,Panel 1 (MTurk),false,factcheck,-0.012433662471451433,0.026610489992668043,-0.4672466562952154,0.6403721948831695,-0.06461952958734847,0.03975220464444561,2087,Responded Wave 2
2,panel_2_mturk,Panel 2 (MTurk),pants on fire,control,0.018252103195074074,0.00824827331926122,2.2128392802469445,0.027018212163982116,0.0020762619526362956,0.03442794443751185,2056,Responded Wave 1
2,panel_2_mturk,Panel 2 (MTurk),pants on fire,factcheck,0.010115139113703715,0.008862047202782176,1.1413998235676448,0.25383649961147886,-0.0072643854348394855,0.027494663662246916,2056,Responded Wave 1
2,panel_2_mturk,Panel 2 (MTurk),pants on fire,control,0.006413073244046957,0.02699271826709455,0.23758530654783325,0.8122264201567624,-0.04652284540098161,0.05934899188907552,2056,Responded Wave 2
2,panel_2_mturk,Panel 2 (MTurk),pants on fire,factcheck,0.027222103452137898,0.02666077417762524,1.0210545001721574,0.3073487446530164,-0.02506283350438594,0.07950704040866173,2056,Responded Wave 2
2,panel_3_lucid,Panel 3 (Lucid),mostly false,control,0.017352689644028165,0.016918426102226516,1.0256680816039088,0.3051519909594888,-0.015823638607952908,0.050529017896009235,2387,Responded Wave 1
2,panel_3_lucid,Panel 3 (Lucid),mostly false,factcheck,0.003548096239934494,0.017453295983227094,0.20329089951515594,0.8389249956298929,-0.030677089549795786,0.037773282029664776,2387,Responded Wave 1
2,panel_3_lucid,Panel 3 (Lucid),mostly false,control,-0.009282309342219368,0.023554323893381947,-0.3940809077872711,0.6935565075490078,-0.05547135650999815,0.036906737825559414,2387,Responded Wave 2
2,panel_3_lucid,Panel 3 (Lucid),mostly false,factcheck,-0.01742885616210802,0.02370162673608151,-0.7353443017299605,0.46220207618232756,-0.06390675806331898,0.02904904573910294,2387,Responded Wave 2
2,panel_4_mturk,Panel 4 (MTurk),false,control,-0.008367279533202973,0.007909911800222573,-1.0578221027657388,0.2902356238363507,-0.02387770100547113,0.007143141939065187,2579,Responded Wave 1
2,panel_4_mturk,Panel 4 (MTurk),false,factcheck,-0.004851729987138706,0.007748113514662314,-0.6261820994178038,0.5312509220137571,-0.020044883749486334,0.01034142377520892,2579,Responded Wave 1
2,panel_4_mturk,Panel 4 (MTurk),false,control,0.013358288377555363,0.023390168768177334,0.5711069684853882,0.5679768962906847,-0.032507125177587616,0.059223701932698346,2579,Responded Wave 2
2,panel_4_mturk,Panel 4 (MTurk),false,factcheck,0.014826320056129518,0.02361202533288936,0.6279139483845052,0.5301159075562147,-0.03147412854263762,0.06112676865489666,2579,Responded Wave 2
2,panel_4_mturk,Panel 4 (MTurk),false,control,0.021061061218499103,0.02392980778336398,0.8801182779721602,0.37887724144375545,-0.025862521982503783,0.06798464441950199,2579,Responded Wave 3
2,panel_4_mturk,Panel 4 (MTurk),false,factcheck,0.0073341371863752,0.024163136972531696,0.30352587061491815,0.7615136182067499,-0.040046977546859444,0.05471525191960984,2579,Responded Wave 3
2,panel_5_lucid,Panel 5 (Lucid),pants on fire,control,0.019401159495230805,0.01847802207285408,1.0499586708326807,0.2938525939341415,-0.01683506123566886,0.055637380226130476,2197,Responded Wave 1
2,panel_5_lucid,Panel 5 (Lucid),pants on fire,factcheck,-0.02301230263123754,0.016548210774826905,-1.3906217985961233,0.16448098064941202,-0.05546407782524022,0.009439472562765137,2197,Responded Wave 1
2,panel_5_lucid,Panel 5 (Lucid),pants on fire,control,-0.03385010093376195,0.025113820901736555,-1.347867417953168,0.17783999028350822,-0.08309941744629742,0.01539921557877353,2197,Responded Wave 2
2,panel_5_lucid,Panel 5 (Lucid),pants on fire,factcheck,0.014269184269651253,0.021456809617172477,0.6650189158704765,0.5061081944059108,-0.02780857093613952,0.05634693947544203,2197,Responded Wave 2
2,panel_6_mturk,Panel 6 (MTurk),false,control,0.01880215195432608,0.030487207437732148,0.6167226694254656,0.5375056263482555,-0.04099702615656641,0.07860133006521858,1596,Responded Wave 1
2,panel_6_mturk,Panel 6 (MTurk),false,factcheck,0.01371427036320622,0.030316761762149824,0.4523659377212361,0.6510668588147088,-0.045750586825273276,0.07317912755168572,1596,Responded Wave 1
2,panel_6_mturk,Panel 6 (MTurk),false,control,0.05347633948177484,0.02824671362476313,1.8931880073614504,0.058513621307196034,-0.0019282187265985198,0.10888089769014819,1596,Responded Wave 2
2,panel_6_mturk,Panel 6 (MTurk),false,factcheck,0.03447036857941118,0.028356458575802074,1.2156090820461762,0.22431365138033507,-0.02114944902545996,0.09009018618428233,1596,Responded Wave 2
2,panel_6_mturk,Panel 6 (MTurk),false,control,0.02905412823891046,0.030383656371338576,0.9562419968097624,0.339094804680513,-0.03054193947968096,0.08865019595750187,1596,Responded Wave 3
2,panel_6_mturk,Panel 6 (MTurk),false,factcheck,0.028885933806146444,0.030212052520533373,0.9561063018315077,0.3391633278278433,-0.030373541285528445,0.08814540889782133,1596,Responded Wave 3
2,panel_7_lucid,Panel 7 (Lucid),false,control,0.014223471402312914,0.015631368291332617,0.9099313084574712,0.3629506837700124,-0.016429003180531636,0.04487594598515746,2385,Responded Wave 1
2,panel_7_lucid,Panel 7 (Lucid),false,factcheck,-0.021253341308281826,0.01648757464376955,-1.2890520144703757,0.1975050134272015,-0.053584801567018586,0.011078118950454935,2385,Responded Wave 1
2,panel_7_lucid,Panel 7 (Lucid),false,control,-1.8802537694327906e-4,0.021138763511721524,-0.008894814346119075,0.9929038024588758,-0.04164027697638185,0.041264226222495294,2385,Responded Wave 2
2,panel_7_lucid,Panel 7 (Lucid),false,factcheck,-0.006382014435068752,0.020774522857649042,-0.30720389964186046,0.7587149979607342,-0.047120004993317074,0.034355976123179574,2385,Responded Wave 2
3,panel_1_lucid,Panel 1 (Lucid),pants on fire,control,0.014210415061400337,0.016633231844941532,0.8543387835793308,0.39300558756696047,-0.01840715170698806,0.04682798182978873,2318,Responded Wave 1
3,panel_1_lucid,Panel 1 (Lucid),pants on fire,factcheck,0.004380523981928918,0.016863926201396824,0.25975706544340094,0.7950742394087387,-0.02868943163337255,0.037450479597230385,2318,Responded Wave 1
3,panel_1_lucid,Panel 1 (Lucid),pants on fire,control,-0.021561100011588334,0.019985725937766097,-1.078824961311279,0.28077801062019575,-0.06075286720793435,0.017630667184757684,2318,Responded Wave 2
3,panel_1_lucid,Panel 1 (Lucid),pants on fire,factcheck,-0.02403404907665791,0.019868947221289072,-1.2096287140420827,0.22654474455015522,-0.06299681462032905,0.014928716467013228,2318,Responded Wave 2
3,panel_1_mturk,Panel 1 (MTurk),pants on fire,control,-0.0107793419134313,0.008437094530262802,-1.2776130307379099,0.20152800167290372,-0.027325339154439295,0.005766655327576694,2087,Responded Wave 1
3,panel_1_mturk,Panel 1 (MTurk),pants on fire,factcheck,-0.0066270718691326825,0.008239778114837492,-0.8042779522423322,0.42132807155159835,-0.02278611162690728,0.009531967888641914,2087,Responded Wave 1
3,panel_1_mturk,Panel 1 (MTurk),pants on fire,control,1.8419526265661234e-4,0.02646695870813059,0.006959441947518812,0.9944478786873929,-0.05172019246131983,0.05208858298663305,2087,Responded Wave 2
3,panel_1_mturk,Panel 1 (MTurk),pants on fire,factcheck,0.01903127130056157,0.026876845309893465,0.7080917079786924,0.4789673811638876,-0.03367694558019017,0.07173948818131332,2087,Responded Wave 2
3,panel_2_mturk,Panel 2 (MTurk),false,control,-0.0021336989882555866,0.008282766325451241,-0.25760704871018364,0.796735969092169,-0.018377185102596588,0.014109787126085417,2056,Responded Wave 1
3,panel_2_mturk,Panel 2 (MTurk),false,factcheck,-0.0017025362455746916,0.008330657482417849,-0.20436997309851657,0.8380846207359851,-0.01803994259291761,0.014634870101768229,2056,Responded Wave 1
3,panel_2_mturk,Panel 2 (MTurk),false,control,-0.006275082710203026,0.02699552556583362,-0.23244899214501558,0.8162124360212979,-0.059216506800670365,0.046666341380264306,2056,Responded Wave 2
3,panel_2_mturk,Panel 2 (MTurk),false,factcheck,-0.01365140681503433,0.027267767342896425,-0.5006426321365355,0.6166762401323829,-0.06712672928578976,0.039823915655721104,2056,Responded Wave 2
3,panel_3_lucid,Panel 3 (Lucid),false,control,0.011573245414381789,0.016903435958231638,0.6846682202943389,0.4936197788152423,-0.021573687790169126,0.0447201786189327,2387,Responded Wave 1
3,panel_3_lucid,Panel 3 (Lucid),false,factcheck,-0.0077954407224113155,0.017942151720206856,-0.4344763573497104,0.663981830980565,-0.04297925223181007,0.027388370786987432,2387,Responded Wave 1
3,panel_3_lucid,Panel 3 (Lucid),false,control,-0.002284890992578936,0.023382497443509433,-0.09771800459292604,0.9221644225243573,-0.04813699365565625,0.04356721167049838,2387,Responded Wave 2
3,panel_3_lucid,Panel 3 (Lucid),false,factcheck,-0.01394571275687031,0.023999485560232493,-0.5810838203956573,0.5612388230965804,-0.06100770339441364,0.03311627788067302,2387,Responded Wave 2
3,panel_4_mturk,Panel 4 (MTurk),false,control,-0.0024620811287425094,0.008265503636357054,-0.2978743022884507,0.7658230953228646,-0.018669777032109675,0.013745614774624658,2579,Responded Wave 1
3,panel_4_mturk,Panel 4 (MTurk),false,factcheck,0.007213344894508501,0.007565837244439622,0.9534100009631876,0.3404717245836322,-0.007622386200311097,0.0220490759893281,2579,Responded Wave 1
3,panel_4_mturk,Panel 4 (MTurk),false,control,0.020479717813050403,0.023779120396799934,0.861247912929801,0.3891815803064601,-0.02614838486488304,0.06710782049098385,2579,Responded Wave 2
3,panel_4_mturk,Panel 4 (MTurk),false,factcheck,0.005231429869111949,0.023721775477001744,0.22053281273924116,0.8254736764248566,-0.04128422605874037,0.05174708579696427,2579,Responded Wave 2
3,panel_4_mturk,Panel 4 (MTurk),false,control,0.001855379188704315,0.024380792713565833,0.07610003540499956,0.9393454145666853,-0.045952533259165186,0.04966329163657381,2579,Responded Wave 3
3,panel_4_mturk,Panel 4 (MTurk),false,factcheck,0.015611709814601995,0.024241884363567837,0.6439973716756199,0.5196344046426316,-0.03192381943748704,0.06314723906669104,2579,Responded Wave 3
3,panel_5_lucid,Panel 5 (Lucid),false,control,0.018617882374959316,0.017836636701300247,1.0438000552874478,0.2966927417102688,-0.016360553198764977,0.05359631794868361,2197,Responded Wave 1
3,panel_5_lucid,Panel 5 (Lucid),false,factcheck,0.02285206990000876,0.017709010575557016,1.2904204784625568,0.19704049515308486,-0.011876085181289051,0.05758022498130658,2197,Responded Wave 1
3,panel_5_lucid,Panel 5 (Lucid),false,control,-0.001935151827071936,0.02361781298726523,-0.0819361144114137,0.9347049794350043,-0.048250730475769985,0.044380426821626115,2197,Responded Wave 2
3,panel_5_lucid,Panel 5 (Lucid),false,factcheck,-0.036194748154378516,0.023145486005620955,-1.563792963586442,0.118010216690838,-0.08158407264575712,0.00919457633700009,2197,Responded Wave 2
3,panel_6_mturk,Panel 6 (MTurk),false,control,0.019055101613243496,0.030596801552187077,0.6227808348118474,0.533517527053945,-0.04095904003550602,0.07906924326199301,1596,Responded Wave 1
3,panel_6_mturk,Panel 6 (MTurk),false,factcheck,-0.003743833685693524,0.030979858681941887,-0.12084734550050737,0.9038271602068957,-0.06450932330803621,0.05702165593664917,1596,Responded Wave 1
3,panel_6_mturk,Panel 6 (MTurk),false,control,0.060276555625397396,0.028396180460270773,2.1226994140895323,0.03393263223639052,0.004578825471497433,0.11597428577929736,1596,Responded Wave 2
3,panel_6_mturk,Panel 6 (MTurk),false,factcheck,0.021097603946444023,0.02922802199925161,0.7218279754608175,0.47050598417923417,-0.036231743024153606,0.07842695091704165,1596,Responded Wave 2
3,panel_6_mturk,Panel 6 (MTurk),false,control,0.02061596480201262,0.03051484552391672,0.6756044295179007,0.49938970246490677,-0.03923742407389569,0.08046935367792094,1596,Responded Wave 3
3,panel_6_mturk,Panel 6 (MTurk),false,factcheck,0.014534883720929932,0.0309046352624903,0.4703140353373227,0.638194932343893,-0.04608305881409481,0.07515282625595468,1596,Responded Wave 3
3,panel_7_lucid,Panel 7 (Lucid),pants on fire,control,-0.007689138659228378,0.015637302844459713,-0.491717704498678,0.6229641710926807,-0.03835325065829258,0.02297497333983582,2385,Responded Wave 1
3,panel_7_lucid,Panel 7 (Lucid),pants on fire,factcheck,-0.009503350689985236,0.015924122470958674,-0.5967896006399598,0.5507045058550957,-0.040729904258287826,0.021723202878317353,2385,Responded Wave 1
3,panel_7_lucid,Panel 7 (Lucid),pants on fire,control,-0.03088706557939061,0.020718031998409225,-1.4908300934066607,0.13613834779721884,-0.0715142798706648,0.00974014871188359,2385,Responded Wave 2
3,panel_7_lucid,Panel 7 (Lucid),pants on fire,factcheck,0.009221485778330218,0.021658967943842408,0.4257583187823067,0.6703223780798577,-0.033250865458982676,0.051693837015643104,2385,Responded Wave 2
