fc,panel,panel_factor,lucid_pid_3,term,estimate,std.error,statistic,p.value,conf.low,conf.high,df,outcome
1,panel_1_lucid,Panel 1 (Lucid),Democrat,treatmentcontrol,13.58795453848028,2.8307286648740755,-4.800161423837752,1.8599181327430663e-6,8.032247388794922,19.14366168816564,887,outcome_w1
1,panel_1_lucid,Panel 1 (Lucid),Democrat,treatmentfactcheck,-6.642100582293325,2.894298745573437,-2.294891151942005,0.021972081217528916,-12.322573046376357,-0.9616281182102924,887,outcome_w1
1,panel_1_lucid,Panel 1 (Lucid),Republican,treatmentcontrol,4.557090844576034,2.7064208790954565,-1.6838071564460848,0.09259449889658823,-0.7551337496153785,9.869315438767446,831,outcome_w1
1,panel_1_lucid,Panel 1 (Lucid),Republican,treatmentfactcheck,-1.628327252940601,2.6532239130892457,-0.6137164846538263,0.539570647521333,-6.836135629633349,3.579481123752147,831,outcome_w1
1,panel_1_mturk,Panel 1 (MTurk),Democrat,treatmentcontrol,7.230965232094619,2.6276645441123696,-2.7518601064571024,0.006049175589027765,2.07365430520273,12.388276158986509,869,outcome_w1
1,panel_1_mturk,Panel 1 (MTurk),Democrat,treatmentfactcheck,-7.617721506433214,2.6187259225683683,-2.9089418792486614,0.003718985754341166,-12.757488622162633,-2.477954390703796,869,outcome_w1
1,panel_1_mturk,Panel 1 (MTurk),Republican,treatmentcontrol,2.848208410894938,1.999549136742086,-1.424425315966775,0.15462165351617868,-1.0753759140769539,6.77179273586683,1046,outcome_w1
1,panel_1_mturk,Panel 1 (MTurk),Republican,treatmentfactcheck,-0.9849153112346387,1.9428752410382286,-0.5069369820721593,0.6123058834729245,-4.797292162115121,2.827461539645843,1046,outcome_w1
1,panel_2_mturk,Panel 2 (MTurk),Democrat,treatmentcontrol,0.02082281838405194,2.4109825201554096,-0.008636652572126372,0.9931108283016732,-4.710581296493085,4.752226933261189,960,outcome_w1
1,panel_2_mturk,Panel 2 (MTurk),Democrat,treatmentfactcheck,-8.51173136175136,2.399122545500866,-3.5478518501331338,4.0718248263909933e-4,-13.219861009719782,-3.803601713782938,960,outcome_w1
1,panel_2_mturk,Panel 2 (MTurk),Republican,treatmentcontrol,2.030891650300388,2.5564318985593433,-0.7944243112616772,0.42715975858507005,-2.986430700272617,7.048214000873394,892,outcome_w1
1,panel_2_mturk,Panel 2 (MTurk),Republican,treatmentfactcheck,-5.3501961237801785,2.411806782811496,-2.218335300286094,0.026783110783127603,-10.083673312624132,-0.616718934936225,892,outcome_w1
1,panel_3_lucid,Panel 3 (Lucid),Democrat,treatmentcontrol,0.06778240121505123,2.969648838864933,-0.022825056056445785,0.98179498992001,-5.760629561842898,5.8961943642730015,881,outcome_w1
1,panel_3_lucid,Panel 3 (Lucid),Democrat,treatmentfactcheck,-7.995005014934035,2.7763474912415997,-2.8796845640379907,0.004077177859781601,-13.444032091732609,-2.5459779381354606,881,outcome_w1
1,panel_3_lucid,Panel 3 (Lucid),Republican,treatmentcontrol,-3.7260375393969793,3.0186212586120607,1.2343507913643275,0.21741497268447985,-9.650902931490293,2.1988278526963336,846,outcome_w1
1,panel_3_lucid,Panel 3 (Lucid),Republican,treatmentfactcheck,-10.912180609736783,2.757924200160938,-3.956664439544787,8.2376355673123e-5,-16.325357105771708,-5.499004113701857,846,outcome_w1
1,panel_4_mturk,Panel 4 (MTurk),Democrat,treatmentcontrol,10.687623279984729,2.089563975685188,-5.114762411847264,3.5931856634317985e-7,6.588483486188626,14.786763073780833,1352,outcome_w1
1,panel_4_mturk,Panel 4 (MTurk),Democrat,treatmentfactcheck,-23.477225090817967,2.003139581849023,-11.720214259431197,2.7708684639686182e-30,-27.406824408203263,-19.54762577343267,1352,outcome_w1
1,panel_4_mturk,Panel 4 (MTurk),Republican,treatmentcontrol,8.411852393265582,2.5828281604642593,-3.2568378036243666,0.0011678579412912082,3.3429263670435807,13.480778419487581,919,outcome_w1
1,panel_4_mturk,Panel 4 (MTurk),Republican,treatmentfactcheck,-16.111003577035635,2.611624624074787,-6.168958367339348,1.0290870840507209e-9,-21.236444065231105,-10.985563088840166,919,outcome_w1
1,panel_5_lucid,Panel 5 (Lucid),Democrat,treatmentcontrol,17.810337412446522,2.784094360121124,-6.397174487890442,2.691345487880466e-10,12.345344661163008,23.275330163730036,800,outcome_w1
1,panel_5_lucid,Panel 5 (Lucid),Democrat,treatmentfactcheck,-16.00095849476263,3.043685874729245,-5.257099172951288,1.8792463952317434e-7,-21.975512188357875,-10.026404801167388,800,outcome_w1
1,panel_5_lucid,Panel 5 (Lucid),Republican,treatmentcontrol,12.446176251953029,2.7035078814129374,-4.603713692688874,4.804889642380247e-6,7.139603603717589,17.752748900188468,824,outcome_w1
1,panel_5_lucid,Panel 5 (Lucid),Republican,treatmentfactcheck,-10.943316962730208,2.824515435321099,-3.874405084101139,1.1536893913270712e-4,-16.487408939173903,-5.399224986286512,824,outcome_w1
1,panel_6_mturk,Panel 6 (MTurk),Democrat,treatmentcontrol,-4.589713718703614,3.9410464547836646,1.1645926459792406,0.2449126033878048,-12.338638307649633,3.159210870242406,381,outcome_w1
1,panel_6_mturk,Panel 6 (MTurk),Democrat,treatmentfactcheck,-3.681922049989144,3.569698819678925,-1.0314377307383913,0.3029898893008368,-10.700699239323244,3.3368551393449555,381,outcome_w1
1,panel_6_mturk,Panel 6 (MTurk),Republican,treatmentcontrol,-1.3102775159548417,3.9697798000200137,0.3300630216185381,0.7415636923159505,-9.119807398895132,6.4992523669854485,327,outcome_w1
1,panel_6_mturk,Panel 6 (MTurk),Republican,treatmentfactcheck,-3.1289663447852925,4.267632170007333,-0.7331855746086748,0.4639705283178063,-11.524444844852617,5.266512155282033,327,outcome_w1
1,panel_7_lucid,Panel 7 (Lucid),Democrat,treatmentcontrol,9.555168563133101,2.4721513582696977,-3.865122793218022,1.1778059958251053e-4,4.7043020669194355,14.406035059346767,1060,outcome_w1
1,panel_7_lucid,Panel 7 (Lucid),Democrat,treatmentfactcheck,-7.579287762138939,2.640601114301453,-2.8702887842808362,0.004182489368460416,-12.760687126049561,-2.397888398228318,1060,outcome_w1
1,panel_7_lucid,Panel 7 (Lucid),Republican,treatmentcontrol,5.162882349746019,2.9729589462499626,-1.7366140747615726,0.0828626568859503,-0.6733537337392264,10.999118433231263,756,outcome_w1
1,panel_7_lucid,Panel 7 (Lucid),Republican,treatmentfactcheck,-19.712504570434522,3.1264363265501887,-6.305103482528281,4.894626766302207e-10,-25.850033151092262,-13.57497598977678,756,outcome_w1
2,panel_1_lucid,Panel 1 (Lucid),Democrat,treatmentcontrol,4.0420611876627035,2.357572635704062,-1.7145012316685582,0.08678602740334541,-0.5850100362994413,8.669132411624847,887,outcome_w1
2,panel_1_lucid,Panel 1 (Lucid),Democrat,treatmentfactcheck,-9.304757062662578,2.4416299381381648,-3.810879329960136,1.4803121640018233e-4,-14.096802684175179,-4.5127114411499765,887,outcome_w1
2,panel_1_lucid,Panel 1 (Lucid),Republican,treatmentcontrol,9.802195255177772,2.8966499241172405,-3.3839764942134,7.480177242139853e-4,4.116554708487034,15.48783580186851,828,outcome_w1
2,panel_1_lucid,Panel 1 (Lucid),Republican,treatmentfactcheck,-15.269082281847068,2.753154014791904,-5.546032731845252,3.931887509441876e-8,-20.67306429826407,-9.865100265430065,828,outcome_w1
2,panel_1_mturk,Panel 1 (MTurk),Democrat,treatmentcontrol,2.077396656143968,2.367832457761144,-0.8773410674960542,0.38054361469344755,-2.5699350050933596,6.724728317381295,870,outcome_w1
2,panel_1_mturk,Panel 1 (MTurk),Democrat,treatmentfactcheck,-3.0037776220049923,2.4164094205616813,-1.2430747854421047,0.2141751713156644,-7.746451019305496,1.7388957752955112,870,outcome_w1
2,panel_1_mturk,Panel 1 (MTurk),Republican,treatmentcontrol,5.3898032285859125,2.006693851492868,-2.6859120660464475,0.007347981620041407,1.4521905593411333,9.327415897830692,1044,outcome_w1
2,panel_1_mturk,Panel 1 (MTurk),Republican,treatmentfactcheck,-5.587203088686703,1.9643632817364707,-2.8442819821737304,0.004538073723891133,-9.44175306870007,-1.732653108673337,1044,outcome_w1
2,panel_2_mturk,Panel 2 (MTurk),Democrat,treatmentcontrol,8.363556132120635,2.4805082316548925,-3.3717106943607345,7.769027449072918e-4,3.4956992789795125,13.231412985261759,958,outcome_w1
2,panel_2_mturk,Panel 2 (MTurk),Democrat,treatmentfactcheck,-27.710921204994886,2.5789095763983654,-10.74520854030687,1.6572599147239521e-25,-32.771885121541416,-22.649957288448356,958,outcome_w1
2,panel_2_mturk,Panel 2 (MTurk),Republican,treatmentcontrol,1.87388858154992,2.373088951208368,-0.7896411049386677,0.42994747959243307,-2.7836070465924134,6.531384209692254,891,outcome_w1
2,panel_2_mturk,Panel 2 (MTurk),Republican,treatmentfactcheck,-11.840670894202352,2.594319176553827,-4.564076387058492,5.720568863734013e-6,-16.93235960509228,-6.748982183312424,891,outcome_w1
2,panel_3_lucid,Panel 3 (Lucid),Democrat,treatmentcontrol,2.4920941830302263,2.819881351479012,-0.883758524706416,0.37706713446937334,-3.0423578292731275,8.02654619533358,883,outcome_w1
2,panel_3_lucid,Panel 3 (Lucid),Democrat,treatmentfactcheck,-11.797759012295574,2.734040613670996,-4.315136707663872,1.775255109868037e-5,-17.163735338964138,-6.431782685627009,883,outcome_w1
2,panel_3_lucid,Panel 3 (Lucid),Republican,treatmentcontrol,11.363706057368118,2.657308477153778,-4.276397021673485,2.116137389020066e-5,6.148006445737146,16.57940566899909,845,outcome_w1
2,panel_3_lucid,Panel 3 (Lucid),Republican,treatmentfactcheck,-17.349124239895353,2.9128343158430354,-5.956097175020458,3.787205149806284e-9,-23.066363672390754,-11.631884807399953,845,outcome_w1
2,panel_4_mturk,Panel 4 (MTurk),Democrat,treatmentcontrol,-8.733346682496192,1.993387044150893,4.38115954857942,1.2718216547257188e-5,-12.643819440862872,-4.822873924129512,1350,outcome_w1
2,panel_4_mturk,Panel 4 (MTurk),Democrat,treatmentfactcheck,-8.92438593283925,1.9062013881851647,-4.681764470508481,3.1305384215166417e-6,-12.663824604486692,-5.184947261191809,1350,outcome_w1
2,panel_4_mturk,Panel 4 (MTurk),Republican,treatmentcontrol,-0.794160132159927,2.5340014082057456,0.31340161437489067,0.7540468282738969,-5.767275583134862,4.1789553188150075,917,outcome_w1
2,panel_4_mturk,Panel 4 (MTurk),Republican,treatmentfactcheck,-7.46863522148919,2.6527859657260953,-2.815393069016386,0.004976172910649459,-12.674871820869464,-2.2623986221089147,917,outcome_w1
2,panel_5_lucid,Panel 5 (Lucid),Democrat,treatmentcontrol,-0.2204308228281067,2.6716902285671047,0.08250613056526741,0.9342646523159158,-5.464693314546049,5.023831668889836,809,outcome_w1
2,panel_5_lucid,Panel 5 (Lucid),Democrat,treatmentfactcheck,-8.1611189303075,2.093566314515585,-3.8981898369891574,1.049422441963734e-4,-12.270581614170624,-4.051656246444378,809,outcome_w1
2,panel_5_lucid,Panel 5 (Lucid),Republican,treatmentcontrol,14.590715305431143,3.171253509598788,-4.600929967051764,4.8713373673869365e-6,8.365984834418315,20.815445776443973,820,outcome_w1
2,panel_5_lucid,Panel 5 (Lucid),Republican,treatmentfactcheck,-13.722622576438884,2.5562360504185313,-5.368292405621963,1.0354768640410221e-7,-18.740159139182747,-8.70508601369502,820,outcome_w1
2,panel_6_mturk,Panel 6 (MTurk),Democrat,treatmentcontrol,-3.0921154685014742,3.275637544192708,0.943973631631926,0.3457797706825638,-9.532652738611949,3.348421801609,382,outcome_w1
2,panel_6_mturk,Panel 6 (MTurk),Democrat,treatmentfactcheck,-8.674490959198618,3.513914661380957,-2.468611732246671,0.014000758640186113,-15.583527149950086,-1.7654547684471495,382,outcome_w1
2,panel_6_mturk,Panel 6 (MTurk),Republican,treatmentcontrol,-6.099242130367736,4.065867795545125,1.5001083254724936,0.1345482662767996,-14.097710067890763,1.8992258071552905,328,outcome_w1
2,panel_6_mturk,Panel 6 (MTurk),Republican,treatmentfactcheck,-2.9237900347972015,4.0014954407909364,-0.7306743386465747,0.4654996860413554,-10.795623206642807,4.948043137048403,328,outcome_w1
2,panel_7_lucid,Panel 7 (Lucid),Democrat,treatmentcontrol,7.780567586865212,2.5629222695729834,-3.0358187913992247,0.002457242702606241,2.7516062248054522,12.80952894892497,1063,outcome_w1
2,panel_7_lucid,Panel 7 (Lucid),Democrat,treatmentfactcheck,-8.279198732781506,2.7103549298226044,-3.0546548135389,0.002309325591031017,-13.597452189534625,-2.9609452760283865,1063,outcome_w1
2,panel_7_lucid,Panel 7 (Lucid),Republican,treatmentcontrol,17.403043091249515,3.0011060734800217,-5.798876369294504,9.847538674784863e-9,11.511450150886631,23.2946360316124,748,outcome_w1
2,panel_7_lucid,Panel 7 (Lucid),Republican,treatmentfactcheck,-14.806630034662174,3.0639735811265396,-4.832492723131829,1.6365075674507028e-6,-20.821640726733825,-8.791619342590522,748,outcome_w1
3,panel_1_lucid,Panel 1 (Lucid),Democrat,treatmentcontrol,2.748507880106538,2.808745926095578,-0.9785534015628189,0.3280666052618971,-2.7640296326410603,8.261045392854136,890,outcome_w1
3,panel_1_lucid,Panel 1 (Lucid),Democrat,treatmentfactcheck,-7.671200555555634,2.773703607877131,-2.7656886387463833,0.005797867412143137,-13.114962857303155,-2.2274382538081126,890,outcome_w1
3,panel_1_lucid,Panel 1 (Lucid),Republican,treatmentcontrol,5.719918288167915,2.9865152956195424,-1.9152482816872156,0.05580424053260952,-0.142092312872796,11.581928889208626,830,outcome_w1
3,panel_1_lucid,Panel 1 (Lucid),Republican,treatmentfactcheck,-9.049055794815695,2.882347490455269,-3.1394742739316244,0.0017524023393192339,-14.70660309407598,-3.391508495555409,830,outcome_w1
3,panel_1_mturk,Panel 1 (MTurk),Democrat,treatmentcontrol,4.10594953429898,2.6364732961686572,-1.5573643549759357,0.1197476784512177,-1.0686420138194634,9.280541082417423,870,outcome_w1
3,panel_1_mturk,Panel 1 (MTurk),Democrat,treatmentfactcheck,-7.0145675797765445,2.6511747068667058,-2.645833773839341,0.008296077277601803,-12.218013505314282,-1.811121654238807,870,outcome_w1
3,panel_1_mturk,Panel 1 (MTurk),Republican,treatmentcontrol,0.6390516090585291,2.005787285463961,-0.3186038787311932,0.7500905164499332,-3.2967734266277153,4.574876644744774,1046,outcome_w1
3,panel_1_mturk,Panel 1 (MTurk),Republican,treatmentfactcheck,-0.12523099064780455,1.9418089585366916,-0.06449192135882209,0.9485908621056403,-3.9355155452040065,3.6850535639083977,1046,outcome_w1
3,panel_2_mturk,Panel 2 (MTurk),Democrat,treatmentcontrol,3.9708282813492537,2.9448040852636126,-1.348418491138365,0.17784251588451072,-1.8081828763943384,9.749839439092845,958,outcome_w1
3,panel_2_mturk,Panel 2 (MTurk),Democrat,treatmentfactcheck,-15.741563176666682,2.9047313655756475,-5.419283642963343,7.572627521784093e-8,-21.441933892638016,-10.041192460695349,958,outcome_w1
3,panel_2_mturk,Panel 2 (MTurk),Republican,treatmentcontrol,-2.1471711372874402,2.643550335215745,0.8122300940081044,0.4168765625665821,-7.335482398343265,3.0411401237683844,891,outcome_w1
3,panel_2_mturk,Panel 2 (MTurk),Republican,treatmentfactcheck,-0.7794798396917496,2.516243722980196,-0.3097791492028233,0.7568013433880432,-5.71793532116596,4.158975641782462,891,outcome_w1
3,panel_3_lucid,Panel 3 (Lucid),Democrat,treatmentcontrol,3.1009683725190387,2.753645190093982,-1.1261321479159785,0.26041486353104476,-2.3034681950314386,8.505404940069516,885,outcome_w1
3,panel_3_lucid,Panel 3 (Lucid),Democrat,treatmentfactcheck,-19.662568815545534,2.8627918792573164,-6.868319334707111,1.2232604320424338e-11,-25.281221927864895,-14.043915703226173,885,outcome_w1
3,panel_3_lucid,Panel 3 (Lucid),Republican,treatmentcontrol,-0.9468034992579949,2.574968981135975,0.36769510863789223,0.7131932136766777,-6.00093232831253,4.10732532979654,840,outcome_w1
3,panel_3_lucid,Panel 3 (Lucid),Republican,treatmentfactcheck,-9.119118906352345,2.454625980121533,-3.7150747120752143,2.165792097135233e-4,-13.937039441148631,-4.301198371556058,840,outcome_w1
3,panel_4_mturk,Panel 4 (MTurk),Democrat,treatmentcontrol,3.0587217216418097,1.5980991338760095,-1.9139749573752816,0.05583397948551773,-0.07629743080634244,6.193740874089961,1354,outcome_w1
3,panel_4_mturk,Panel 4 (MTurk),Democrat,treatmentfactcheck,-4.173716703518043,1.6524292903178437,-2.5258065370623095,0.011656593925265833,-7.415316278538322,-0.9321171284977638,1354,outcome_w1
3,panel_4_mturk,Panel 4 (MTurk),Republican,treatmentcontrol,3.678833415359556,2.5455123092597485,-1.4452231882663278,0.148737212567545,-1.3168800121863407,8.674546842905453,916,outcome_w1
3,panel_4_mturk,Panel 4 (MTurk),Republican,treatmentfactcheck,-4.533356957209499,2.475699838479501,-1.8311415975184406,0.06740409224002998,-9.3920594198434,0.3253455054244032,916,outcome_w1
3,panel_5_lucid,Panel 5 (Lucid),Democrat,treatmentcontrol,18.02225773153287,3.0366635125554633,-5.934887964049228,4.3610439260001925e-9,12.06157788970921,23.982937573356534,808,outcome_w1
3,panel_5_lucid,Panel 5 (Lucid),Democrat,treatmentfactcheck,-24.33947316876171,3.0419678333227647,-8.00122634504505,4.268406579544804e-15,-30.310564884585077,-18.368381452938344,808,outcome_w1
3,panel_5_lucid,Panel 5 (Lucid),Republican,treatmentcontrol,2.6784825787158146,2.8242300429119256,-0.9483939119754431,0.34320533521124563,-2.8650000343856368,8.221965191817265,829,outcome_w1
3,panel_5_lucid,Panel 5 (Lucid),Republican,treatmentfactcheck,-10.06106578864593,2.921549439656916,-3.4437431220836787,6.024966972309364e-4,-15.795569804245153,-4.326561773046707,829,outcome_w1
3,panel_6_mturk,Panel 6 (MTurk),Democrat,treatmentcontrol,5.711247890728101,4.195804154286453,-1.3611807607591655,0.17425896435296664,-2.5385149933477162,13.961010774803919,382,outcome_w1
3,panel_6_mturk,Panel 6 (MTurk),Democrat,treatmentfactcheck,-34.17637464992533,4.126359304870672,-8.282452429574958,2.0579790495402867e-15,-42.289595521997256,-26.0631537778534,382,outcome_w1
3,panel_6_mturk,Panel 6 (MTurk),Republican,treatmentcontrol,-10.250534202764092,3.715841342189519,2.75860384198322,0.0061305553419582545,-17.560422111315873,-2.940646294212309,328,outcome_w1
3,panel_6_mturk,Panel 6 (MTurk),Republican,treatmentfactcheck,-4.975836586223259,4.20943490791321,-1.1820675922246262,0.2380351219734165,-13.2567330243525,3.3050598519059804,328,outcome_w1
3,panel_7_lucid,Panel 7 (Lucid),Democrat,treatmentcontrol,3.6079906398703208,2.5521382736176563,-1.4137128372578314,0.15773873897607543,-1.399805020218198,8.61578629995884,1064,outcome_w1
3,panel_7_lucid,Panel 7 (Lucid),Democrat,treatmentfactcheck,-13.8637552517296,2.708884913224058,-5.11788270666296,3.664536902689737e-7,-19.179118550166226,-8.548391953292974,1064,outcome_w1
3,panel_7_lucid,Panel 7 (Lucid),Republican,treatmentcontrol,4.376773589220236,2.938541293701462,-1.4894374969654212,0.13678979665886581,-1.3919092163331444,10.145456394773618,755,outcome_w1
3,panel_7_lucid,Panel 7 (Lucid),Republican,treatmentfactcheck,-11.856969002396347,3.0544336635955727,-3.8818878745720533,1.1271694841957569e-4,-17.85316139678415,-5.860776608008545,755,outcome_w1
