fc,panel,topic_short_2,term,estimate,std.error,statistic,p.value,conf.low,conf.high,df,outcome
1,panel_1_lucid,A black man invented the light bulb (Lucid),treatmentcontrol:lucid_pid_3Republican,9.030863693904276,3.9163425219129087,2.3059432731877645,0.021232368456585205,1.3495618374129768,16.712165550395575,1718,outcome_w1
1,panel_1_lucid,A black man invented the light bulb (Lucid),treatmentfactcheck:lucid_pid_3Republican,5.0137733293529365,3.926393047265718,1.2769412712882766,0.20179554049098333,-2.6872410825696846,12.714787741275558,1718,outcome_w1
1,panel_1_mturk,A black man invented the light bulb (MTurk),treatmentcontrol:lucid_pid_3Republican,4.382756821199359,3.3019415056344217,1.3273272145253445,0.1845586821306459,-2.093022543542932,10.858536185941649,1915,outcome_w1
1,panel_1_mturk,A black man invented the light bulb (MTurk),treatmentfactcheck:lucid_pid_3Republican,6.632806195199492,3.260749861576446,2.0341352378353816,0.04207552304629768,0.23781202853998717,13.027800361858997,1915,outcome_w1
1,panel_2_mturk,Biden wears wire at debate,treatmentcontrol:lucid_pid_3Republican,-2.010068831916507,3.513997832165916,-0.5720176641877907,0.5673794294808312,-8.901882081953648,4.881744418120633,1852,outcome_w1
1,panel_2_mturk,Biden wears wire at debate,treatmentfactcheck:lucid_pid_3Republican,3.1615352379711736,3.4018525755749565,0.929356921775728,0.35282525828432776,-3.5103336062306316,9.83340408217298,1852,outcome_w1
1,panel_3_lucid,Donald Trump claimed his DNA was USA,treatmentcontrol:lucid_pid_3Republican,3.7938199406118853,4.23448798901545,0.8959335698798326,0.3704131040905847,-4.511444669910026,12.099084551133796,1727,outcome_w1
1,panel_3_lucid,Donald Trump claimed his DNA was USA,treatmentfactcheck:lucid_pid_3Republican,-2.9171755948025617,3.913342725338142,-0.7454434225539232,0.45610514175534345,-10.59256561359703,4.758214423991907,1727,outcome_w1
1,panel_4_mturk,Trump chose Judge Barrett on basis of looks,treatmentcontrol:lucid_pid_3Republican,2.2757708867194775,3.3222400447542166,0.6850109733379731,0.49340690394032194,-4.239172157340349,8.790713930779305,2271,outcome_w1
1,panel_4_mturk,Trump chose Judge Barrett on basis of looks,treatmentfactcheck:lucid_pid_3Republican,7.366221513782443,3.2913752993913374,2.2380375507905925,0.025315189030064973,0.9118045170279796,13.820638510536906,2271,outcome_w1
1,panel_5_lucid,Kamala Harris imprisoned prolife activists,treatmentcontrol:lucid_pid_3Republican,5.36416116049324,3.880739139767055,1.3822524440061255,0.16708427305127796,-2.2476207636114074,12.975943084597887,1624,outcome_w1
1,panel_5_lucid,Kamala Harris imprisoned prolife activists,treatmentfactcheck:lucid_pid_3Republican,5.057641532032435,4.152338033974755,1.2180225912848175,0.22339231745452257,-3.0868614740826557,13.202144538147525,1624,outcome_w1
1,panel_6_mturk,Presidential winner must be announced election night,treatmentcontrol:lucid_pid_3Republican,-3.2794362027489496,5.593835787669294,-0.5862589334456217,0.5578883771795319,-14.261927492925505,7.7030550874276065,708,outcome_w1
1,panel_6_mturk,Presidential winner must be announced election night,treatmentfactcheck:lucid_pid_3Republican,0.552955705203704,5.563760778618938,0.09938524088394778,0.9208605337558531,-10.37048870953979,11.476400119947199,708,outcome_w1
1,panel_7_lucid,Wisconsin has more votes than registered voters,treatmentcontrol:lucid_pid_3Republican,4.39228621338635,3.8665252144893865,1.135977646525291,0.2561158100080929,-3.1910181698567683,11.975590596629468,1816,outcome_w1
1,panel_7_lucid,Wisconsin has more votes than registered voters,treatmentfactcheck:lucid_pid_3Republican,-12.133216808295597,4.092356087735145,-2.964848744384448,0.0030677854737131537,-20.159436769727268,-4.106996846863925,1816,outcome_w1
2,panel_1_lucid,Antifa start West Coast wildfires (Lucid),treatmentcontrol:lucid_pid_3Republican,-5.760134067515015,3.734799795907352,-1.542287239553524,0.12318829423130245,-13.08537689922424,1.5651087641942114,1715,outcome_w1
2,panel_1_lucid,Antifa start West Coast wildfires (Lucid),treatmentfactcheck:lucid_pid_3Republican,-5.964325219184504,3.679866000818133,-1.6207995665761943,0.10524446242031892,-13.181823751149246,1.2531733127802376,1715,outcome_w1
2,panel_1_mturk,Antifa start West Coast wildfires (MTurk),treatmentcontrol:lucid_pid_3Republican,-3.312406572441612,3.1037800762371033,-1.0672169068297646,0.28600848967486464,-9.399553051992353,2.774739907109129,1914,outcome_w1
2,panel_1_mturk,Antifa start West Coast wildfires (MTurk),treatmentfactcheck:lucid_pid_3Republican,-2.5834254666815673,3.1141222825081183,-0.829583822444144,0.40687757703444627,-8.690855124468866,3.524004191105732,1914,outcome_w1
2,panel_2_mturk,Trump holds Bible upside down,treatmentcontrol:lucid_pid_3Republican,6.4896675505694414,3.4328519131554,1.8904595114341198,0.058852773227692064,-0.24300575582033357,13.222340856959217,1849,outcome_w1
2,panel_2_mturk,Trump holds Bible upside down,treatmentfactcheck:lucid_pid_3Republican,15.870250310793013,3.658041360219104,4.338455678325747,1.5122905037311341e-5,8.695924693880794,23.044575927705232,1849,outcome_w1
2,panel_3_lucid,Obama failed to nominate US judges,treatmentcontrol:lucid_pid_3Republican,-8.871611874338164,3.8746637504656056,-2.2896469076244594,0.022161860599772744,-16.471136243598664,-1.272087505077664,1728,outcome_w1
2,panel_3_lucid,Obama failed to nominate US judges,treatmentfactcheck:lucid_pid_3Republican,-5.551365227599957,3.9949445338771654,-1.389597572763359,0.16483012016604867,-13.38680084066324,2.284070385463325,1728,outcome_w1
2,panel_4_mturk,WHO: children to be vaccinated without parents' consent,treatmentcontrol:lucid_pid_3Republican,-7.939186550334692,3.2240898009481063,-2.46245825659075,0.013872705775319395,-14.261662019292881,-1.6167110813765033,2267,outcome_w1
2,panel_4_mturk,WHO: children to be vaccinated without parents' consent,treatmentfactcheck:lucid_pid_3Republican,1.4557507113493022,3.2666308503215653,0.44564285897379524,0.6558977998323436,-4.950148222119192,7.861649644817796,2267,outcome_w1
2,panel_5_lucid,Biden and Obama plotted to have Seal Team 6 murdered,treatmentcontrol:lucid_pid_3Republican,-14.81114612825912,4.1466585945269,-3.571826758973619,3.6480604691527247e-4,-22.944490716037606,-6.677801540480633,1629,outcome_w1
2,panel_5_lucid,Biden and Obama plotted to have Seal Team 6 murdered,treatmentfactcheck:lucid_pid_3Republican,-5.561503646131448,3.304143256387935,-1.6831908348342144,0.0925297672572465,-12.042320684471125,0.9193133922082302,1629,outcome_w1
2,panel_6_mturk,Sen Coon's daughter's photo on Hunter Biden's laptop,treatmentcontrol:lucid_pid_3Republican,3.007126661865863,5.221214633758719,0.5759438890756827,0.5648356158957553,-7.243740510945889,13.257993834677615,710,outcome_w1
2,panel_6_mturk,Sen Coon's daughter's photo on Hunter Biden's laptop,treatmentfactcheck:lucid_pid_3Republican,5.750700924400972,5.32536965948275,1.0798688714802822,0.28056726382079605,-4.704654937148945,16.20605678595089,710,outcome_w1
2,panel_7_lucid,GOP voters' pens invisible to voting machines,treatmentcontrol:lucid_pid_3Republican,-9.622475504384225,3.946543832792411,-2.4382031245743847,0.014856040769503333,-17.362732348138277,-1.8822186606301727,1811,outcome_w1
2,panel_7_lucid,GOP voters' pens invisible to voting machines,treatmentfactcheck:lucid_pid_3Republican,-6.527431301880592,4.0907160683008925,-1.5956696072019991,0.11073705478951704,-14.550449513518465,1.4955869097572823,1811,outcome_w1
3,panel_1_lucid,SARS-CoV-2 man made virus created in the lab (Lucid),treatmentcontrol:lucid_pid_3Republican,-2.9714104080607897,4.099796005696881,-0.7247703066035138,0.46869153529631036,-11.012521387938946,5.069700571817368,1720,outcome_w1
3,panel_1_lucid,SARS-CoV-2 man made virus created in the lab (Lucid),treatmentfactcheck:lucid_pid_3Republican,-1.3778552392598418,4.000169841404814,-0.34444918438161987,0.7305506140294482,-9.223565022966554,6.467854544446871,1720,outcome_w1
3,panel_1_mturk,SARS-CoV-2 man made virus created in the lab (MTurk),treatmentcontrol:lucid_pid_3Republican,3.4668979252410153,3.312729097879785,1.046538314122909,0.29544456898201915,-3.030035959087202,9.963831809569232,1916,outcome_w1
3,panel_1_mturk,SARS-CoV-2 man made virus created in the lab (MTurk),treatmentfactcheck:lucid_pid_3Republican,6.889336589128889,3.286236351479226,2.0964215145474268,0.0361756613663286,0.44436035563570986,13.334312822622067,1916,outcome_w1
3,panel_2_mturk,Trump responsible for all Covid deaths,treatmentcontrol:lucid_pid_3Republican,6.117999418636607,3.957300781518162,1.5460031360794173,0.12227493790935756,-1.6432480837623187,13.879246921035534,1849,outcome_w1
3,panel_2_mturk,Trump responsible for all Covid deaths,treatmentfactcheck:lucid_pid_3Republican,14.962083336974443,3.84303874292155,3.893294951692313,1.0240314720506273e-4,7.424932007860771,22.499234666088114,1849,outcome_w1
3,panel_3_lucid,Judge Barrett made homophobic and racist statements,treatmentcontrol:lucid_pid_3Republican,4.0477718717769795,3.7700168549676523,1.0736747413856615,0.2831186530215779,-3.3465136021009743,11.442057345654934,1725,outcome_w1
3,panel_3_lucid,Judge Barrett made homophobic and racist statements,treatmentfactcheck:lucid_pid_3Republican,10.543449909193118,3.771043097901317,2.795897483924493,0.005232944155747105,3.147151623832089,17.93974819455415,1725,outcome_w1
3,panel_4_mturk,Hunter Biden's laptop had photos torturing children,treatmentcontrol:lucid_pid_3Republican,-0.6201116937178778,3.005587090451375,-0.20631965571317057,0.8365597283039086,-6.51409678939112,5.273873401955365,2270,outcome_w1
3,panel_4_mturk,Hunter Biden's laptop had photos torturing children,treatmentfactcheck:lucid_pid_3Republican,-0.3596402536911077,2.9765100788923307,-0.12082615014189474,0.9038394304126021,-6.196605050967344,5.477324543585128,2270,outcome_w1
3,panel_5_lucid,Joe Biden has never made more than $400k,treatmentcontrol:lucid_pid_3Republican,15.343775152817459,4.14699899008576,3.6999707956283223,2.2275422670981767e-4,7.2097924623228735,23.477757843312045,1637,outcome_w1
3,panel_5_lucid,Joe Biden has never made more than $400k,treatmentfactcheck:lucid_pid_3Republican,14.278407380115993,4.217703098527741,3.3853514689310655,7.276777336503757e-4,6.005744647598529,22.551070112633457,1637,outcome_w1
3,panel_6_mturk,Trump said 'Good' to children's separation,treatmentcontrol:lucid_pid_3Republican,15.961782093492115,5.604663181802486,2.8479467143213286,0.004527440121007926,4.9580862382144755,26.965477948769752,710,outcome_w1
3,panel_6_mturk,Trump said 'Good' to children's separation,treatmentfactcheck:lucid_pid_3Republican,29.2005380637019,5.894589328939773,4.95378667354152,9.105749819991505e-7,17.627627067370025,40.77344906003377,710,outcome_w1
3,panel_7_lucid,USPS fails to deliver 27% of mail ballots in South FL,treatmentcontrol:lucid_pid_3Republican,-0.7687829493495099,3.8920990098471098,-0.1975239960248877,0.8434395744106677,-8.402236083485905,6.864670184786886,1819,outcome_w1
3,panel_7_lucid,USPS fails to deliver 27% of mail ballots in South FL,treatmentfactcheck:lucid_pid_3Republican,2.0067862493336834,4.082599965512011,0.49154613880520287,0.6230995332138236,-6.000290503677028,10.013863002344394,1819,outcome_w1
