term,estimate,std.error,statistic,p.value,conf.low,conf.high,df,outcome,dv,fc,topic_short_2,lucid_pid_3
treatmentcontrol,-0.20469325436895403,1.6317152047769414,0.1254466795245289,0.9001963650501661,-3.4068588707333425,2.997472361995434,954,w1_ft_joe_biden,w1_ft_joe_biden,1,Biden wears wire at debate,Democrat
treatmentfactcheck,-2.9664866729042596,1.6593842847565763,-1.7877032464119238,0.07414122441039062,-6.222951578928901,0.2899782331203822,954,w1_ft_joe_biden,w1_ft_joe_biden,1,Biden wears wire at debate,Democrat
treatmentcontrol,-1.5973233590032077,1.5246630658301479,1.0476566231592275,0.2949842278331316,-4.588287628592483,1.3936409105860676,1351,w1_ft_donald_trump,w1_ft_donald_trump,1,Trump chose Judge Barrett on basis of looks,Democrat
treatmentfactcheck,0.14397372718019796,1.5239849601969382,0.09447188190203192,0.9247483265373737,-2.8456602880300004,3.133607742390396,1351,w1_ft_donald_trump,w1_ft_donald_trump,1,Trump chose Judge Barrett on basis of looks,Democrat
treatmentcontrol,0.13838038910016695,1.709982118539173,-0.08092505038496219,0.9355137333693953,-3.21617573890641,3.492936517106744,1330,w1_ft_amy_coney_barrett,w1_ft_amy_coney_barrett,1,Trump chose Judge Barrett on basis of looks,Democrat
treatmentfactcheck,-0.6532567295688605,1.69653058924561,-0.385054495162001,0.7002586085834439,-3.981424330155437,2.6749108710177154,1330,w1_ft_amy_coney_barrett,w1_ft_amy_coney_barrett,1,Trump chose Judge Barrett on basis of looks,Democrat
treatmentcontrol,-1.545614498848739,2.1617508413485576,0.7149827210820205,0.4748336592749032,-5.7891530233669855,2.697924025669508,780,w1_ft_kamala_harris,w1_ft_kamala_harris,1,Kamala Harris imprisoned prolife activists,Democrat
treatmentfactcheck,1.645189474295888,2.226213777052083,0.7390078577603727,0.460124546682637,-2.724890437800034,6.01526938639181,780,w1_ft_kamala_harris,w1_ft_kamala_harris,1,Kamala Harris imprisoned prolife activists,Democrat
treatmentcontrol,-6.16856854171016,2.403150169784221,2.566867696937989,0.010433505073987251,-10.885420505487641,-1.4517165779326788,844,w1_ft_antifa,w1_ft_antifa,2,Antifa start West Coast wildfires (Lucid),Democrat
treatmentfactcheck,0.603850638043104,2.405124252288789,0.2510683751446361,0.8018223572596573,-4.116876012824433,5.324577288910641,844,w1_ft_antifa,w1_ft_antifa,2,Antifa start West Coast wildfires (Lucid),Democrat
treatmentcontrol,-0.6385518832952946,2.1865311109077052,0.29203878239363784,0.7703273234650451,-4.930106887823435,3.653003121232846,861,w1_ft_antifa,w1_ft_antifa,2,Antifa start West Coast wildfires (MTurk),Democrat
treatmentfactcheck,3.374346245103782,2.280451044053893,1.479683702880682,0.1393234583947897,-1.1015475767902574,7.850240066997821,861,w1_ft_antifa,w1_ft_antifa,2,Antifa start West Coast wildfires (MTurk),Democrat
treatmentcontrol,-2.6896910285391775,2.0275242138527285,1.3265888565780386,0.1849608595343333,-6.668592413892742,1.2892103568143867,958,w1_ft_donald_trump,w1_ft_donald_trump,2,Trump holds Bible upside down,Democrat
treatmentfactcheck,4.219658943128612,2.0438523984875547,2.064561485091168,0.03923319661093597,0.20871442062288192,8.230603465634342,958,w1_ft_donald_trump,w1_ft_donald_trump,2,Trump holds Bible upside down,Democrat
treatmentcontrol,-3.018890155941409,1.9338272684555633,1.5610960736697146,0.11886600569544696,-6.814420529872521,0.7766402179897032,867,w1_ft_joe_biden,w1_ft_joe_biden,2,Obama failed to nominate US judges,Democrat
treatmentfactcheck,3.1021609183214918,1.8899918945525038,1.6413620223784056,0.10108495852109552,-0.6073335951087149,6.811655431751698,867,w1_ft_joe_biden,w1_ft_joe_biden,2,Obama failed to nominate US judges,Democrat
treatmentcontrol,0.6161856591268224,1.3793644316761977,-0.44671708576538854,0.6551514751457275,-2.0897612540813517,3.322132572334997,1341,w1_ft_the_world_health_organization_(who),w1_ft_the_world_health_organization_(who),2,WHO: children to be vaccinated without parents' consent,Democrat
treatmentfactcheck,0.37487604957022025,1.3772664570249216,0.27218846989129636,0.7855190084842987,-2.3269551942026396,3.0767072933430804,1341,w1_ft_the_world_health_organization_(who),w1_ft_the_world_health_organization_(who),2,WHO: children to be vaccinated without parents' consent,Democrat
treatmentcontrol,-1.3160712754820656,2.239693303431967,0.5876122741740575,0.556960697748446,-5.71253369609349,3.080391145129359,789,w1_ft_joe_biden,w1_ft_joe_biden,2,Biden and Obama plotted to have Seal Team 6 murdered,Democrat
treatmentfactcheck,3.5618491609028418,1.7063859812627011,2.0873642892138182,0.03717553876602946,0.2122557901569806,6.911442531648703,789,w1_ft_joe_biden,w1_ft_joe_biden,2,Biden and Obama plotted to have Seal Team 6 murdered,Democrat
treatmentcontrol,1.896445168177654,2.1487677131711487,-0.8825733728932862,0.3777352899293862,-2.3215243705449957,6.114414706900304,790,w1_ft_barack_obama,w1_ft_barack_obama,2,Biden and Obama plotted to have Seal Team 6 murdered,Democrat
treatmentfactcheck,3.0483762853773255,1.4549266581262885,2.095209588985842,0.03647020157010767,0.1923968849816018,5.90435568577305,790,w1_ft_barack_obama,w1_ft_barack_obama,2,Biden and Obama plotted to have Seal Team 6 murdered,Democrat
treatmentcontrol,-4.105095266935406,2.4411586681281925,1.681617553390362,0.09346677786190638,-8.90500634188177,0.694815808010957,379,w1_ft_joe_biden,w1_ft_joe_biden,2,Sen Coon's daughter's photo on Hunter Biden's laptop,Democrat
treatmentfactcheck,0.25497613879907893,2.667556403995806,0.09558416025136082,0.9239013641055216,-4.990087893192465,5.500040170790623,379,w1_ft_joe_biden,w1_ft_joe_biden,2,Sen Coon's daughter's photo on Hunter Biden's laptop,Democrat
treatmentcontrol,2.5399313515833453,2.439264393997374,-1.0412693916386007,0.29844354503709786,-2.2569324270160878,7.336795130182779,363,w1_ft_hunter_biden,w1_ft_hunter_biden,2,Sen Coon's daughter's photo on Hunter Biden's laptop,Democrat
treatmentfactcheck,3.203497769994627,2.538282938634851,1.262072766291982,0.2077328816689572,-1.7880880204334493,8.195083560422704,363,w1_ft_hunter_biden,w1_ft_hunter_biden,2,Sen Coon's daughter's photo on Hunter Biden's laptop,Democrat
treatmentcontrol,-4.168860885695604,2.6765394436547933,1.5575563048691925,0.12028264406802322,-9.433802960910999,1.09608118951979,335,w1_ft_chris_coons,w1_ft_chris_coons,2,Sen Coon's daughter's photo on Hunter Biden's laptop,Democrat
treatmentfactcheck,0.8744359980088364,2.950460501309428,0.29637271796072434,0.7671291073419166,-4.9293281390866195,6.6782001351042926,335,w1_ft_chris_coons,w1_ft_chris_coons,2,Sen Coon's daughter's photo on Hunter Biden's laptop,Democrat
treatmentcontrol,1.3026919114781954,1.6511133483606932,-0.7889778813620351,0.4303416244601407,-1.937975738703289,4.543359561659679,863,w1_ft_scientists,w1_ft_scientists,3,SARS-CoV-2 man made virus created in the lab (Lucid),Democrat
treatmentfactcheck,-2.385111570259788,1.76298906864128,-1.352879386880131,0.17644848085943574,-5.845359558710603,1.0751364181910277,863,w1_ft_scientists,w1_ft_scientists,3,SARS-CoV-2 man made virus created in the lab (Lucid),Democrat
treatmentcontrol,-2.3392727536017373,1.3125085436175616,1.7822914486744506,0.07505239783090968,-4.915346752730283,0.23680124552680804,865,w1_ft_scientists,w1_ft_scientists,3,SARS-CoV-2 man made virus created in the lab (MTurk),Democrat
treatmentfactcheck,0.02143064174228347,1.3756719493942342,0.015578308296334949,0.9875744033681019,-2.6786148226456175,2.721476106130184,865,w1_ft_scientists,w1_ft_scientists,3,SARS-CoV-2 man made virus created in the lab (MTurk),Democrat
treatmentcontrol,-1.6809595616723887,2.0545519407815345,0.8181635753793431,0.4134672415084816,-5.712901329668602,2.3509822063238244,958,w1_ft_donald_trump,w1_ft_donald_trump,3,Trump responsible for all Covid deaths,Democrat
treatmentfactcheck,1.69982350132706,2.1085959527953877,0.8061399810018539,0.42036220111851563,-2.438176577984395,5.837823580638515,958,w1_ft_donald_trump,w1_ft_donald_trump,3,Trump responsible for all Covid deaths,Democrat
treatmentcontrol,-7.844128757561887,2.195775297698431,3.572373168504059,3.7416401494925463e-4,-12.154061730485974,-3.5341957846378005,829,w1_ft_amy_coney_barrett,w1_ft_amy_coney_barrett,3,Judge Barrett made homophobic and racist statements,Democrat
treatmentfactcheck,5.5677014040005774,2.328048134190693,2.3915748657559845,0.016998248328234315,0.998139378860742,10.137263429140413,829,w1_ft_amy_coney_barrett,w1_ft_amy_coney_barrett,3,Judge Barrett made homophobic and racist statements,Democrat
treatmentcontrol,-1.2387119159448503,1.3893026444215322,0.8916069662133381,0.3727668701266619,-3.9642055565500147,1.4867817246603139,1314,w1_ft_hunter_biden,w1_ft_hunter_biden,3,Hunter Biden's laptop had photos torturing children,Democrat
treatmentfactcheck,3.3157803199729616,1.3597668920306607,2.4384917292854604,0.014880412333607243,0.6482290619257225,5.9833315780202,1314,w1_ft_hunter_biden,w1_ft_hunter_biden,3,Hunter Biden's laptop had photos torturing children,Democrat
treatmentcontrol,-1.5915217447879875,1.431121327520979,1.1120802367922624,0.2663023861051264,-4.398994408102775,1.2159509185268003,1345,w1_ft_joe_biden,w1_ft_joe_biden,3,Hunter Biden's laptop had photos torturing children,Democrat
treatmentfactcheck,2.409209544878084,1.403438168823605,1.716648156218767,0.08627371757849592,-0.3439562544535426,5.1623753442097104,1345,w1_ft_joe_biden,w1_ft_joe_biden,3,Hunter Biden's laptop had photos torturing children,Democrat
treatmentcontrol,-3.0609167505511845,3.019822163838808,1.01360828038302,0.31141295511923517,-8.998521010762634,2.8766875096602647,381,w1_ft_donald_trump,w1_ft_donald_trump,3,Trump said 'Good' to children's separation,Democrat
treatmentfactcheck,-1.0392802339807905,2.9960752507233988,-0.34688055105754023,0.7288725695643455,-6.9301930783302925,4.851632610368711,381,w1_ft_donald_trump,w1_ft_donald_trump,3,Trump said 'Good' to children's separation,Democrat
treatmentcontrol,-4.2669340440625145,1.9631981019255602,2.1734607627612235,0.02997468887254187,-8.119293912900787,-0.4145741752242418,1022,w1_ft_the_u.s._postal_service,w1_ft_the_u.s._postal_service,3,USPS fails to deliver 27% of mail ballots in South FL,Democrat
treatmentfactcheck,3.680595073228842,1.9871010816136774,1.8522435055190642,0.06427906398804209,-0.21866932328080635,7.579859469738491,1022,w1_ft_the_u.s._postal_service,w1_ft_the_u.s._postal_service,3,USPS fails to deliver 27% of mail ballots in South FL,Democrat
treatmentcontrol,3.478381583087164,2.134808325809703,-1.6293648197984532,0.10359087007997451,-0.7114830359000486,7.668246202074377,887,w1_ft_joe_biden,w1_ft_joe_biden,1,Biden wears wire at debate,Republican
treatmentfactcheck,0.9117508026995144,2.131748390709699,0.42770094569930717,0.6689726765820186,-3.2721082589470685,5.095609864346097,887,w1_ft_joe_biden,w1_ft_joe_biden,1,Biden wears wire at debate,Republican
treatmentcontrol,-1.4349862030925509,1.990751855083939,0.7208262543761615,0.47119973688293415,-5.341933651029184,2.471961244844082,919,w1_ft_donald_trump,w1_ft_donald_trump,1,Trump chose Judge Barrett on basis of looks,Republican
treatmentfactcheck,2.127440516766422,1.9352840774296842,1.0992910764769726,0.2719290148998207,-1.6706487167244588,5.9255297502573026,919,w1_ft_donald_trump,w1_ft_donald_trump,1,Trump chose Judge Barrett on basis of looks,Republican
treatmentcontrol,-3.7083876444059714,1.6661515503181363,2.2257204896504694,0.02627884490475015,-6.978362740766364,-0.43841254804557783,904,w1_ft_amy_coney_barrett,w1_ft_amy_coney_barrett,1,Trump chose Judge Barrett on basis of looks,Republican
treatmentfactcheck,4.173858395663744,1.6418021889933565,2.542241948296387,0.011180237413653364,0.951671152172501,7.396045639154986,904,w1_ft_amy_coney_barrett,w1_ft_amy_coney_barrett,1,Trump chose Judge Barrett on basis of looks,Republican
treatmentcontrol,-0.35773385221564236,2.4299040506833363,0.14722139012651164,0.8829945107864702,-5.127501698430793,4.412033993999508,797,w1_ft_kamala_harris,w1_ft_kamala_harris,1,Kamala Harris imprisoned prolife activists,Republican
treatmentfactcheck,0.0823986931046844,2.3943226815606504,0.034414197275605254,0.972555479228397,-4.6175248848489385,4.782322271058307,797,w1_ft_kamala_harris,w1_ft_kamala_harris,1,Kamala Harris imprisoned prolife activists,Republican
treatmentcontrol,-2.3720170754837238,2.2365851833176276,1.0605529774480595,0.2892123798544906,-6.762269002903772,2.0182348519363247,802,w1_ft_antifa,w1_ft_antifa,2,Antifa start West Coast wildfires (Lucid),Republican
treatmentfactcheck,-0.8385349750542928,2.1365229241048196,-0.3924764698724822,0.6948104769259282,-5.032372060040572,3.355302109931987,802,w1_ft_antifa,w1_ft_antifa,2,Antifa start West Coast wildfires (Lucid),Republican
treatmentcontrol,1.8624756787455987,1.700630092447025,-1.095168012736794,0.2736961069633379,-1.4745742208443509,5.199525578335548,1042,w1_ft_antifa,w1_ft_antifa,2,Antifa start West Coast wildfires (MTurk),Republican
treatmentfactcheck,-3.426219090101232,1.6275888697720386,-2.1050887934500997,0.035522493856958354,-6.619944344387057,-0.23249383581540695,1042,w1_ft_antifa,w1_ft_antifa,2,Antifa start West Coast wildfires (MTurk),Republican
treatmentcontrol,-1.4993658103284437,1.98800766764985,0.7542052451442198,0.45092503881833756,-5.4010833994537935,2.4023517787969064,892,w1_ft_donald_trump,w1_ft_donald_trump,2,Trump holds Bible upside down,Republican
treatmentfactcheck,3.859066240384535,1.8969240424023368,2.0343810053128255,0.04220856404562042,0.13611183637790436,7.582020644391165,892,w1_ft_donald_trump,w1_ft_donald_trump,2,Trump holds Bible upside down,Republican
treatmentcontrol,3.297017527626327,2.293446550194066,-1.437582021411112,0.1509318571428859,-1.204659392738372,7.798694447991026,825,w1_ft_joe_biden,w1_ft_joe_biden,2,Obama failed to nominate US judges,Republican
treatmentfactcheck,1.6998111689872373,2.5124459557130487,0.6765563116380824,0.49887713965166236,-3.2317273364730346,6.631349674447509,825,w1_ft_joe_biden,w1_ft_joe_biden,2,Obama failed to nominate US judges,Republican
treatmentcontrol,-0.9355703433583612,2.2739778868084435,0.4114245564065031,0.6808577033055123,-5.398394864073948,3.5272541773572255,914,w1_ft_the_world_health_organization_(who),w1_ft_the_world_health_organization_(who),2,WHO: children to be vaccinated without parents' consent,Republican
treatmentfactcheck,0.7931605337216977,2.2895805391971717,0.3464217659710782,0.7291055022391021,-3.7002851729221065,5.286606240365502,914,w1_ft_the_world_health_organization_(who),w1_ft_the_world_health_organization_(who),2,WHO: children to be vaccinated without parents' consent,Republican
treatmentcontrol,-1.5463638135167244,2.7186391909390126,0.5688006774384111,0.5696500632705983,-6.8828221835205765,3.7900945564871273,805,w1_ft_joe_biden,w1_ft_joe_biden,2,Biden and Obama plotted to have Seal Team 6 murdered,Republican
treatmentfactcheck,1.489079320837827,2.183630877655613,0.6819281299211754,0.49548054729462676,-2.7972030637103336,5.775361705385987,805,w1_ft_joe_biden,w1_ft_joe_biden,2,Biden and Obama plotted to have Seal Team 6 murdered,Republican
treatmentcontrol,-0.6641596123036305,2.9575841575711537,0.22456152620490635,0.8223771721675351,-6.469614248828626,5.141295024221365,808,w1_ft_barack_obama,w1_ft_barack_obama,2,Biden and Obama plotted to have Seal Team 6 murdered,Republican
treatmentfactcheck,1.0734099696471917,2.3508379328379263,0.45660738864774636,0.6480759836224184,-3.5410598982603423,5.687879837554726,808,w1_ft_barack_obama,w1_ft_barack_obama,2,Biden and Obama plotted to have Seal Team 6 murdered,Republican
treatmentcontrol,7.136517275621429,3.6906387186449323,-1.933680812366727,0.05401253999607055,-0.12379145660206525,14.396826007844924,328,w1_ft_joe_biden,w1_ft_joe_biden,2,Sen Coon's daughter's photo on Hunter Biden's laptop,Republican
treatmentfactcheck,6.392834372595155,3.5722055784083695,1.7896042745231768,0.07443998289804868,-0.6344899827235535,13.420158727913865,328,w1_ft_joe_biden,w1_ft_joe_biden,2,Sen Coon's daughter's photo on Hunter Biden's laptop,Republican
treatmentcontrol,4.4671798816858885,3.3762145193667785,-1.3231327144827647,0.18672711991362542,-2.174967160250687,11.109326923622465,323,w1_ft_hunter_biden,w1_ft_hunter_biden,2,Sen Coon's daughter's photo on Hunter Biden's laptop,Republican
treatmentfactcheck,7.27539715131848,3.1437130252255256,2.314268857538787,0.021279979531602624,1.0906585775635405,13.460135725073421,323,w1_ft_hunter_biden,w1_ft_hunter_biden,2,Sen Coon's daughter's photo on Hunter Biden's laptop,Republican
treatmentcontrol,1.385327997417516,3.315113224769711,-0.41788255890226794,0.6763241634933459,-5.1378070498135155,7.908463044648547,308,w1_ft_chris_coons,w1_ft_chris_coons,2,Sen Coon's daughter's photo on Hunter Biden's laptop,Republican
treatmentfactcheck,5.252753057180778,3.1047890175883377,1.691822867004626,0.09169115805517333,-0.85652788790531,11.362034002266865,308,w1_ft_chris_coons,w1_ft_chris_coons,2,Sen Coon's daughter's photo on Hunter Biden's laptop,Republican
treatmentcontrol,-2.291091674397045,2.030024818279397,1.1286027903535298,0.2594029178560276,-6.27588082423019,1.6936974754360996,802,w1_ft_scientists,w1_ft_scientists,3,SARS-CoV-2 man made virus created in the lab (Lucid),Republican
treatmentfactcheck,-1.9803341900039901,2.0289993632449908,-0.9760151855527593,0.32935123755655704,-5.963110447158213,2.0024420671502323,802,w1_ft_scientists,w1_ft_scientists,3,SARS-CoV-2 man made virus created in the lab (Lucid),Republican
treatmentcontrol,-1.5700175037717068,1.3304814809902852,1.180037096497678,0.23825452419441934,-4.180742882598507,1.0407078750550933,1043,w1_ft_scientists,w1_ft_scientists,3,SARS-CoV-2 man made virus created in the lab (MTurk),Republican
treatmentfactcheck,0.5582190668115802,1.407956290654844,0.39647471339607504,0.6918359590572609,-2.20453056391273,3.32096869753589,1043,w1_ft_scientists,w1_ft_scientists,3,SARS-CoV-2 man made virus created in the lab (MTurk),Republican
treatmentcontrol,0.5007432103448161,1.9861152163991977,-0.2521219344226451,0.8010048958000471,-3.3972602027985266,4.398746623488159,892,w1_ft_donald_trump,w1_ft_donald_trump,3,Trump responsible for all Covid deaths,Republican
treatmentfactcheck,-0.42529500744676385,1.9672612291193725,-0.2161863412705711,0.8288919274540794,-4.286295075486411,3.4357050605928836,892,w1_ft_donald_trump,w1_ft_donald_trump,3,Trump responsible for all Covid deaths,Republican
treatmentcontrol,2.4705315108989394,2.0532220162961607,-1.2032461620276067,0.2292300487033953,-1.5596875234369039,6.500750545234783,816,w1_ft_amy_coney_barrett,w1_ft_amy_coney_barrett,3,Judge Barrett made homophobic and racist statements,Republican
treatmentfactcheck,2.1947198724779575,2.0539495759134385,1.0685363935976449,0.2855946187865068,-1.8369272707496158,6.226367015705531,816,w1_ft_amy_coney_barrett,w1_ft_amy_coney_barrett,3,Judge Barrett made homophobic and racist statements,Republican
treatmentcontrol,7.22825913419657,2.2235176153472187,-3.2508216189993275,0.001193027733954963,2.8644342403855036,11.592084028007637,909,w1_ft_hunter_biden,w1_ft_hunter_biden,3,Hunter Biden's laptop had photos torturing children,Republican
treatmentfactcheck,-3.866778844892488,2.16169674203379,-1.7887702607418028,0.07398472604915426,-8.109275504530714,0.37571781474573873,909,w1_ft_hunter_biden,w1_ft_hunter_biden,3,Hunter Biden's laptop had photos torturing children,Republican
treatmentcontrol,7.611253439948977,2.286469528594782,-3.3288234742523333,9.068384053837707e-4,3.1239392127655536,12.0985676671324,918,w1_ft_joe_biden,w1_ft_joe_biden,3,Hunter Biden's laptop had photos torturing children,Republican
treatmentfactcheck,-4.786597756444969,2.260342110922967,-2.117643047622758,0.03447360675893889,-9.222635580609651,-0.35055993228028814,918,w1_ft_joe_biden,w1_ft_joe_biden,3,Hunter Biden's laptop had photos torturing children,Republican
treatmentcontrol,0.2562091724740007,3.0487414939218977,-0.08403768341290671,0.9330775817171472,-5.741277177747566,6.253695522695567,329,w1_ft_donald_trump,w1_ft_donald_trump,3,Trump said 'Good' to children's separation,Republican
treatmentfactcheck,1.9062298844869794,3.2196411878489926,0.5920628334862714,0.5542151598190949,-4.427450460413446,8.239910229387405,329,w1_ft_donald_trump,w1_ft_donald_trump,3,Trump said 'Good' to children's separation,Republican
treatmentcontrol,2.866413172465628,2.4327757222709505,-1.1782480177785912,0.23908593283655338,-1.9097461716185702,7.642572516549826,722,w1_ft_the_u.s._postal_service,w1_ft_the_u.s._postal_service,3,USPS fails to deliver 27% of mail ballots in South FL,Republican
treatmentfactcheck,-2.5562731388653654,2.4344702839518924,-1.0500325905460426,0.29405446375227406,-7.335759339812062,2.2232130620813315,722,w1_ft_the_u.s._postal_service,w1_ft_the_u.s._postal_service,3,USPS fails to deliver 27% of mail ballots in South FL,Republican
treatmentcontrol,6.460309118890666,6.934355369093598,-0.9316380218533715,0.35370222489484004,-7.292349251749978,20.21296748953131,103,w1_ft_joe_biden,w1_ft_joe_biden,1,Biden wears wire at debate,Independent
treatmentfactcheck,-6.909852432663637,6.987106925308519,-0.9889432788891418,0.3250084022520877,-20.767131073326333,6.94742620799906,103,w1_ft_joe_biden,w1_ft_joe_biden,1,Biden wears wire at debate,Independent
treatmentcontrol,-4.6404269490981305,5.575506988076965,0.8322878904145449,0.40633721322982086,-15.641371010347836,6.360517112151574,182,w1_ft_donald_trump,w1_ft_donald_trump,1,Trump chose Judge Barrett on basis of looks,Independent
treatmentfactcheck,6.765931242309348,4.824392618686737,1.402442084854844,0.1624866842184641,-2.7530010164383025,16.284863501056996,182,w1_ft_donald_trump,w1_ft_donald_trump,1,Trump chose Judge Barrett on basis of looks,Independent
treatmentcontrol,-9.965033974482433,5.262504831074364,1.8935914159432756,0.05990151744223987,-20.349960434020428,0.41989248505556276,178,w1_ft_amy_coney_barrett,w1_ft_amy_coney_barrett,1,Trump chose Judge Barrett on basis of looks,Independent
treatmentfactcheck,6.034460554702447,4.688114362896224,1.2871828815571975,0.1997018028207813,-3.2169747323681968,15.28589584177309,178,w1_ft_amy_coney_barrett,w1_ft_amy_coney_barrett,1,Trump chose Judge Barrett on basis of looks,Independent
treatmentcontrol,2.2782337098198524,5.325128072542128,-0.42782702665257427,0.6692305735380266,-8.22142168129331,12.777889100933015,203,w1_ft_kamala_harris,w1_ft_kamala_harris,1,Kamala Harris imprisoned prolife activists,Independent
treatmentfactcheck,-0.7198334551322011,5.229047601864569,-0.1376605282528932,0.8906451615873596,-11.03004517124118,9.590378260976777,203,w1_ft_kamala_harris,w1_ft_kamala_harris,1,Kamala Harris imprisoned prolife activists,Independent
treatmentcontrol,-7.0895125765156415,3.716877352611032,1.9073840495531553,0.05762611846194738,-14.410183717732542,0.23115856470125884,248,w1_ft_antifa,w1_ft_antifa,2,Antifa start West Coast wildfires (Lucid),Independent
treatmentfactcheck,-1.3795572363636937,3.861021557939945,-0.35730368651444644,0.7211683353943875,-8.984131295007701,6.225016822280313,248,w1_ft_antifa,w1_ft_antifa,2,Antifa start West Coast wildfires (Lucid),Independent
treatmentcontrol,3.0576059866789307,7.531172102262622,-0.4059933759527712,0.686145311043865,-11.99699253562044,18.1122045089783,62,w1_ft_antifa,w1_ft_antifa,2,Antifa start West Coast wildfires (MTurk),Independent
treatmentfactcheck,5.312695561893158,6.51214594778963,0.8158133439402425,0.41773014573796186,-7.704898702502645,18.33028982628896,62,w1_ft_antifa,w1_ft_antifa,2,Antifa start West Coast wildfires (MTurk),Independent
treatmentcontrol,2.4776603772515515,6.564362736140685,-0.37744111299800226,0.7066224251485933,-10.541204870623254,15.496525625126356,103,w1_ft_donald_trump,w1_ft_donald_trump,2,Trump holds Bible upside down,Independent
treatmentfactcheck,2.7844262170636873,6.913942682717718,0.4027262511191647,0.6879842664234708,-10.927748404589167,16.496600838716542,103,w1_ft_donald_trump,w1_ft_donald_trump,2,Trump holds Bible upside down,Independent
treatmentcontrol,-3.6195662535761515,4.5987573417893115,0.7870748518702727,0.4319440544398272,-12.67447575724507,5.435343250092767,264,w1_ft_joe_biden,w1_ft_joe_biden,2,Obama failed to nominate US judges,Independent
treatmentfactcheck,2.6596754323516274,4.611206773518239,0.576785115693773,0.5645760998788101,-6.419746884083724,11.739097748786978,264,w1_ft_joe_biden,w1_ft_joe_biden,2,Obama failed to nominate US judges,Independent
treatmentcontrol,-5.334190858674937,4.791553824775692,1.1132486566452475,0.26706979617012944,-14.788329416037788,4.119947698687914,182,w1_ft_the_world_health_organization_(who),w1_ft_the_world_health_organization_(who),2,WHO: children to be vaccinated without parents' consent,Independent
treatmentfactcheck,3.4463809314875946,4.826807298229085,0.714008394897398,0.47613666966658685,-6.077315693016931,12.97007755599212,182,w1_ft_the_world_health_organization_(who),w1_ft_the_world_health_organization_(who),2,WHO: children to be vaccinated without parents' consent,Independent
treatmentcontrol,-4.774278734193846,5.573912931447053,0.856539883724805,0.39269449518457145,-15.763508209965956,6.214950741578264,206,w1_ft_joe_biden,w1_ft_joe_biden,2,Biden and Obama plotted to have Seal Team 6 murdered,Independent
treatmentfactcheck,9.0393552788471645,5.734989718942756,1.5761763702888674,0.11651960308722702,-2.2674446008370346,20.346155158531364,206,w1_ft_joe_biden,w1_ft_joe_biden,2,Biden and Obama plotted to have Seal Team 6 murdered,Independent
treatmentcontrol,0.30741796868720844,5.56730064435846,-0.05521849605853885,0.9560163969665423,-10.666939775440241,11.281775712814657,212,w1_ft_barack_obama,w1_ft_barack_obama,2,Biden and Obama plotted to have Seal Team 6 murdered,Independent
treatmentfactcheck,10.544504455675051,5.57989313523588,1.889732330013396,0.06015833640883612,-0.4546758207003183,21.543684732050423,212,w1_ft_barack_obama,w1_ft_barack_obama,2,Biden and Obama plotted to have Seal Team 6 murdered,Independent
treatmentcontrol,-13.286902375007381,10.448926157596022,1.271604581619925,0.21104483343752156,-34.42185043811145,7.848045688096688,39,w1_ft_joe_biden,w1_ft_joe_biden,2,Sen Coon's daughter's photo on Hunter Biden's laptop,Independent
treatmentfactcheck,-2.338977500169391,10.782984118743352,-0.2169137480323003,0.8294063167554089,-24.149621568052158,19.471666567713374,39,w1_ft_joe_biden,w1_ft_joe_biden,2,Sen Coon's daughter's photo on Hunter Biden's laptop,Independent
treatmentcontrol,-17.271861191466865,9.288381307485313,1.859512504891227,0.07070985227504477,-36.07520610252916,1.5314837195954283,38,w1_ft_hunter_biden,w1_ft_hunter_biden,2,Sen Coon's daughter's photo on Hunter Biden's laptop,Independent
treatmentfactcheck,0.5663908184990502,10.995169834216311,0.051512693940977225,0.9591868262967641,-21.692166825109382,22.824948462107486,38,w1_ft_hunter_biden,w1_ft_hunter_biden,2,Sen Coon's daughter's photo on Hunter Biden's laptop,Independent
treatmentcontrol,-2.4436272815849875,8.282092570940174,0.295049501156154,0.7697502988453202,-19.27486443453922,14.387609871369246,34,w1_ft_chris_coons,w1_ft_chris_coons,2,Sen Coon's daughter's photo on Hunter Biden's laptop,Independent
treatmentfactcheck,-8.565052789851254,10.871117327995094,-0.7878723530832193,0.43623002532735733,-30.65782128981799,13.52771571011548,34,w1_ft_chris_coons,w1_ft_chris_coons,2,Sen Coon's daughter's photo on Hunter Biden's laptop,Independent
treatmentcontrol,-5.398375261826931,3.7437374416544715,1.4419748569336703,0.1505316942422428,-12.77081965540346,1.9740691317495989,256,w1_ft_scientists,w1_ft_scientists,3,SARS-CoV-2 man made virus created in the lab (Lucid),Independent
treatmentfactcheck,0.7081960531018424,3.5301375002410547,0.20061429705032266,0.8411594645780887,-6.243611553017263,7.660003659220947,256,w1_ft_scientists,w1_ft_scientists,3,SARS-CoV-2 man made virus created in the lab (Lucid),Independent
treatmentcontrol,1.3812068651998204,7.8601708242544985,-0.17572224523896673,0.8610757571191384,-14.326091164046616,17.088504894446256,63,w1_ft_scientists,w1_ft_scientists,3,SARS-CoV-2 man made virus created in the lab (MTurk),Independent
treatmentfactcheck,0.7025527785809675,7.773812160851781,0.09037429308093654,0.92827650509147,-14.832171232389916,16.23727678955185,63,w1_ft_scientists,w1_ft_scientists,3,SARS-CoV-2 man made virus created in the lab (MTurk),Independent
treatmentcontrol,0.26384933332338517,7.095352946802006,-0.037186216852299996,0.9704085048264481,-13.80810976058172,14.335808427228491,103,w1_ft_donald_trump,w1_ft_donald_trump,3,Trump responsible for all Covid deaths,Independent
treatmentfactcheck,4.28837591568066,7.187247320545344,0.5966645816433755,0.5520405479732744,-9.96583399477602,18.54258582613734,103,w1_ft_donald_trump,w1_ft_donald_trump,3,Trump responsible for all Covid deaths,Independent
treatmentcontrol,0.6252316981592458,4.204416433982783,-0.14870831849712204,0.8819032008409621,-7.655199247259089,8.90566264357758,251,w1_ft_amy_coney_barrett,w1_ft_amy_coney_barrett,3,Judge Barrett made homophobic and racist statements,Independent
treatmentfactcheck,0.13167995182801737,4.648294381662677,0.028328660152741002,0.9774225329711553,-9.022950957287925,9.28631086094396,251,w1_ft_amy_coney_barrett,w1_ft_amy_coney_barrett,3,Judge Barrett made homophobic and racist statements,Independent
treatmentcontrol,-5.320163810048277,4.194061631603528,1.2684991965686023,0.20625781347509228,-13.596015495390084,2.9556878752935303,180,w1_ft_hunter_biden,w1_ft_hunter_biden,3,Hunter Biden's laptop had photos torturing children,Independent
treatmentfactcheck,1.141742924066948,4.292275291001788,0.26599946337562913,0.7905440570052453,-7.327906981246157,9.611392829380053,180,w1_ft_hunter_biden,w1_ft_hunter_biden,3,Hunter Biden's laptop had photos torturing children,Independent
treatmentcontrol,-11.29309713335168,5.1043872751556485,2.212429528675862,0.028174226550880768,-21.364114046703705,-1.222080219999654,183,w1_ft_joe_biden,w1_ft_joe_biden,3,Hunter Biden's laptop had photos torturing children,Independent
treatmentfactcheck,5.672849219161506,5.308388829005687,1.0686574404957607,0.28663167827441155,-4.800665190642958,16.146363628965972,183,w1_ft_joe_biden,w1_ft_joe_biden,3,Hunter Biden's laptop had photos torturing children,Independent
treatmentcontrol,-28.84515369571025,13.55056695559018,2.1287045619748337,0.03965001389549701,-56.25376243813267,-1.4365449532878252,39,w1_ft_donald_trump,w1_ft_donald_trump,3,Trump said 'Good' to children's separation,Independent
treatmentfactcheck,-11.261242541775019,8.652764199995207,-1.3014618544419894,0.20073634876413043,-28.76311012232447,6.240625038774432,39,w1_ft_donald_trump,w1_ft_donald_trump,3,Trump said 'Good' to children's separation,Independent
treatmentcontrol,2.479547407476492,4.124140848074715,-0.6012276250540828,0.548283055671045,-5.646566032807382,10.605660847760365,229,w1_ft_the_u.s._postal_service,w1_ft_the_u.s._postal_service,3,USPS fails to deliver 27% of mail ballots in South FL,Independent
treatmentfactcheck,-3.110572276382268,4.146537466978367,-0.7501613819129388,0.45392754637802835,-11.280815505777209,5.059670953012674,229,w1_ft_the_u.s._postal_service,w1_ft_the_u.s._postal_service,3,USPS fails to deliver 27% of mail ballots in South FL,Independent
