name,value,type2,term,type,estimate,std.error,statistic,p.value,conf.low,conf.high
grp_agree,low,treatmentcontrol,overall,summary,3.9598146197896655,1.0895985955579337,3.6341957817612873,2.7884906312509365e-4,1.8242406148906918,6.095388624688639
grp_agree,low,treatmentfactcheck,overall,summary,-8.088785807946122,1.1020112097497399,-7.340021350402631,2.1355978435578706e-13,-10.248688089615026,-5.928883526277217
grp_agree,high,treatmentcontrol,overall,summary,5.182631055255381,1.146636137310021,4.51985672404648,6.188149617804516e-6,2.9352655227556173,7.429996587755145
grp_agree,high,treatmentfactcheck,overall,summary,-13.394319465818825,1.4591487637348635,-9.179543442530482,4.329230133985236e-20,-16.2541984908253,-10.534440440812348
grp_conscientiousness,low,treatmentcontrol,overall,summary,3.0385736430171497,0.8061636329556117,3.7691772722082804,1.6378653386585226e-4,1.458521956778184,4.6186253292561155
grp_conscientiousness,low,treatmentfactcheck,overall,summary,-7.9703696212998265,1.2666834875376578,-6.292313509820559,3.127689796197077e-10,-10.453023636685225,-5.487715605914428
grp_conscientiousness,high,treatmentcontrol,overall,summary,4.855031269596541,1.259156957913675,3.855779249030994,1.1536155650154463e-4,2.3871289812027223,7.32293355799036
grp_conscientiousness,high,treatmentfactcheck,overall,summary,-13.006929540288994,1.449337400420935,-8.974397222145344,2.849074934839713e-19,-15.847578646560931,-10.166280434017056
grp_crt,low,treatmentcontrol,overall,summary,4.171896706093541,0.9382701633574692,4.44637042615209,8.733330345667612e-6,2.332920978144389,6.010872434042693
grp_crt,low,treatmentfactcheck,overall,summary,-8.848047205772287,1.0265198685215806,-8.61946025313223,6.727044632142741e-18,-10.859989177489377,-6.836105234055198
grp_crt,high,treatmentcontrol,overall,summary,4.570291909077634,1.3483961703622385,3.3894281291601804,7.003856597923139e-4,1.9274839782759123,7.213099839879355
grp_crt,high,treatmentfactcheck,overall,summary,-13.412932377894757,1.497404527688131,-8.95745413472418,3.3226086362636957e-19,-16.347791322450703,-10.47807343333881
grp_emotstab,low,treatmentcontrol,overall,summary,3.340917290470791,1.0295143463445744,3.2451391302444264,0.001173932519587193,1.3231062500681308,5.3587283308734515
grp_emotstab,low,treatmentfactcheck,overall,summary,-8.12525813271925,1.3409345103494246,-6.059399672398577,1.3663051620207342e-9,-10.753441478630974,-5.497074786807525
grp_emotstab,high,treatmentcontrol,overall,summary,5.117715923042353,1.1516071633204559,4.443977153013119,8.831098667393709e-6,2.8606073585959244,7.374824487488782
grp_emotstab,high,treatmentfactcheck,overall,summary,-12.89553352629694,1.2555252181875134,-10.271027088498501,9.518581119613318e-25,-15.35631773562626,-10.434749316967622
grp_extraversion,low,treatmentcontrol,overall,summary,3.5612738011819047,1.0968834567858696,3.2467203139495666,0.0011674305263202262,1.4114217306438044,5.7111258717200055
grp_extraversion,low,treatmentfactcheck,overall,summary,-13.363046975438042,1.5423539851708967,-8.664059680150134,4.552548641800243e-18,-16.386005237784822,-10.34008871309126
grp_extraversion,high,treatmentcontrol,overall,summary,3.785365192818419,1.3217754085448026,2.8638490081956394,0.0041852746338491295,1.1947329964198907,6.3759973892169475
grp_extraversion,high,treatmentfactcheck,overall,summary,-7.857891894701827,1.0912295581920042,-7.200952206354379,5.979350540644129e-13,-9.996662527623709,-5.719121261779945
grp_nfc,low,treatmentcontrol,overall,summary,4.519868430824184,1.222874576219304,3.696101398066529,2.1893556034130164e-4,2.1230783038246677,6.9166585578237
grp_nfc,low,treatmentfactcheck,overall,summary,-8.988519005926154,1.1440523673054457,-7.8567373861535375,3.9426827283851196e-15,-11.230820442272616,-6.7462175695796915
grp_nfc,high,treatmentcontrol,overall,summary,4.346163833807429,1.2560787098123583,3.4601046891851936,5.399654149928964e-4,1.88429480082767,6.8080328667871886
grp_nfc,high,treatmentfactcheck,overall,summary,-14.280256237348928,1.5708835821823817,-9.090588506571438,9.850441098908671e-20,-17.359131482331662,-11.201380992366195
grp_openness,low,treatmentcontrol,overall,summary,3.2935948596070963,0.9210498703395962,3.5759137107231007,3.49006765435787e-4,1.4883702857762018,5.098819433437991
grp_openness,low,treatmentfactcheck,overall,summary,-6.598453852446857,0.9475616248496139,-6.963614481004428,3.316514136567051e-12,-8.455640510284354,-4.74126719460936
grp_openness,high,treatmentcontrol,overall,summary,5.864898345620553,1.4419760880112553,4.0672646338465315,4.756821365490151e-5,3.0386771465505342,8.691119544690572
grp_openness,high,treatmentfactcheck,overall,summary,-13.345632536897181,1.4412785408351598,-9.25957901875369,2.052398091225021e-20,-16.170486568624536,-10.520778505169828
grp_pk,low,treatmentcontrol,overall,summary,3.9515110189660643,1.0079887954917437,3.92019339564021,8.847793716051845e-5,1.9758892829823373,5.927132754949791
grp_pk,low,treatmentfactcheck,overall,summary,-7.971832719272708,1.3685641336584569,-5.824961010750983,5.712593474554708e-9,-10.654169131776543,-5.289496306768873
grp_pk,high,treatmentcontrol,overall,summary,4.415452643685408,1.1050615780655233,3.995662080130343,6.451370151253007e-5,2.249571749977986,6.581333537392831
grp_pk,high,treatmentfactcheck,overall,summary,-11.212988762833278,1.2926555612139359,-8.674382487708586,4.1580056070628725e-18,-13.746547107228004,-8.679430418438553
grp_polint,low,treatmentcontrol,overall,summary,4.537455443469095,1.3201920220064283,3.4369662653869613,5.882688669596446e-4,1.9499266276593858,7.124984259278804
grp_polint,low,treatmentfactcheck,overall,summary,-12.251720036970424,1.0726370451100768,-11.422055664423858,3.244671349637242e-30,-14.354050013869639,-10.149390060071209
grp_polint,high,treatmentcontrol,overall,summary,4.305607021888438,0.8675108279451752,4.963173810852472,6.93504672265392e-7,2.6053170429173713,6.0058970008595045
grp_polint,high,treatmentfactcheck,overall,summary,-8.894387533331553,1.286587094443129,-6.913163960486712,4.739615951283782e-12,-11.416051901414118,-6.372723165248988
