name,type2,term,type,estimate,std.error,statistic,p.value,conf.low,conf.high
grp_agree,treatmentcontrol,mods,summary,0.6092988640816538,0.7911478369803332,0.7701453958431287,0.4412136502243822,-0.9413224028465647,2.1599201310098723
grp_agree,treatmentfactcheck,mods,summary,-2.586052927009724,0.913034799507884,-2.832370604497856,0.004620426242224791,-4.375568250676926,-0.7965376033425229
grp_conscientiousness,treatmentcontrol,mods,summary,0.9334120946820781,0.7439393247224361,1.254688472114758,0.20959187219166878,-0.5246821884569444,2.3915063778211003
grp_conscientiousness,treatmentfactcheck,mods,summary,-2.5024014753866286,0.9598361170516373,-2.6071132674954387,0.009130915027246445,-4.3836456958686085,-0.6211572549046485
grp_crt,treatmentcontrol,mods,summary,0.17729257211825963,0.7979283768656146,0.22219108538875648,0.8241651335134061,-1.3866183087808477,1.741203453017367
grp_crt,treatmentfactcheck,mods,summary,-2.2324634857854164,0.8959174697475579,-2.4918182323361284,0.012709105888555648,-3.9884294596108827,-0.47649751195995016
grp_emotstab,treatmentcontrol,mods,summary,0.8891570486581499,0.7712345234580215,1.1529009939433126,0.24895102407307762,-0.622434840953483,2.400748938269783
grp_emotstab,treatmentfactcheck,mods,summary,-2.398681297278022,0.9194992528240874,-2.6086821603289785,0.009089162104815005,-4.200866716624722,-0.5964958779313219
grp_extraversion,treatmentcontrol,mods,summary,0.12095450350034653,0.8489926805995829,0.14246825239403124,0.8867101544655221,-1.5430405736129529,1.784949580613646
grp_extraversion,treatmentfactcheck,mods,summary,2.744605508343089,0.9508158980326102,2.886579319952596,0.003894545661901017,0.8810405922710651,4.608170424415112
grp_nfc,treatmentcontrol,mods,summary,-0.08865239678665983,0.8768903167229835,-0.10109861529542448,0.9194721772496003,-1.807325835955628,1.630021042382308
grp_nfc,treatmentfactcheck,mods,summary,-2.6227173311367182,0.9655063026495287,-2.71641658261525,0.0065992823020884,-4.515074911176224,-0.7303597510972131
grp_openness,treatmentcontrol,mods,summary,1.3723144187156062,0.8635342081668582,1.5891836197535303,0.11201894347847445,-0.32018152870974914,3.0648103661409616
grp_openness,treatmentfactcheck,mods,summary,-3.338826320159064,0.8551367434881116,-3.904435571953039,9.444554773763263e-5,-5.014863539252629,-1.6627891010654994
grp_pk,treatmentcontrol,mods,summary,0.2582844095469317,0.7627416269267611,0.33862634531644925,0.7348912332812729,-1.2366617087390057,1.753230527832869
grp_pk,treatmentfactcheck,mods,summary,-1.6171791604614845,0.9423464789114188,-1.7161194917708187,0.08614017439421162,-3.4641443200859983,0.22978599916302933
grp_polint,treatmentcontrol,mods,summary,-0.16912420280365884,0.82899388797443,-0.20401139894637607,0.8383445911715366,-1.7939223666373731,1.4556739610300555
grp_polint,treatmentfactcheck,mods,summary,1.6898329878545983,0.8293576536761095,2.037520218646866,0.041597937913084006,0.06432185634678111,3.3153441193624156
