name,value,fc,panel,panel_factor,term,estimate,std.error,statistic,p.value,conf.low,conf.high,df,outcome,type2
grp_agree,low,1,panel_1_lucid,Panel 1 (Lucid),treatmentfactcheck,-5.448240179562378,9.565005553250346,-0.5696013608388315,0.5713545811905161,-24.633211763187433,13.73673140406268,53,outcome_w2,treatmentfactcheck
grp_agree,low,1,panel_1_mturk,Panel 1 (MTurk),treatmentfactcheck,4.615171108316523,2.870859670995557,1.6075920237216168,0.1086568382744553,-1.0274556900612861,10.257797906694332,431,outcome_w2,treatmentfactcheck
grp_agree,low,1,panel_2_mturk,Panel 2 (MTurk),treatmentfactcheck,-4.834312311682991,4.311484596557024,-1.1212639645154887,0.26350669896442935,-13.335600133527137,3.666975510161155,202,outcome_w2,treatmentfactcheck
grp_agree,low,1,panel_3_lucid,Panel 3 (Lucid),treatmentfactcheck,8.789701535997947,6.791093130488719,1.29429848289614,0.19815538413872918,-4.662146949213064,22.24155002120896,115,outcome_w2,treatmentfactcheck
grp_agree,low,1,panel_4_mturk,Panel 4 (MTurk),treatmentfactcheck,1.5282281544619638,4.369065091441648,0.3497837918358178,0.7268182804263106,-7.079887110690713,10.13634341961464,232,outcome_w2,treatmentfactcheck
grp_agree,low,1,panel_5_lucid,Panel 5 (Lucid),treatmentfactcheck,-1.4736360354688884,6.651537957426525,-0.22154816598822163,0.8251313743125528,-14.675097642225412,11.727825571287633,97,outcome_w2,treatmentfactcheck
grp_agree,low,1,panel_6_mturk,Panel 6 (MTurk),treatmentfactcheck,-6.396143807586306,4.204303880717011,-1.5213324224545572,0.12948196652867433,-14.67784522032702,1.8855576051544087,242,outcome_w2,treatmentfactcheck
grp_agree,low,1,panel_7_lucid,Panel 7 (Lucid),treatmentfactcheck,-2.430660157793209,9.00892916355281,-0.26980566876104073,0.7880410028634901,-20.373497615070356,15.512177299483938,76,outcome_w2,treatmentfactcheck
grp_agree,low,2,panel_1_lucid,Panel 1 (Lucid),treatmentfactcheck,5.946407140348476,7.84823918224786,0.757674046657346,0.45161169861100237,-9.752408602548897,21.645222883245847,60,outcome_w2,treatmentfactcheck
grp_agree,low,2,panel_1_mturk,Panel 1 (MTurk),treatmentfactcheck,-0.2690707457546746,2.9607979425522113,-0.09087778057652098,0.9276319250588962,-6.088469716737274,5.550328225227926,431,outcome_w2,treatmentfactcheck
grp_agree,low,2,panel_2_mturk,Panel 2 (MTurk),treatmentfactcheck,-10.696400619545345,3.986432009419106,-2.683201568287628,0.007912103135967253,-18.557959604904262,-2.834841634186427,197,outcome_w2,treatmentfactcheck
grp_agree,low,2,panel_3_lucid,Panel 3 (Lucid),treatmentfactcheck,3.578316011241034,6.9755083369442294,0.512982830554338,0.6091929252483274,-10.275645650542433,17.4322776730245,92,outcome_w2,treatmentfactcheck
grp_agree,low,2,panel_4_mturk,Panel 4 (MTurk),treatmentfactcheck,-4.038489116482441,4.50847116611534,-0.8957557823225799,0.37131568186219843,-12.921469708840604,4.844491475875722,231,outcome_w2,treatmentfactcheck
grp_agree,low,2,panel_5_lucid,Panel 5 (Lucid),treatmentfactcheck,-1.2772142837037204,7.38374724369393,-0.17297643615774116,0.8631486658654268,-15.993001318682863,13.438572751275421,73,outcome_w2,treatmentfactcheck
grp_agree,low,2,panel_6_mturk,Panel 6 (MTurk),treatmentfactcheck,1.793452377632681,3.623588516124808,0.4949381999782529,0.6211203571485988,-5.346550482495875,8.933455237761237,228,outcome_w2,treatmentfactcheck
grp_agree,low,2,panel_7_lucid,Panel 7 (Lucid),treatmentfactcheck,4.493684763495935,9.740329248553875,0.46134834345185016,0.645849327189191,-14.901788665217012,23.889158192208882,77,outcome_w2,treatmentfactcheck
grp_agree,low,3,panel_1_lucid,Panel 1 (Lucid),treatmentfactcheck,12.884340951155467,7.345922003784965,1.75394469809465,0.08582312018354483,-1.885625156451228,27.654307058762164,48,outcome_w2,treatmentfactcheck
grp_agree,low,3,panel_1_mturk,Panel 1 (MTurk),treatmentfactcheck,0.8295080801653785,2.803097998323985,0.29592546556037425,0.7674282180413476,-4.679791626883951,6.338807787214709,435,outcome_w2,treatmentfactcheck
grp_agree,low,3,panel_2_mturk,Panel 2 (MTurk),treatmentfactcheck,-9.024999826106864,4.8230422120977074,-1.871225552094345,0.06276682345384271,-18.535250533661404,0.4852508814476746,201,outcome_w2,treatmentfactcheck
grp_agree,low,3,panel_3_lucid,Panel 3 (Lucid),treatmentfactcheck,5.500100600740944,7.566686366934862,0.7268836494631854,0.4690125458242643,-9.51384675586905,20.51404795735094,99,outcome_w2,treatmentfactcheck
grp_agree,low,3,panel_4_mturk,Panel 4 (MTurk),treatmentfactcheck,6.932339145371026,3.881461763924356,1.7860124785467621,0.07537565808735079,-0.71423372502327,14.578912015765322,237,outcome_w2,treatmentfactcheck
grp_agree,low,3,panel_5_lucid,Panel 5 (Lucid),treatmentfactcheck,-6.754746957881471,7.45904768586803,-0.9055776611643156,0.3676605507423074,-21.58041191108056,8.070917995317616,87,outcome_w2,treatmentfactcheck
grp_agree,low,3,panel_6_mturk,Panel 6 (MTurk),treatmentfactcheck,-25.104833079896444,4.1738795786998075,-6.014747815919685,6.67393955176514e-9,-33.32694859107209,-16.8827175687208,240,outcome_w2,treatmentfactcheck
grp_agree,low,3,panel_7_lucid,Panel 7 (Lucid),treatmentfactcheck,15.202449476439588,8.315707018496784,1.828160785682383,0.07191200996537588,-1.3912855218438391,31.796184474723013,68,outcome_w2,treatmentfactcheck
grp_agree,high,1,panel_1_lucid,Panel 1 (Lucid),treatmentfactcheck,-2.65557004061213,9.931927865353593,-0.26737709703629503,0.7899881187406828,-22.474423525127552,17.163283443903293,68,outcome_w2,treatmentfactcheck
grp_agree,high,1,panel_1_mturk,Panel 1 (MTurk),treatmentfactcheck,4.046703777276057,4.5172924382836115,0.8958250617074596,0.3714738140746635,-4.863483853901202,12.956891408453316,191,outcome_w2,treatmentfactcheck
grp_agree,high,1,panel_2_mturk,Panel 2 (MTurk),treatmentfactcheck,-11.110904578660172,4.004657013074505,-2.7744959287112505,0.0060271356890271655,-19.005384236969718,-3.216424920350625,210,outcome_w2,treatmentfactcheck
grp_agree,high,1,panel_3_lucid,Panel 3 (Lucid),treatmentfactcheck,-4.7678322116044,6.768018459017692,-0.7044650129834903,0.4824130799238321,-18.15852249155452,8.622858068345721,129,outcome_w2,treatmentfactcheck
grp_agree,high,1,panel_4_mturk,Panel 4 (MTurk),treatmentfactcheck,-1.5465655136922414,3.251135091286165,-0.4757001694077291,0.6345830793472425,-7.940658174578198,4.8475271471937145,352,outcome_w2,treatmentfactcheck
grp_agree,high,1,panel_5_lucid,Panel 5 (Lucid),treatmentfactcheck,0.9259248100034935,7.348395817146146,0.12600366570388277,0.9000412591972757,-13.695077846720102,15.54692746672709,81,outcome_w2,treatmentfactcheck
grp_agree,high,1,panel_6_mturk,Panel 6 (MTurk),treatmentfactcheck,-5.524920768636883,5.014597795738551,-1.1017674784071434,0.27378620001849086,-15.500553220275734,4.450711683001967,82,outcome_w2,treatmentfactcheck
grp_agree,high,1,panel_7_lucid,Panel 7 (Lucid),treatmentfactcheck,-0.7373180021069922,5.294903246123205,-0.13925051466178118,0.889550102853609,-11.250472519700192,9.775836515486208,94,outcome_w2,treatmentfactcheck
grp_agree,high,2,panel_1_lucid,Panel 1 (Lucid),treatmentfactcheck,1.8721197381794632,6.167902175291836,0.30352617226632383,0.7623182827855242,-10.412322083317026,14.156561559675954,76,outcome_w2,treatmentfactcheck
grp_agree,high,2,panel_1_mturk,Panel 1 (MTurk),treatmentfactcheck,0.9007633260221081,3.5575837222077444,0.2531952573313208,0.8004128343352847,-6.120250486898346,7.921777138942563,176,outcome_w2,treatmentfactcheck
grp_agree,high,2,panel_2_mturk,Panel 2 (MTurk),treatmentfactcheck,-28.42178724218228,4.94627691327333,-5.746097062603276,3.386287376353758e-8,-38.17563037099298,-18.667944113371583,199,outcome_w2,treatmentfactcheck
grp_agree,high,2,panel_3_lucid,Panel 3 (Lucid),treatmentfactcheck,8.622798747204179,6.377088730854036,1.352152857068588,0.17862118630964738,-3.9908357405855597,21.236433234993918,133,outcome_w2,treatmentfactcheck
grp_agree,high,2,panel_4_mturk,Panel 4 (MTurk),treatmentfactcheck,-9.37895893788573,3.2906112119942477,-2.8502178876980397,0.004620462600980381,-15.850194196652097,-2.907723679119364,360,outcome_w2,treatmentfactcheck
grp_agree,high,2,panel_5_lucid,Panel 5 (Lucid),treatmentfactcheck,-4.712578358709658,9.161871611886152,-0.5143685218853968,0.6086869194815903,-22.999750634541627,13.574593917122309,67,outcome_w2,treatmentfactcheck
grp_agree,high,2,panel_6_mturk,Panel 6 (MTurk),treatmentfactcheck,-12.013163072040562,5.7242810016802865,-2.098632661204832,0.03881666653671688,-23.39456728106304,-0.6317588630180868,85,outcome_w2,treatmentfactcheck
grp_agree,high,2,panel_7_lucid,Panel 7 (Lucid),treatmentfactcheck,-0.8883225451885184,5.929040387408336,-0.14982568630753015,0.881223147461058,-12.660571222161622,10.883926131784584,94,outcome_w2,treatmentfactcheck
grp_agree,high,3,panel_1_lucid,Panel 1 (Lucid),treatmentfactcheck,1.0675850862486997,8.310985347744733,0.12845469478999857,0.8981423866260914,-15.496184825119249,17.631354997616647,73,outcome_w2,treatmentfactcheck
grp_agree,high,3,panel_1_mturk,Panel 1 (MTurk),treatmentfactcheck,-2.3976027474813035,4.333530383952963,-0.553267782858893,0.5807984851247359,-10.95135109741721,6.156145602454601,172,outcome_w2,treatmentfactcheck
grp_agree,high,3,panel_2_mturk,Panel 2 (MTurk),treatmentfactcheck,2.8057363615265034,4.971479189715333,0.5643665103397848,0.573098531998258,-6.993863874582421,12.605336597635429,213,outcome_w2,treatmentfactcheck
grp_agree,high,3,panel_3_lucid,Panel 3 (Lucid),treatmentfactcheck,-7.900849727384413,6.270835769092309,-1.259935679758369,0.21011719421088518,-20.315623143655856,4.5139236888870276,121,outcome_w2,treatmentfactcheck
grp_agree,high,3,panel_4_mturk,Panel 4 (MTurk),treatmentfactcheck,-3.7467856194864737,2.46413124336847,-1.5205300568181643,0.1291839785647418,-8.591351688932543,1.0977804499595951,392,outcome_w2,treatmentfactcheck
grp_agree,high,3,panel_5_lucid,Panel 5 (Lucid),treatmentfactcheck,4.248368673783089,8.382569112652284,0.5068098594464061,0.61379511873015,-12.454264884536817,20.951002232102994,74,outcome_w2,treatmentfactcheck
grp_agree,high,3,panel_6_mturk,Panel 6 (MTurk),treatmentfactcheck,-12.065328661449977,7.646313389217382,-1.5779275642120774,0.11838615484848593,-27.27353845921818,3.1428811363182287,83,outcome_w2,treatmentfactcheck
grp_agree,high,3,panel_7_lucid,Panel 7 (Lucid),treatmentfactcheck,-5.402585843756477,6.411470552809016,-0.8426437896356676,0.4013992485026988,-18.11970728566868,7.314535598155728,102,outcome_w2,treatmentfactcheck
grp_conscientiousness,low,1,panel_1_lucid,Panel 1 (Lucid),treatmentfactcheck,-4.25880083741881,11.735485325061326,-0.3628994216646558,0.7180709882918126,-27.777238982474284,19.259637307636662,55,outcome_w2,treatmentfactcheck
grp_conscientiousness,low,1,panel_1_mturk,Panel 1 (MTurk),treatmentfactcheck,4.042491049772088,2.924191754473697,1.382430219765005,0.16757781417157747,-1.7054624491770225,9.790444548721197,418,outcome_w2,treatmentfactcheck
grp_conscientiousness,low,1,panel_2_mturk,Panel 2 (MTurk),treatmentfactcheck,0.24918484775009117,2.8829995681657414,0.08643249569011581,0.9311622034847404,-5.41708364563308,5.915453341133262,437,outcome_w2,treatmentfactcheck
grp_conscientiousness,low,1,panel_3_lucid,Panel 3 (Lucid),treatmentfactcheck,0.5256747112773248,6.641160220944686,0.07915404745385725,0.9370308798489293,-12.61212438299912,13.663473805553771,131,outcome_w2,treatmentfactcheck
grp_conscientiousness,low,1,panel_4_mturk,Panel 4 (MTurk),treatmentfactcheck,-5.831968499176164,3.969570032177784,-1.4691688147334767,0.14295549559267762,-13.647345206274357,1.9834082079220288,269,outcome_w2,treatmentfactcheck
grp_conscientiousness,low,1,panel_5_lucid,Panel 5 (Lucid),treatmentfactcheck,-0.8587535965263032,6.406359060841451,-0.13404705986203483,0.8936294956961368,-13.56573641835666,11.848229225304053,102,outcome_w2,treatmentfactcheck
grp_conscientiousness,low,1,panel_6_mturk,Panel 6 (MTurk),treatmentfactcheck,5.109450004102734,6.070795727583495,0.8416441984511595,0.4023768846851611,-6.962993066004636,17.181893074210105,84,outcome_w2,treatmentfactcheck
grp_conscientiousness,low,1,panel_7_lucid,Panel 7 (Lucid),treatmentfactcheck,2.8685090202269765,7.201545763722913,0.39831851582153543,0.6914836321408424,-11.468667254394031,17.205685294847985,78,outcome_w2,treatmentfactcheck
grp_conscientiousness,low,2,panel_1_lucid,Panel 1 (Lucid),treatmentfactcheck,-5.0689871850220305,6.786683973731652,-0.7469019044708594,0.45773588831803647,-18.61526509272,8.477290722675942,67,outcome_w2,treatmentfactcheck
grp_conscientiousness,low,2,panel_1_mturk,Panel 1 (MTurk),treatmentfactcheck,-0.2987272855610836,2.981439500535112,-0.1001956556581033,0.9202365771766007,-6.159048833483635,5.561594262361468,422,outcome_w2,treatmentfactcheck
grp_conscientiousness,low,2,panel_2_mturk,Panel 2 (MTurk),treatmentfactcheck,-13.62295069560574,3.074172218495109,-4.431420794725204,1.1961027763631024e-5,-19.66563055964779,-7.580270831563689,420,outcome_w2,treatmentfactcheck
grp_conscientiousness,low,2,panel_3_lucid,Panel 3 (Lucid),treatmentfactcheck,3.335437688369924,6.196997306365914,0.5382344905884612,0.5915026022979728,-8.945556426853871,15.616431803593718,110,outcome_w2,treatmentfactcheck
grp_conscientiousness,low,2,panel_4_mturk,Panel 4 (MTurk),treatmentfactcheck,1.5939483945982265,3.9017017897458692,0.4085264534535443,0.6832327734175545,-6.090003820727618,9.277900609924071,253,outcome_w2,treatmentfactcheck
grp_conscientiousness,low,2,panel_5_lucid,Panel 5 (Lucid),treatmentfactcheck,0.4364065135463756,7.427042252463585,0.05875912627286017,0.9533067445337824,-14.369131624798106,15.241944651890856,72,outcome_w2,treatmentfactcheck
grp_conscientiousness,low,2,panel_6_mturk,Panel 6 (MTurk),treatmentfactcheck,4.090885035955683,5.19336520974167,0.7877137214001503,0.432980800150763,-6.229837009730737,14.411607081642103,88,outcome_w2,treatmentfactcheck
grp_conscientiousness,low,2,panel_7_lucid,Panel 7 (Lucid),treatmentfactcheck,4.245452941033119,8.070249301500787,0.5260621800423949,0.6003971667406807,-11.831308075821685,20.32221395788792,75,outcome_w2,treatmentfactcheck
grp_conscientiousness,low,3,panel_1_lucid,Panel 1 (Lucid),treatmentfactcheck,4.413091276130126,10.191298087637417,0.4330254338731824,0.6668585922195823,-16.056733361929062,24.88291591418932,50,outcome_w2,treatmentfactcheck
grp_conscientiousness,low,3,panel_1_mturk,Panel 1 (MTurk),treatmentfactcheck,2.658039296279945,2.6955607625505293,0.9860802743563155,0.32463564345667595,-2.639735280740343,7.955813873300233,440,outcome_w2,treatmentfactcheck
grp_conscientiousness,low,3,panel_2_mturk,Panel 2 (MTurk),treatmentfactcheck,-6.4884878507869495,3.368476044407597,-1.92623838354417,0.05472439617681265,-13.10895754024541,0.13198183867151148,436,outcome_w2,treatmentfactcheck
grp_conscientiousness,low,3,panel_3_lucid,Panel 3 (Lucid),treatmentfactcheck,6.652303177163972,6.101688880367395,1.0902396545599393,0.27779199463942983,-5.428616159428753,18.733222513756697,120,outcome_w2,treatmentfactcheck
grp_conscientiousness,low,3,panel_4_mturk,Panel 4 (MTurk),treatmentfactcheck,-1.736785669492332,3.564899437845967,-0.4871906486489158,0.6265275058067392,-8.756038785121131,5.282467446136466,264,outcome_w2,treatmentfactcheck
grp_conscientiousness,low,3,panel_5_lucid,Panel 5 (Lucid),treatmentfactcheck,1.0726080512401037,7.609470799798429,0.14095698366679013,0.8882297882585277,-14.05203912894946,16.19725523142967,87,outcome_w2,treatmentfactcheck
grp_conscientiousness,low,3,panel_6_mturk,Panel 6 (MTurk),treatmentfactcheck,-24.8878915088459,7.034374777856254,-3.5380388868661554,6.369352369955553e-4,-38.860812863198106,-10.914970154493698,91,outcome_w2,treatmentfactcheck
grp_conscientiousness,low,3,panel_7_lucid,Panel 7 (Lucid),treatmentfactcheck,-0.3675794721017788,8.642020633753761,-0.042533972976886596,0.9661891551790434,-17.591101757053845,16.85594281285029,73,outcome_w2,treatmentfactcheck
grp_conscientiousness,high,1,panel_1_lucid,Panel 1 (Lucid),treatmentfactcheck,11.73697409322347,7.447450994517619,1.5759719804619794,0.11893013010039015,-3.081117295183743,26.555065481630685,81,outcome_w2,treatmentfactcheck
grp_conscientiousness,high,1,panel_1_mturk,Panel 1 (MTurk),treatmentfactcheck,4.516266898055217,4.887824514600582,0.9239830285568819,0.35678958589224496,-5.131576124197559,14.164109920307993,172,outcome_w2,treatmentfactcheck
grp_conscientiousness,high,1,panel_2_mturk,Panel 2 (MTurk),treatmentfactcheck,-13.440838121376887,4.352493753859552,-3.0880775209518205,0.0023163499112749185,-22.02625471284955,-4.855421529904222,190,outcome_w2,treatmentfactcheck
grp_conscientiousness,high,1,panel_3_lucid,Panel 3 (Lucid),treatmentfactcheck,-2.660217013629368,7.143631050071672,-0.3723900345613003,0.71027045303029,-16.80655134113106,11.48611731387232,118,outcome_w2,treatmentfactcheck
grp_conscientiousness,high,1,panel_4_mturk,Panel 4 (MTurk),treatmentfactcheck,2.7136235187523123,3.346831511595683,0.8108037435856836,0.4180406051002018,-3.8692737108231947,9.296520748327818,343,outcome_w2,treatmentfactcheck
grp_conscientiousness,high,1,panel_5_lucid,Panel 5 (Lucid),treatmentfactcheck,4.905453676862952,6.534160789533776,0.7507396641846282,0.45478968697345934,-8.077784631089806,17.888691984815708,89,outcome_w2,treatmentfactcheck
grp_conscientiousness,high,1,panel_6_mturk,Panel 6 (MTurk),treatmentfactcheck,-4.404790579724434,3.999435583105458,-1.1013530504982476,0.2737807609039887,-12.354101866386856,3.5445207069379876,87,outcome_w2,treatmentfactcheck
grp_conscientiousness,high,1,panel_7_lucid,Panel 7 (Lucid),treatmentfactcheck,-0.2760594420886287,7.119123581718212,-0.038777166728436153,0.969143844773699,-14.396807311549885,13.844688427372628,102,outcome_w2,treatmentfactcheck
grp_conscientiousness,high,2,panel_1_lucid,Panel 1 (Lucid),treatmentfactcheck,2.123749599563166,4.90878760792859,0.4326423893616667,0.6664103404925787,-7.641392681931224,11.888891881057555,82,outcome_w2,treatmentfactcheck
grp_conscientiousness,high,2,panel_1_mturk,Panel 1 (MTurk),treatmentfactcheck,3.0575510656427087,3.82613001890612,0.7991236707938258,0.425516830504442,-4.504204371133319,10.619306502418736,146,outcome_w2,treatmentfactcheck
grp_conscientiousness,high,2,panel_2_mturk,Panel 2 (MTurk),treatmentfactcheck,-33.36497760857272,4.8771723529651405,-6.84104952499537,1.1420489555755893e-10,-42.98769677314611,-23.74225844399933,183,outcome_w2,treatmentfactcheck
grp_conscientiousness,high,2,panel_3_lucid,Panel 3 (Lucid),treatmentfactcheck,10.168736008089764,6.414314008318272,1.5853193334318598,0.11544078387034813,-2.526988170234482,22.86446018641401,124,outcome_w2,treatmentfactcheck
grp_conscientiousness,high,2,panel_4_mturk,Panel 4 (MTurk),treatmentfactcheck,-8.647171795852547,3.5629283659016586,-2.426984465533658,0.01574245714256366,-15.655256391304594,-1.6390872004004997,341,outcome_w2,treatmentfactcheck
grp_conscientiousness,high,2,panel_5_lucid,Panel 5 (Lucid),treatmentfactcheck,-1.6324500122432406,7.276142654060087,-0.22435651551338587,0.8230519247457198,-16.112435355917462,12.84753533143098,80,outcome_w2,treatmentfactcheck
grp_conscientiousness,high,2,panel_6_mturk,Panel 6 (MTurk),treatmentfactcheck,-8.916761228125344,5.989098862694572,-1.4888318647846763,0.14027657661264567,-20.826741122952992,2.9932186667023046,84,outcome_w2,treatmentfactcheck
grp_conscientiousness,high,2,panel_7_lucid,Panel 7 (Lucid),treatmentfactcheck,-7.253084630164896,6.945674209109303,-1.0442592629312244,0.2989345036893729,-21.036549047761245,6.530379787431453,98,outcome_w2,treatmentfactcheck
grp_conscientiousness,high,3,panel_1_lucid,Panel 1 (Lucid),treatmentfactcheck,-4.341441745646309,8.537472088380026,-0.5085160690077397,0.6123935086630328,-21.31337454494784,12.630491053655225,86,outcome_w2,treatmentfactcheck
grp_conscientiousness,high,3,panel_1_mturk,Panel 1 (MTurk),treatmentfactcheck,-9.286880226919545,5.3017245272483216,-1.7516715889687278,0.08210118872996601,-19.772059880508426,1.1982994266693368,135,outcome_w2,treatmentfactcheck
grp_conscientiousness,high,3,panel_2_mturk,Panel 2 (MTurk),treatmentfactcheck,6.577153686014373,5.209106624446077,1.2626260432351528,0.2082314307695453,-3.6962675022074567,16.8505748742362,195,outcome_w2,treatmentfactcheck
grp_conscientiousness,high,3,panel_3_lucid,Panel 3 (Lucid),treatmentfactcheck,-6.471119884235863,5.321510797431415,-1.2160305842768073,0.22617674663916462,-16.999092573248866,4.05685280477714,130,outcome_w2,treatmentfactcheck
grp_conscientiousness,high,3,panel_4_mturk,Panel 4 (MTurk),treatmentfactcheck,-3.753168974084625,2.752796212165058,-1.3634024042530848,0.1736006975066226,-9.16659954458575,1.6602615964165013,363,outcome_w2,treatmentfactcheck
grp_conscientiousness,high,3,panel_5_lucid,Panel 5 (Lucid),treatmentfactcheck,-18.65133686576093,5.737712273832414,-3.2506574006547497,0.001632287011717459,-30.053834314865487,-7.24883941665637,88,outcome_w2,treatmentfactcheck
grp_conscientiousness,high,3,panel_6_mturk,Panel 6 (MTurk),treatmentfactcheck,-20.44496500540029,6.71789291281137,-3.043359766335466,0.003122607268700511,-33.80423179352458,-7.085698217276001,84,outcome_w2,treatmentfactcheck
grp_conscientiousness,high,3,panel_7_lucid,Panel 7 (Lucid),treatmentfactcheck,6.1515136836421815,6.0914359641049955,1.0098626530577037,0.31488261065978834,-5.926678585329667,18.22970595261403,105,outcome_w2,treatmentfactcheck
grp_crt,low,1,panel_1_lucid,Panel 1 (Lucid),treatmentfactcheck,0.7707986798134663,5.536886717039835,0.13921156765612058,0.8894386012483606,-10.154756854104939,11.696354213731873,180,outcome_w2,treatmentfactcheck
grp_crt,low,1,panel_1_mturk,Panel 1 (MTurk),treatmentfactcheck,2.509148134672137,3.8249314662045246,0.6559981941746952,0.5124285665678947,-5.024048242963686,10.04234451230796,250,outcome_w2,treatmentfactcheck
grp_crt,low,1,panel_2_mturk,Panel 2 (MTurk),treatmentfactcheck,5.476477515426814,4.23305311435467,1.293741743248054,0.19705233208976553,-2.8640415337472023,13.816996564600831,230,outcome_w2,treatmentfactcheck
grp_crt,low,1,panel_3_lucid,Panel 3 (Lucid),treatmentfactcheck,-3.3512165443111614,4.526315914790063,-0.7403850299889189,0.4596493313364184,-12.258809399282367,5.556376310660043,298,outcome_w2,treatmentfactcheck
grp_crt,low,1,panel_4_mturk,Panel 4 (MTurk),treatmentfactcheck,-1.4308756519385895,3.8829685675210364,-0.36850044677340477,0.7127356813250444,-9.06928367221286,6.207532368335681,331,outcome_w2,treatmentfactcheck
grp_crt,low,1,panel_5_lucid,Panel 5 (Lucid),treatmentfactcheck,-1.8342847059251346,4.400327993570377,-0.4168518139114481,0.6771705825589633,-10.503800353549082,6.835230941698813,233,outcome_w2,treatmentfactcheck
grp_crt,low,1,panel_6_mturk,Panel 6 (MTurk),treatmentfactcheck,-2.770040412946901,6.0504489639236105,-0.4578239448780637,0.6478551554613425,-14.741887406294001,9.2018065804001985,128,outcome_w2,treatmentfactcheck
grp_crt,low,1,panel_7_lucid,Panel 7 (Lucid),treatmentfactcheck,0.8772547641177434,4.696060650471686,0.18680652346975743,0.8519884859904231,-8.37895841908733,10.133467947322817,215,outcome_w2,treatmentfactcheck
grp_crt,low,2,panel_1_lucid,Panel 1 (Lucid),treatmentfactcheck,0.3334054616856038,4.607868480004209,0.0723556809688499,0.9423978729813667,-8.757973952743528,9.424784876114737,183,outcome_w2,treatmentfactcheck
grp_crt,low,2,panel_1_mturk,Panel 1 (MTurk),treatmentfactcheck,-2.158555496856296,3.8005702675410165,-0.5679556868850867,0.5705459538329618,-9.64171219776511,5.324601204052517,265,outcome_w2,treatmentfactcheck
grp_crt,low,2,panel_2_mturk,Panel 2 (MTurk),treatmentfactcheck,-13.487131256788018,4.352665899114168,-3.098590971462535,0.00219560578377547,-22.06496213353119,-4.909300380044849,222,outcome_w2,treatmentfactcheck
grp_crt,low,2,panel_3_lucid,Panel 3 (Lucid),treatmentfactcheck,4.0758428442280294,4.114340537535143,0.9906430464479303,0.32267729197634964,-4.021563829806519,12.173249518262578,293,outcome_w2,treatmentfactcheck
grp_crt,low,2,panel_4_mturk,Panel 4 (MTurk),treatmentfactcheck,-5.511749954414696,3.654567205141733,-1.5081813098579855,0.13245626220846668,-12.70069823887468,1.6771983300452877,333,outcome_w2,treatmentfactcheck
grp_crt,low,2,panel_5_lucid,Panel 5 (Lucid),treatmentfactcheck,-0.8266401645866832,4.648204766172678,-0.1778407376978224,0.8590345706964233,-9.994441660493823,8.341161331320457,193,outcome_w2,treatmentfactcheck
grp_crt,low,2,panel_6_mturk,Panel 6 (MTurk),treatmentfactcheck,-7.518151478643779,4.65923427652583,-1.6136023716432881,0.10894879559916203,-16.732683125177285,1.6963801678897257,135,outcome_w2,treatmentfactcheck
grp_crt,low,2,panel_7_lucid,Panel 7 (Lucid),treatmentfactcheck,1.3036820807190777,4.880195382688564,0.26713727186899267,0.7896307151702522,-8.317850872262529,10.925215033700685,206,outcome_w2,treatmentfactcheck
grp_crt,low,3,panel_1_lucid,Panel 1 (Lucid),treatmentfactcheck,-1.9980673947096619,5.760433935260597,-0.3468605693885579,0.7291176265596646,-13.367846784161202,9.37171199474188,173,outcome_w2,treatmentfactcheck
grp_crt,low,3,panel_1_mturk,Panel 1 (MTurk),treatmentfactcheck,1.7205371806720613,3.3837492192296557,0.5084706546496843,0.6115544727980344,-4.942504930759612,8.383579292103734,260,outcome_w2,treatmentfactcheck
grp_crt,low,3,panel_2_mturk,Panel 2 (MTurk),treatmentfactcheck,1.850645149162509,4.4028961503026345,0.4203245059584938,0.6746213856164907,-6.822246321730272,10.523536620055289,242,outcome_w2,treatmentfactcheck
grp_crt,low,3,panel_3_lucid,Panel 3 (Lucid),treatmentfactcheck,-2.8286592391575556,3.978554327525596,-0.7109766528981393,0.4776842564284026,-10.659973658852266,5.002655180537154,283,outcome_w2,treatmentfactcheck
grp_crt,low,3,panel_4_mturk,Panel 4 (MTurk),treatmentfactcheck,1.875314639152413,3.3415116259200195,0.5612174515885702,0.5750136464192838,-4.696983978976505,8.447613257281331,345,outcome_w2,treatmentfactcheck
grp_crt,low,3,panel_5_lucid,Panel 5 (Lucid),treatmentfactcheck,-0.18006357806311676,4.649757049257835,-0.03872537342394209,0.9691449467239418,-9.34453153021948,8.984404374093248,217,outcome_w2,treatmentfactcheck
grp_crt,low,3,panel_6_mturk,Panel 6 (MTurk),treatmentfactcheck,-16.214620246747753,6.127550039377361,-2.646183244942602,0.009137873182463728,-28.33637588570661,-4.092864607788897,131,outcome_w2,treatmentfactcheck
grp_crt,low,3,panel_7_lucid,Panel 7 (Lucid),treatmentfactcheck,-1.6311241661654459,4.715345831342599,-0.34591824746415606,0.729742405120022,-10.92534958104813,7.663101248717238,215,outcome_w2,treatmentfactcheck
grp_crt,high,1,panel_1_lucid,Panel 1 (Lucid),treatmentfactcheck,-7.42699246199571,13.709972180024808,-0.5417219206919114,0.5937118349909181,-35.938440418406636,21.084455494415213,21,outcome_w2,treatmentfactcheck
grp_crt,high,1,panel_1_mturk,Panel 1 (MTurk),treatmentfactcheck,3.5346840532873567,3.380717210855348,1.0455426564332644,0.296652021110472,-3.1194603084382613,10.188828415012974,287,outcome_w2,treatmentfactcheck
grp_crt,high,1,panel_2_mturk,Panel 2 (MTurk),treatmentfactcheck,-12.755097197786487,3.2330553555648875,-3.9452146019806964,9.772185180846806e-5,-19.115454917536184,-6.394739478036792,325,outcome_w2,treatmentfactcheck
grp_crt,high,1,panel_3_lucid,Panel 3 (Lucid),treatmentfactcheck,4.322707548852438,9.987332299748898,0.4328190370676982,0.6669024860815754,-15.709344215277714,24.35475931298259,53,outcome_w2,treatmentfactcheck
grp_crt,high,1,panel_4_mturk,Panel 4 (MTurk),treatmentfactcheck,-2.066762384324089,2.7836944214839225,-0.742453039519455,0.45817231902542477,-7.536352490110838,3.402827721462659,485,outcome_w2,treatmentfactcheck
grp_crt,high,1,panel_5_lucid,Panel 5 (Lucid),treatmentfactcheck,4.837350909664256,13.88775453702288,0.34831771376492365,0.7304062041925363,-23.709337377832394,33.3840391971609,26,outcome_w2,treatmentfactcheck
grp_crt,high,1,panel_6_mturk,Panel 6 (MTurk),treatmentfactcheck,-7.415329211731711,4.451403421152959,-1.6658407495699559,0.0979653189408318,-16.215448803623197,1.3847903801597763,141,outcome_w2,treatmentfactcheck
grp_crt,high,1,panel_7_lucid,Panel 7 (Lucid),treatmentfactcheck,10.431626278216386,9.297279757759922,1.1220084314995133,0.26871951119512916,-8.373897068846178,29.237149625278953,39,outcome_w2,treatmentfactcheck
grp_crt,high,2,panel_1_lucid,Panel 1 (Lucid),treatmentfactcheck,-4.497013242558524,8.374580434503697,-0.5369837065544921,0.5966684701278814,-21.864830060671736,12.870803575554689,22,outcome_w2,treatmentfactcheck
grp_crt,high,2,panel_1_mturk,Panel 1 (MTurk),treatmentfactcheck,1.8556728340622455,3.3291282798102824,0.5574050256086843,0.5777230273455769,-4.699349111944175,8.410694780068665,264,outcome_w2,treatmentfactcheck
grp_crt,high,2,panel_2_mturk,Panel 2 (MTurk),treatmentfactcheck,-31.03119010946737,3.673599777385593,-8.447079701085858,9.738301322622388e-16,-38.25789810191991,-23.804482117014828,329,outcome_w2,treatmentfactcheck
grp_crt,high,2,panel_3_lucid,Panel 3 (Lucid),treatmentfactcheck,8.313129432430015,9.950056385158147,0.8354856606471266,0.4071950229677951,-11.644156315287928,28.270415180147957,53,outcome_w2,treatmentfactcheck
grp_crt,high,2,panel_4_mturk,Panel 4 (MTurk),treatmentfactcheck,-7.031004369710373,2.8974339132846874,-2.4266314884606452,0.015607714073900648,-12.724255882964993,-1.3377528564557535,479,outcome_w2,treatmentfactcheck
grp_crt,high,2,panel_5_lucid,Panel 5 (Lucid),treatmentfactcheck,2.536798789241525,8.651850020053597,0.2932088262465985,0.772911632486935,-15.717009160145045,20.790606738628096,17,outcome_w2,treatmentfactcheck
grp_crt,high,2,panel_6_mturk,Panel 6 (MTurk),treatmentfactcheck,0.6225161207485113,4.945516682865111,0.1258748399141717,0.9000269675734692,-9.162309759319305,10.407342000816326,129,outcome_w2,treatmentfactcheck
grp_crt,high,2,panel_7_lucid,Panel 7 (Lucid),treatmentfactcheck,-18.596591504718912,8.821812297751173,-2.1080239385119874,0.04118582639103138,-36.412602873570975,-0.7805801358668454,41,outcome_w2,treatmentfactcheck
grp_crt,high,3,panel_1_lucid,Panel 1 (Lucid),treatmentfactcheck,-13.094366507795424,11.325028711137001,-1.1562325219465854,0.2612113964420835,-36.71796243846366,10.52922942287281,20,outcome_w2,treatmentfactcheck
grp_crt,high,3,panel_1_mturk,Panel 1 (MTurk),treatmentfactcheck,-1.2755056238087148,3.9711185722318314,-0.3211955524893482,0.7483163350603725,-9.094600354714295,6.5435891070968655,264,outcome_w2,treatmentfactcheck
grp_crt,high,3,panel_2_mturk,Panel 2 (MTurk),treatmentfactcheck,-10.089388670201194,4.125173877400894,-2.4458093089055706,0.01497305355649143,-18.204252512707484,-1.9745248276949035,331,outcome_w2,treatmentfactcheck
grp_crt,high,3,panel_3_lucid,Panel 3 (Lucid),treatmentfactcheck,-1.5611503562178848,7.005932449494593,-0.22283263041317306,0.8245065138230423,-15.60719921865421,12.48489850621844,54,outcome_w2,treatmentfactcheck
grp_crt,high,3,panel_4_mturk,Panel 4 (MTurk),treatmentfactcheck,-0.8083862896096298,2.1355505652713425,-0.37853764867745776,0.7051857245274924,-5.003753324884133,3.386980745664873,520,outcome_w2,treatmentfactcheck
grp_crt,high,3,panel_5_lucid,Panel 5 (Lucid),treatmentfactcheck,-6.675211910030839,14.019740752940994,-0.4761294825391508,0.6378124378268636,-35.441343820057455,22.09091999999578,27,outcome_w2,treatmentfactcheck
grp_crt,high,3,panel_6_mturk,Panel 6 (MTurk),treatmentfactcheck,-25.31455603679649,5.294926491263202,-4.78090792734636,4.2407933833111494e-6,-35.77976413389197,-14.849347939701007,145,outcome_w2,treatmentfactcheck
grp_crt,high,3,panel_7_lucid,Panel 7 (Lucid),treatmentfactcheck,2.118408025643979,7.376581611987142,0.2871801787160478,0.7753865062273355,-12.768136354854256,17.004952406142216,42,outcome_w2,treatmentfactcheck
grp_emotstab,low,1,panel_1_lucid,Panel 1 (Lucid),treatmentfactcheck,2.4946065892009477,9.475656378972634,0.2632647797082124,0.7931544499878985,-16.418882703101517,21.408095881503414,67,outcome_w2,treatmentfactcheck
grp_emotstab,low,1,panel_1_mturk,Panel 1 (MTurk),treatmentfactcheck,4.791217354772722,2.7954907927668637,1.7139091880286856,0.08726606195022622,-0.7033091519833201,10.285743861528765,430,outcome_w2,treatmentfactcheck
grp_emotstab,low,1,panel_2_mturk,Panel 2 (MTurk),treatmentfactcheck,-1.510791906876578,3.851261550196645,-0.3922849401904259,0.6952399361233903,-9.102259588105131,6.080675774351976,213,outcome_w2,treatmentfactcheck
grp_emotstab,low,1,panel_3_lucid,Panel 3 (Lucid),treatmentfactcheck,-3.3492359664448896,6.759222291164122,-0.49550611330287525,0.6211342702542852,-16.729791592697453,10.031319659807671,122,outcome_w2,treatmentfactcheck
grp_emotstab,low,1,panel_4_mturk,Panel 4 (MTurk),treatmentfactcheck,-12.013411915595928,3.9334053297697245,-3.0542013620292816,0.0024910538778098253,-19.758798365822308,-4.268025465369549,260,outcome_w2,treatmentfactcheck
grp_emotstab,low,1,panel_5_lucid,Panel 5 (Lucid),treatmentfactcheck,-2.580877628786348,6.595545815239853,-0.39130614828311855,0.6964381221711501,-15.672932597965051,10.511177340392354,96,outcome_w2,treatmentfactcheck
grp_emotstab,low,1,panel_6_mturk,Panel 6 (MTurk),treatmentfactcheck,-10.014840922863215,4.132330658419288,-2.4235332916689014,0.016126676190114604,-18.155987133634028,-1.8736947120924032,235,outcome_w2,treatmentfactcheck
grp_emotstab,low,1,panel_7_lucid,Panel 7 (Lucid),treatmentfactcheck,0.39146872191076587,8.307835392431084,0.04712042348208011,0.9625441876237673,-16.16225464831172,16.94519209213325,74,outcome_w2,treatmentfactcheck
grp_emotstab,low,2,panel_1_lucid,Panel 1 (Lucid),treatmentfactcheck,-11.153300085007153,7.779020402646013,-1.4337666579732056,0.1566630832219908,-26.703340300318054,4.396740130303748,62,outcome_w2,treatmentfactcheck
grp_emotstab,low,2,panel_1_mturk,Panel 1 (MTurk),treatmentfactcheck,0.3306908524760367,2.7699470459275832,0.1193852615205129,0.9050253789063372,-5.113487895120624,5.774869600072698,434,outcome_w2,treatmentfactcheck
grp_emotstab,low,2,panel_2_mturk,Panel 2 (MTurk),treatmentfactcheck,-8.681770072498871,4.376391277628174,-1.983773735424324,0.04869131695547502,-17.31318449924056,-0.05035564575718254,194,outcome_w2,treatmentfactcheck
grp_emotstab,low,2,panel_3_lucid,Panel 3 (Lucid),treatmentfactcheck,3.845768436040022,5.797812378875951,0.6633137095039318,0.5084234333403173,-7.6354785243393515,15.327015396419394,118,outcome_w2,treatmentfactcheck
grp_emotstab,low,2,panel_4_mturk,Panel 4 (MTurk),treatmentfactcheck,-2.2252508956453827,3.944420098866074,-0.5641515963994527,0.5731607989900054,-9.994084690045433,5.543582898754668,248,outcome_w2,treatmentfactcheck
grp_emotstab,low,2,panel_5_lucid,Panel 5 (Lucid),treatmentfactcheck,-1.7435456043714097,7.775789727971323,-0.2242274631089201,0.8231820273129592,-17.230373023928227,13.743281815185407,76,outcome_w2,treatmentfactcheck
grp_emotstab,low,2,panel_6_mturk,Panel 6 (MTurk),treatmentfactcheck,-0.6543433135889622,3.631633500594695,-0.1801787855194669,0.8571694951118669,-7.8095399333751345,6.500853306197209,232,outcome_w2,treatmentfactcheck
grp_emotstab,low,2,panel_7_lucid,Panel 7 (Lucid),treatmentfactcheck,3.951850824203543,8.137799330171589,0.4856166469418479,0.6286546723611662,-12.259476750269279,20.163178398676365,75,outcome_w2,treatmentfactcheck
grp_emotstab,low,3,panel_1_lucid,Panel 1 (Lucid),treatmentfactcheck,-1.9178327218267737,8.911355006465575,-0.21521224554911153,0.8303440581681436,-19.749412902268126,15.91374745861458,59,outcome_w2,treatmentfactcheck
grp_emotstab,low,3,panel_1_mturk,Panel 1 (MTurk),treatmentfactcheck,3.2378768224665,2.693826801057269,1.2019617672508505,0.2300292712167288,-2.05659012716728,8.53234377210028,437,outcome_w2,treatmentfactcheck
grp_emotstab,low,3,panel_2_mturk,Panel 2 (MTurk),treatmentfactcheck,-2.484497711046515,4.384064966174442,-0.5667109703473443,0.5715157631163331,-11.126913674055672,6.157918251962641,210,outcome_w2,treatmentfactcheck
grp_emotstab,low,3,panel_3_lucid,Panel 3 (Lucid),treatmentfactcheck,3.948924911356241,6.1025352551098235,0.6470957964642147,0.5188058624153986,-8.133670188323112,16.031520011035592,120,outcome_w2,treatmentfactcheck
grp_emotstab,low,3,panel_4_mturk,Panel 4 (MTurk),treatmentfactcheck,5.599218772910533,3.4283752221402874,1.6331989383049554,0.10366124509283474,-1.1523167894617439,12.350754335282812,255,outcome_w2,treatmentfactcheck
grp_emotstab,low,3,panel_5_lucid,Panel 5 (Lucid),treatmentfactcheck,2.1925178729771506,6.7901579293357015,0.32289644744561197,0.7475310491734108,-11.299381298896563,15.684417044850864,89,outcome_w2,treatmentfactcheck
grp_emotstab,low,3,panel_6_mturk,Panel 6 (MTurk),treatmentfactcheck,-19.737003344947087,4.26971369547475,-4.622558970608573,6.181549445080926e-6,-28.147725393984672,-11.326281295909505,241,outcome_w2,treatmentfactcheck
grp_emotstab,low,3,panel_7_lucid,Panel 7 (Lucid),treatmentfactcheck,8.07334900020692,9.002228368571513,0.8968167291103736,0.37312633094121217,-9.90534253466915,26.052040535082988,65,outcome_w2,treatmentfactcheck
grp_emotstab,high,1,panel_1_lucid,Panel 1 (Lucid),treatmentfactcheck,-0.351779866415718,8.079226720723584,-0.04354127920601444,0.9653827751333848,-16.43957558539584,15.736015852564403,77,outcome_w2,treatmentfactcheck
grp_emotstab,high,1,panel_1_mturk,Panel 1 (MTurk),treatmentfactcheck,5.854744581560992,4.459403874663493,1.312898482872398,0.19069214206284027,-2.937687628569951,14.647176791691937,204,outcome_w2,treatmentfactcheck
grp_emotstab,high,1,panel_2_mturk,Panel 2 (MTurk),treatmentfactcheck,-11.391198443474002,4.033058501707801,-2.8244565355673346,0.005185783943641758,-19.341017710009023,-3.4413791769389803,213,outcome_w2,treatmentfactcheck
grp_emotstab,high,1,panel_3_lucid,Panel 3 (Lucid),treatmentfactcheck,4.658110705817574,7.006954331369576,0.6647839397159453,0.5074331775959753,-9.211725762377338,18.527947174012485,123,outcome_w2,treatmentfactcheck
grp_emotstab,high,1,panel_4_mturk,Panel 4 (MTurk),treatmentfactcheck,2.968459334903967,3.254689278204109,0.9120561384409391,0.36230842134229346,-3.4306788367067584,9.367597506514691,386,outcome_w2,treatmentfactcheck
grp_emotstab,high,1,panel_5_lucid,Panel 5 (Lucid),treatmentfactcheck,-3.8322568729015924,7.30689510148883,-0.5244713136939305,0.601383161607599,-18.370686123268154,10.706172377464968,81,outcome_w2,treatmentfactcheck
grp_emotstab,high,1,panel_6_mturk,Panel 6 (MTurk),treatmentfactcheck,1.4654402783687406,4.296061256061433,0.34111251935737874,0.7337721576654053,-7.0633196413483095,9.99420019808579,95,outcome_w2,treatmentfactcheck
grp_emotstab,high,1,panel_7_lucid,Panel 7 (Lucid),treatmentfactcheck,8.923143042660502,6.4471757947270065,1.3840390469821733,0.1693972723368434,-3.866319462844407,21.712605548165413,101,outcome_w2,treatmentfactcheck
grp_emotstab,high,2,panel_1_lucid,Panel 1 (Lucid),treatmentfactcheck,-3.4448260685209586,5.906613859727,-0.583215045088486,0.561349164380071,-15.194962629515954,8.305310492474037,82,outcome_w2,treatmentfactcheck
grp_emotstab,high,2,panel_1_mturk,Panel 1 (MTurk),treatmentfactcheck,-1.7729685987491433,4.205580449704307,-0.4215752426930271,0.6738524571547354,-10.073154584037276,6.5272173865389895,175,outcome_w2,treatmentfactcheck
grp_emotstab,high,2,panel_2_mturk,Panel 2 (MTurk),treatmentfactcheck,-30.42800800096544,4.875153137715787,-6.2414466051464865,2.2779637229166027e-9,-40.0372230648586,-20.81879293707228,215,outcome_w2,treatmentfactcheck
grp_emotstab,high,2,panel_3_lucid,Panel 3 (Lucid),treatmentfactcheck,11.289260736723817,6.404418115492751,1.7627301236648303,0.08053500965891612,-1.3932307301275966,23.971752203575228,118,outcome_w2,treatmentfactcheck
grp_emotstab,high,2,panel_4_mturk,Panel 4 (MTurk),treatmentfactcheck,-6.653735865769618,3.3593047158444693,-1.980688394948711,0.04832661423625969,-13.2582958249426,-0.049175906596635954,391,outcome_w2,treatmentfactcheck
grp_emotstab,high,2,panel_5_lucid,Panel 5 (Lucid),treatmentfactcheck,1.0195281814913832,6.994946672362948,0.14575210208814623,0.8845243755211727,-12.924643160606852,14.963699523589618,72,outcome_w2,treatmentfactcheck
grp_emotstab,high,2,panel_6_mturk,Panel 6 (MTurk),treatmentfactcheck,-3.2877942239286266,5.154952865229063,-0.6377932659879969,0.5252833725820505,-13.53382123005922,6.958232782201966,87,outcome_w2,treatmentfactcheck
grp_emotstab,high,2,panel_7_lucid,Panel 7 (Lucid),treatmentfactcheck,-15.2881380501491,6.319641842977417,-2.419146279173678,0.017524441830093298,-27.839492242518368,-2.736783857779832,92,outcome_w2,treatmentfactcheck
grp_emotstab,high,3,panel_1_lucid,Panel 1 (Lucid),treatmentfactcheck,-7.678608674234798,9.607035737649518,-0.7992692942884239,0.4269173605483484,-26.8491500118506,11.491932663381004,68,outcome_w2,treatmentfactcheck
grp_emotstab,high,3,panel_1_mturk,Panel 1 (MTurk),treatmentfactcheck,-6.637019884053765,4.69422171609222,-1.413870133424132,0.15909895800134077,-15.89877526219512,2.624735494087589,183,outcome_w2,treatmentfactcheck
grp_emotstab,high,3,panel_2_mturk,Panel 2 (MTurk),treatmentfactcheck,0.9981883146287264,5.131007248752177,0.19454042183851492,0.8459390444812427,-9.116140465617393,11.112517094874844,212,outcome_w2,treatmentfactcheck
grp_emotstab,high,3,panel_3_lucid,Panel 3 (Lucid),treatmentfactcheck,-9.639163623265727,5.63111240931032,-1.711768993872083,0.08938019648429804,-20.78211886091656,1.5037916143851096,127,outcome_w2,treatmentfactcheck
grp_emotstab,high,3,panel_4_mturk,Panel 4 (MTurk),treatmentfactcheck,-2.2298473526361815,2.5118081086460067,-0.8877459010346868,0.37522042560386815,-7.168108851313724,2.70841414604136,393,outcome_w2,treatmentfactcheck
grp_emotstab,high,3,panel_5_lucid,Panel 5 (Lucid),treatmentfactcheck,-6.110413317004194,6.968815668728629,-0.8768223479383492,0.3833105639372201,-19.987098148011523,7.766271514003134,77,outcome_w2,treatmentfactcheck
grp_emotstab,high,3,panel_6_mturk,Panel 6 (MTurk),treatmentfactcheck,-25.619670769276137,5.690792794889838,-4.501951080046674,1.8748764662959654e-5,-36.91431917609532,-14.325022362456952,97,outcome_w2,treatmentfactcheck
grp_emotstab,high,3,panel_7_lucid,Panel 7 (Lucid),treatmentfactcheck,-0.10085648771247627,6.342197789099849,-0.01590245070656979,0.987342682384261,-12.677672703879598,12.475959728454644,104,outcome_w2,treatmentfactcheck
grp_extraversion,low,1,panel_1_lucid,Panel 1 (Lucid),treatmentfactcheck,7.6068532504664566,7.033247987163041,1.0815562403530132,0.28274024848763407,-6.392476684182845,21.606183185115757,79,outcome_w2,treatmentfactcheck
grp_extraversion,low,1,panel_1_mturk,Panel 1 (MTurk),treatmentfactcheck,7.885694416876617,5.310205869574974,1.4850072879580813,0.13996274722387045,-2.6199128243802106,18.391301658133443,130,outcome_w2,treatmentfactcheck
grp_extraversion,low,1,panel_2_mturk,Panel 2 (MTurk),treatmentfactcheck,-12.98580353589231,3.837654830271003,-3.383786221069625,8.572140822275013e-4,-20.552357472114462,-5.4192495996701595,204,outcome_w2,treatmentfactcheck
grp_extraversion,low,1,panel_3_lucid,Panel 3 (Lucid),treatmentfactcheck,-10.50104678145923,7.13622031177332,-1.4715138158129208,0.14393168944969734,-24.639186303600503,3.637092740682041,113,outcome_w2,treatmentfactcheck
grp_extraversion,low,1,panel_4_mturk,Panel 4 (MTurk),treatmentfactcheck,-7.014096645750697,2.423496196056532,-2.894205758261104,0.003917926168730248,-11.77218440382823,-2.256008887673164,709,outcome_w2,treatmentfactcheck
grp_extraversion,low,1,panel_5_lucid,Panel 5 (Lucid),treatmentfactcheck,-9.175630440599035,7.086425090481863,-1.2948179545315859,0.19969913869743003,-23.31266168435672,4.961400803158648,69,outcome_w2,treatmentfactcheck
grp_extraversion,low,1,panel_6_mturk,Panel 6 (MTurk),treatmentfactcheck,-6.07129274655627,3.823112481502671,-1.588049730666034,0.11364287241551384,-13.603920265798493,1.4613347726859525,231,outcome_w2,treatmentfactcheck
grp_extraversion,low,1,panel_7_lucid,Panel 7 (Lucid),treatmentfactcheck,-12.519467091914958,8.349441139745744,-1.4994377327026942,0.13807259342429296,-29.159879286214743,4.120945102384827,73,outcome_w2,treatmentfactcheck
grp_extraversion,low,2,panel_1_lucid,Panel 1 (Lucid),treatmentfactcheck,-3.4059772516317572,5.065423033323158,-0.6723973948918684,0.5032926761184702,-13.48844959321437,6.676495089950855,79,outcome_w2,treatmentfactcheck
grp_extraversion,low,2,panel_1_mturk,Panel 1 (MTurk),treatmentfactcheck,-4.086471242606395,4.787323598070943,-0.8536024688728047,0.39490755572332703,-13.558308230026295,5.385365744813505,129,outcome_w2,treatmentfactcheck
grp_extraversion,low,2,panel_2_mturk,Panel 2 (MTurk),treatmentfactcheck,-32.38712919556791,4.588608390889767,-7.058159345188268,2.6183579016355282e-11,-41.43457484810281,-23.339683543033008,203,outcome_w2,treatmentfactcheck
grp_extraversion,low,2,panel_3_lucid,Panel 3 (Lucid),treatmentfactcheck,2.6183280077623876,7.7120301628267285,0.3395121585990632,0.7349289050096433,-12.680265321965761,17.916921337490535,101,outcome_w2,treatmentfactcheck
grp_extraversion,low,2,panel_4_mturk,Panel 4 (MTurk),treatmentfactcheck,-7.264773132736768,2.38780090672503,-3.04245346095488,0.002433841317096376,-11.95283670899472,-2.576709556478817,704,outcome_w2,treatmentfactcheck
grp_extraversion,low,2,panel_5_lucid,Panel 5 (Lucid),treatmentfactcheck,-5.412446631069722,8.919744395737363,-0.606793915939594,0.5460384548800576,-23.216330960731817,12.391437698592375,67,outcome_w2,treatmentfactcheck
grp_extraversion,low,2,panel_6_mturk,Panel 6 (MTurk),treatmentfactcheck,-1.2280488063486237,3.652857840973167,-0.33618850221158786,0.7370506130594975,-8.427303287701143,5.971205675003897,219,outcome_w2,treatmentfactcheck
grp_extraversion,low,2,panel_7_lucid,Panel 7 (Lucid),treatmentfactcheck,-12.281025806467744,7.0272483484208434,-1.7476293988140499,0.08540065004809533,-26.323861083479034,1.7618094705435468,63,outcome_w2,treatmentfactcheck
grp_extraversion,low,3,panel_1_lucid,Panel 1 (Lucid),treatmentfactcheck,13.220153910483623,7.242288628323015,1.8254110805225956,0.07197402300825756,-1.210421186104238,27.650729007071483,74,outcome_w2,treatmentfactcheck
grp_extraversion,low,3,panel_1_mturk,Panel 1 (MTurk),treatmentfactcheck,2.9824679580749014,5.615337061874633,0.5311289287199493,0.596327764118963,-8.137428195869473,14.102364112019275,118,outcome_w2,treatmentfactcheck
grp_extraversion,low,3,panel_2_mturk,Panel 2 (MTurk),treatmentfactcheck,-8.098879180806037,4.63778965837419,-1.7462799689896147,0.08216445284994911,-17.239291820769495,1.0415334591574208,219,outcome_w2,treatmentfactcheck
grp_extraversion,low,3,panel_3_lucid,Panel 3 (Lucid),treatmentfactcheck,-5.730389703516316,6.059348227492195,-0.9457105761832034,0.34626199757476706,-17.73169236084175,6.270912953809118,116,outcome_w2,treatmentfactcheck
grp_extraversion,low,3,panel_4_mturk,Panel 4 (MTurk),treatmentfactcheck,1.133152045590418,1.9191761392381954,0.59043671001465,0.5550796428210021,-2.634576867560998,4.900880958741834,734,outcome_w2,treatmentfactcheck
grp_extraversion,low,3,panel_5_lucid,Panel 5 (Lucid),treatmentfactcheck,5.1283889552824355,9.086384436552034,0.5644036955614966,0.5743641168949347,-13.00811028796086,23.264888198525732,67,outcome_w2,treatmentfactcheck
grp_extraversion,low,3,panel_6_mturk,Panel 6 (MTurk),treatmentfactcheck,-24.55440410862771,4.077351995068727,-6.022144798468356,6.6489181121587725e-9,-32.58759321947795,-16.52121499777747,233,outcome_w2,treatmentfactcheck
grp_extraversion,low,3,panel_7_lucid,Panel 7 (Lucid),treatmentfactcheck,-1.2467523924253618,7.545779298966016,-0.1652251335519715,0.8691942573753564,-16.269244991671787,13.775740206821064,78,outcome_w2,treatmentfactcheck
grp_extraversion,high,1,panel_1_lucid,Panel 1 (Lucid),treatmentfactcheck,-3.8483631700848577,9.363204982673754,-0.4110091765806798,0.6824387945231002,-22.553515423427395,14.856789083257679,64,outcome_w2,treatmentfactcheck
grp_extraversion,high,1,panel_1_mturk,Panel 1 (MTurk),treatmentfactcheck,-3.276491324389855,3.7115555792634183,-0.8827811558839961,0.3782762476344155,-10.589487210488945,4.0365045617092346,230,outcome_w2,treatmentfactcheck
grp_extraversion,high,1,panel_2_mturk,Panel 2 (MTurk),treatmentfactcheck,-2.4582823902803925,4.2491810605233615,-0.578530864010208,0.5635837675389078,-10.839352205021282,5.922787424460497,192,outcome_w2,treatmentfactcheck
grp_extraversion,high,1,panel_3_lucid,Panel 3 (Lucid),treatmentfactcheck,-1.9308258458320378,6.512575917919012,-0.2964765202228924,0.7673055605930093,-14.806538288903011,10.944886597238936,140,outcome_w2,treatmentfactcheck
grp_extraversion,high,1,panel_4_mturk,Panel 4 (MTurk),treatmentfactcheck,8.473185469708001,4.042816146075288,2.095862182091475,0.03698895869639735,0.5151359982269579,16.431234941189047,281,outcome_w2,treatmentfactcheck
grp_extraversion,high,1,panel_5_lucid,Panel 5 (Lucid),treatmentfactcheck,4.452384085374333,6.8227772133404905,0.6525765016434425,0.5154555182920888,-9.075922782938004,17.980690953686672,105,outcome_w2,treatmentfactcheck
grp_extraversion,high,1,panel_6_mturk,Panel 6 (MTurk),treatmentfactcheck,-6.4225305174382425,7.269944717201167,-0.8834359499656322,0.37927881113976236,-20.85919992705015,8.014138892173666,93,outcome_w2,treatmentfactcheck
grp_extraversion,high,1,panel_7_lucid,Panel 7 (Lucid),treatmentfactcheck,5.582841328811261,6.812000127503039,0.8195597804337784,0.4143235447134218,-7.924096569095578,19.0897792267181,105,outcome_w2,treatmentfactcheck
grp_extraversion,high,2,panel_1_lucid,Panel 1 (Lucid),treatmentfactcheck,-2.8589623459565994,8.471625380439232,-0.33747506736521554,0.7369366100924737,-19.80473614336992,14.086811451456722,60,outcome_w2,treatmentfactcheck
grp_extraversion,high,2,panel_1_mturk,Panel 1 (MTurk),treatmentfactcheck,-0.8879206873935311,4.2470525747629955,-0.20906750546714883,0.8345982006005503,-9.260240726231743,7.48439935144468,210,outcome_w2,treatmentfactcheck
grp_extraversion,high,2,panel_2_mturk,Panel 2 (MTurk),treatmentfactcheck,-14.512111686657676,4.7013035381054,-3.0868272105880616,0.002307019094302891,-23.7820356815629,-5.242187691752452,202,outcome_w2,treatmentfactcheck
grp_extraversion,high,2,panel_3_lucid,Panel 3 (Lucid),treatmentfactcheck,-0.7592597002363232,6.50781985834166,-0.1166688256226256,0.9073053507265396,-13.63609314993267,12.117573749460025,128,outcome_w2,treatmentfactcheck
grp_extraversion,high,2,panel_4_mturk,Panel 4 (MTurk),treatmentfactcheck,-2.123702256938898,4.0180829067506005,-0.5285361965456117,0.5975582147066187,-10.034197896150852,5.786793382273057,272,outcome_w2,treatmentfactcheck
grp_extraversion,high,2,panel_5_lucid,Panel 5 (Lucid),treatmentfactcheck,7.387296672556665,6.262089434204559,1.1796855905963335,0.24195550614742134,-5.093029571878248,19.86762291699158,73,outcome_w2,treatmentfactcheck
grp_extraversion,high,2,panel_6_mturk,Panel 6 (MTurk),treatmentfactcheck,-3.731739995646372,5.877844931180953,-0.6348823487755071,0.5270640292566151,-15.403975124428907,7.940495133136164,93,outcome_w2,treatmentfactcheck
grp_extraversion,high,2,panel_7_lucid,Panel 7 (Lucid),treatmentfactcheck,-5.60508886912427,7.281103169256084,-0.7698131366674408,0.44318991905311833,-20.047122482450867,8.836944744202325,102,outcome_w2,treatmentfactcheck
grp_extraversion,high,3,panel_1_lucid,Panel 1 (Lucid),treatmentfactcheck,-6.791479207127463,8.330107642321636,-0.8152930908867162,0.41818366690178366,-23.459986098390807,9.877027684135882,59,outcome_w2,treatmentfactcheck
grp_extraversion,high,3,panel_1_mturk,Panel 1 (MTurk),treatmentfactcheck,2.1866277177053113,3.8421034163241727,0.5691225562578187,0.5698381429444711,-5.3842994702299265,9.757554905640548,226,outcome_w2,treatmentfactcheck
grp_extraversion,high,3,panel_2_mturk,Panel 2 (MTurk),treatmentfactcheck,1.1340070987043782,5.364473870396728,0.2113920444206606,0.8327966120930923,-9.444178668113702,11.712192865522459,200,outcome_w2,treatmentfactcheck
grp_extraversion,high,3,panel_3_lucid,Panel 3 (Lucid),treatmentfactcheck,2.7519319229317523,5.8010353112978015,0.4743863423089719,0.6360082591963917,-8.723089308307351,14.226953154170857,132,outcome_w2,treatmentfactcheck
grp_extraversion,high,3,panel_4_mturk,Panel 4 (MTurk),treatmentfactcheck,-1.512825076204359,3.5714421850745217,-0.42358940669028144,0.672183663371724,-8.542470640579682,5.516820488170963,286,outcome_w2,treatmentfactcheck
grp_extraversion,high,3,panel_5_lucid,Panel 5 (Lucid),treatmentfactcheck,-18.8840871403401,7.373315501539426,-2.5611391695360677,0.012060152360423251,-33.528128168511216,-4.2400461121689865,92,outcome_w2,treatmentfactcheck
grp_extraversion,high,3,panel_6_mturk,Panel 6 (MTurk),treatmentfactcheck,-18.074366444542825,6.328682095396126,-2.855944756285236,0.005259466042625029,-30.636701116517205,-5.512031772568445,96,outcome_w2,treatmentfactcheck
grp_extraversion,high,3,panel_7_lucid,Panel 7 (Lucid),treatmentfactcheck,16.70090933421219,6.724585793111773,2.483559560102499,0.014574386421053732,3.368763954281606,30.03305471414278,106,outcome_w2,treatmentfactcheck
grp_nfc,low,1,panel_1_lucid,Panel 1 (Lucid),treatmentfactcheck,9.184883625775909,7.341082865414759,1.2511619599129777,0.21357887871886364,-5.366416168813929,23.736183420365748,108,outcome_w2,treatmentfactcheck
grp_nfc,low,1,panel_1_mturk,Panel 1 (MTurk),treatmentfactcheck,2.702324129022141,4.018036567910693,0.6725484159611074,0.5018684292209834,-5.211978071313201,10.616626329357484,245,outcome_w2,treatmentfactcheck
grp_nfc,low,1,panel_2_mturk,Panel 2 (MTurk),treatmentfactcheck,-1.359410514050146,3.9162106633498537,-0.34712394988663137,0.7287800904143868,-9.071077663762164,6.352256635661873,259,outcome_w2,treatmentfactcheck
grp_nfc,low,1,panel_3_lucid,Panel 3 (Lucid),treatmentfactcheck,-2.5247884410778663,5.404963090205277,-0.4671240855748334,0.6409247369086402,-13.183470122022841,8.133893239867108,198,outcome_w2,treatmentfactcheck
grp_nfc,low,1,panel_4_mturk,Panel 4 (MTurk),treatmentfactcheck,-3.026359544364958,3.5105676418405283,-0.8620712810929606,0.38926312673655983,-9.931819461593431,3.8791003728635145,336,outcome_w2,treatmentfactcheck
grp_nfc,low,1,panel_5_lucid,Panel 5 (Lucid),treatmentfactcheck,3.083484345636962,5.4338483561593955,0.5674586671418167,0.5713381279957503,-7.662281029273054,13.82924972054698,136,outcome_w2,treatmentfactcheck
grp_nfc,low,1,panel_6_mturk,Panel 6 (MTurk),treatmentfactcheck,-2.0474863485743398,6.415235873900675,-0.3191599481017056,0.7501792469466279,-14.753669332330377,10.658696635181697,116,outcome_w2,treatmentfactcheck
grp_nfc,low,1,panel_7_lucid,Panel 7 (Lucid),treatmentfactcheck,-4.308393939722693,6.752053188508086,-0.6380864930174911,0.5245940145577981,-17.67259856199506,9.055810682549671,124,outcome_w2,treatmentfactcheck
grp_nfc,low,2,panel_1_lucid,Panel 1 (Lucid),treatmentfactcheck,5.422841627939445,6.026979202898046,0.8997611316348821,0.3701608306128271,-6.517691195442793,17.363374451321683,113,outcome_w2,treatmentfactcheck
grp_nfc,low,2,panel_1_mturk,Panel 1 (MTurk),treatmentfactcheck,-2.9977992164583784,3.8445828465199887,-0.779746291375124,0.43626617644875265,-10.569118988421375,4.5735205555046186,254,outcome_w2,treatmentfactcheck
grp_nfc,low,2,panel_2_mturk,Panel 2 (MTurk),treatmentfactcheck,-18.008360705301552,4.188694673612919,-4.29927748583513,2.4411728045483137e-5,-26.257201399921342,-9.759520010681763,255,outcome_w2,treatmentfactcheck
grp_nfc,low,2,panel_3_lucid,Panel 3 (Lucid),treatmentfactcheck,6.036944973762913,5.0626992406369915,1.1924360280590836,0.23446875178537693,-3.944690564800756,16.018580512326583,205,outcome_w2,treatmentfactcheck
grp_nfc,low,2,panel_4_mturk,Panel 4 (MTurk),treatmentfactcheck,0.3843369088032087,3.58868697889262,0.10709680478228992,0.914776289688848,-6.6748637746544786,7.443537592260896,335,outcome_w2,treatmentfactcheck
grp_nfc,low,2,panel_5_lucid,Panel 5 (Lucid),treatmentfactcheck,0.8343413318573546,6.588270091239964,0.12664042613655582,0.8994767714172409,-12.235014303980519,13.903696967695227,101,outcome_w2,treatmentfactcheck
grp_nfc,low,2,panel_6_mturk,Panel 6 (MTurk),treatmentfactcheck,-0.8562329032273006,5.345048345155776,-0.1601917977043754,0.8729949224750418,-11.437289957802795,9.724824151348193,122,outcome_w2,treatmentfactcheck
grp_nfc,low,2,panel_7_lucid,Panel 7 (Lucid),treatmentfactcheck,-8.108617321323601,7.353945651687385,-1.1026213281115362,0.27257655519165186,-22.68095155804284,6.463716915395636,111,outcome_w2,treatmentfactcheck
grp_nfc,low,3,panel_1_lucid,Panel 1 (Lucid),treatmentfactcheck,6.711723458301393,7.377543308493727,0.9097504653851671,0.36499887011028276,-7.913395709207516,21.336842625810302,107,outcome_w2,treatmentfactcheck
grp_nfc,low,3,panel_1_mturk,Panel 1 (MTurk),treatmentfactcheck,3.4901370421548545,3.8406492532978738,0.9087362088995649,0.3643680940013302,-4.074163257890688,11.054437342200398,249,outcome_w2,treatmentfactcheck
grp_nfc,low,3,panel_2_mturk,Panel 2 (MTurk),treatmentfactcheck,-2.541957312193197,4.44746940137441,-0.571551388618357,0.5681140632635793,-11.299135634170062,6.215221009783667,263,outcome_w2,treatmentfactcheck
grp_nfc,low,3,panel_3_lucid,Panel 3 (Lucid),treatmentfactcheck,3.3781204058483096,4.37175776510369,0.7727144520250395,0.44059013792294965,-5.241756780523089,11.997997592219708,203,outcome_w2,treatmentfactcheck
grp_nfc,low,3,panel_4_mturk,Panel 4 (MTurk),treatmentfactcheck,0.6472794122968681,3.1911906470307905,0.20283320048556874,0.8393860230316043,-5.629552119774651,6.924110944368387,342,outcome_w2,treatmentfactcheck
grp_nfc,low,3,panel_5_lucid,Panel 5 (Lucid),treatmentfactcheck,2.3597858869809496,5.682988906078953,0.4152367576253307,0.6786804682767738,-8.887554470627794,13.607126244589693,125,outcome_w2,treatmentfactcheck
grp_nfc,low,3,panel_6_mturk,Panel 6 (MTurk),treatmentfactcheck,-20.464857210385844,5.990678740766043,-3.4161166198287827,8.536128631995494e-4,-32.319329328742704,-8.610385092028986,127,outcome_w2,treatmentfactcheck
grp_nfc,low,3,panel_7_lucid,Panel 7 (Lucid),treatmentfactcheck,-5.538183396792574,6.259483398959627,-0.8847668479659299,0.37811265723307996,-17.93587897873301,6.859512185147864,116,outcome_w2,treatmentfactcheck
grp_nfc,high,1,panel_1_lucid,Panel 1 (Lucid),treatmentfactcheck,-14.811843979954064,6.858517780762596,-2.159627554148754,0.03443941725169931,-28.505316547776435,-1.1183714121316939,66,outcome_w2,treatmentfactcheck
grp_nfc,high,1,panel_1_mturk,Panel 1 (MTurk),treatmentfactcheck,5.565589701510045,4.3508420902307705,1.2791982761237937,0.20223220018865215,-3.0110975965545785,14.142276999574669,211,outcome_w2,treatmentfactcheck
grp_nfc,high,1,panel_2_mturk,Panel 2 (MTurk),treatmentfactcheck,-13.932299935385947,3.2200741441767864,-4.326701594924842,2.2689320827722444e-5,-20.277357864963594,-7.5872420058083,227,outcome_w2,treatmentfactcheck
grp_nfc,high,1,panel_3_lucid,Panel 3 (Lucid),treatmentfactcheck,4.056474960726815,6.874890890600723,0.5900420857984502,0.5562361389664328,-9.550859882866934,17.663809804320564,124,outcome_w2,treatmentfactcheck
grp_nfc,high,1,panel_4_mturk,Panel 4 (MTurk),treatmentfactcheck,3.5520172230405147,3.07277301503297,1.1559647281666858,0.24837038120092564,-2.4883817989661003,9.59241624504713,409,outcome_w2,treatmentfactcheck
grp_nfc,high,1,panel_5_lucid,Panel 5 (Lucid),treatmentfactcheck,2.7611806644864414,8.13462557117388,0.3394354958722439,0.7352303449397124,-13.44382445785076,18.966185786823644,75,outcome_w2,treatmentfactcheck
grp_nfc,high,1,panel_6_mturk,Panel 6 (MTurk),treatmentfactcheck,-1.9715153374479384,3.6087125265298146,-0.5463209726333546,0.5858596478348239,-9.116514991926124,5.173484317030248,120,outcome_w2,treatmentfactcheck
grp_nfc,high,1,panel_7_lucid,Panel 7 (Lucid),treatmentfactcheck,3.3316514797183934,5.994046252487811,0.555826788679784,0.5797239066705375,-8.578390747830335,15.241693707267123,89,outcome_w2,treatmentfactcheck
grp_nfc,high,2,panel_1_lucid,Panel 1 (Lucid),treatmentfactcheck,-7.056363064802133,5.377385068759405,-1.3122294525264635,0.19366933418504123,-17.778564359007042,3.665838229402775,71,outcome_w2,treatmentfactcheck
grp_nfc,high,2,panel_1_mturk,Panel 1 (MTurk),treatmentfactcheck,-4.053371014835474,4.001783853751262,-1.0128910413379408,0.31242097192004953,-11.947814212125284,3.8410721824543357,187,outcome_w2,treatmentfactcheck
grp_nfc,high,2,panel_2_mturk,Panel 2 (MTurk),treatmentfactcheck,-28.018388254558072,4.943909028907408,-5.66725400704836,4.5647026449609105e-8,-37.76236625085912,-18.27441025825703,218,outcome_w2,treatmentfactcheck
grp_nfc,high,2,panel_3_lucid,Panel 3 (Lucid),treatmentfactcheck,9.411439954499917,7.280049292659252,1.2927714602138514,0.19916092306244124,-5.037442671965609,23.860322580965445,97,outcome_w2,treatmentfactcheck
grp_nfc,high,2,panel_4_mturk,Panel 4 (MTurk),treatmentfactcheck,-8.464285305802068,3.276652920918312,-2.5832108282710258,0.010143522635459482,-14.905946722294262,-2.022623889309875,399,outcome_w2,treatmentfactcheck
grp_nfc,high,2,panel_5_lucid,Panel 5 (Lucid),treatmentfactcheck,8.627250171823814,5.853643782776344,1.473825619045778,0.14501160101820573,-3.047474227633998,20.301974571281626,70,outcome_w2,treatmentfactcheck
grp_nfc,high,2,panel_6_mturk,Panel 6 (MTurk),treatmentfactcheck,-13.942408603489888,4.844690467347548,-2.8778739730555603,0.004810890899697239,-23.543447974356916,-4.34136923262286,110,outcome_w2,treatmentfactcheck
grp_nfc,high,2,panel_7_lucid,Panel 7 (Lucid),treatmentfactcheck,-17.061393396280828,6.935651701502304,-2.459955333769893,0.015722701842936632,-30.832292434235654,-3.2904943583260025,94,outcome_w2,treatmentfactcheck
grp_nfc,high,3,panel_1_lucid,Panel 1 (Lucid),treatmentfactcheck,-23.577732337702564,8.384564597675586,-2.8120401558166668,0.006555201359603616,-40.332947704621795,-6.822516970783333,63,outcome_w2,treatmentfactcheck
grp_nfc,high,3,panel_1_mturk,Panel 1 (MTurk),treatmentfactcheck,-1.8449120388123392,4.322595134371931,-0.4268065783311911,0.669974749310168,-10.368107367851438,6.67828329022676,202,outcome_w2,treatmentfactcheck
grp_nfc,high,3,panel_2_mturk,Panel 2 (MTurk),treatmentfactcheck,-3.462391640335863,4.6299049451145695,-0.7478321221236616,0.4553059516594733,-12.583613905719687,5.658830625047962,236,outcome_w2,treatmentfactcheck
grp_nfc,high,3,panel_3_lucid,Panel 3 (Lucid),treatmentfactcheck,-9.843118114401786,6.7838815703928965,-1.450956655458198,0.1498015564729682,-23.29580984371225,3.609573614908678,104,outcome_w2,treatmentfactcheck
grp_nfc,high,3,panel_4_mturk,Panel 4 (MTurk),treatmentfactcheck,-1.497178404170357,2.225225505172909,-0.672820979577088,0.5014277086740839,-5.871025353419068,2.876668545078353,424,outcome_w2,treatmentfactcheck
grp_nfc,high,3,panel_5_lucid,Panel 5 (Lucid),treatmentfactcheck,5.611538499327319,7.6121629441792305,0.7371805543939752,0.46358634920070174,-9.582402329456222,20.80547932811086,67,outcome_w2,treatmentfactcheck
grp_nfc,high,3,panel_6_mturk,Panel 6 (MTurk),treatmentfactcheck,-30.24358908803671,5.175656346334569,-5.84343068091362,4.8593075374043567e-8,-40.49556820901853,-19.991609967054888,115,outcome_w2,treatmentfactcheck
grp_nfc,high,3,panel_7_lucid,Panel 7 (Lucid),treatmentfactcheck,13.402486334237313,6.69790181720193,2.0009977303364304,0.04858343606004016,0.0852631036613527,26.71970956481327,85,outcome_w2,treatmentfactcheck
grp_openness,low,1,panel_1_lucid,Panel 1 (Lucid),treatmentfactcheck,-2.0582995165037814,5.578702394584898,-0.3689566804104337,0.7126301764790003,-13.072653900390096,8.956054867382532,166,outcome_w2,treatmentfactcheck
grp_openness,low,1,panel_1_mturk,Panel 1 (MTurk),treatmentfactcheck,5.192896526325729,2.8058678834541255,1.850727383476475,0.0648595839336007,-0.3212359145935757,10.707028967245034,453,outcome_w2,treatmentfactcheck
grp_openness,low,1,panel_2_mturk,Panel 2 (MTurk),treatmentfactcheck,2.1631246297143942,3.9814943361528248,0.5432946645365679,0.5875143434553226,-5.686577268142736,10.012826527571525,206,outcome_w2,treatmentfactcheck
grp_openness,low,1,panel_3_lucid,Panel 3 (Lucid),treatmentfactcheck,0.6727329419818703,6.994784330261593,0.09617636659237944,0.9235493691785865,-13.183880942268557,14.529346826232297,114,outcome_w2,treatmentfactcheck
grp_openness,low,1,panel_4_mturk,Panel 4 (MTurk),treatmentfactcheck,1.5843270248397352,4.037724055184496,0.39238120366483104,0.6951095593237773,-6.367809910353925,9.536463960033394,251,outcome_w2,treatmentfactcheck
grp_openness,low,1,panel_5_lucid,Panel 5 (Lucid),treatmentfactcheck,-9.959051959790811,6.508063146959239,-1.5302635722648106,0.12966478780271612,-22.89882505472508,2.9807211351434564,85,outcome_w2,treatmentfactcheck
grp_openness,low,1,panel_6_mturk,Panel 6 (MTurk),treatmentfactcheck,-9.087940761927225,6.882183706082455,-1.3205024960166827,0.18980683539522028,-22.748967447516378,4.573085923661928,96,outcome_w2,treatmentfactcheck
grp_openness,low,1,panel_7_lucid,Panel 7 (Lucid),treatmentfactcheck,-1.9682249706364099,8.200953319350075,-0.23999953346794461,0.8109942001309322,-18.308981161389877,14.372531220117057,74,outcome_w2,treatmentfactcheck
grp_openness,low,2,panel_1_lucid,Panel 1 (Lucid),treatmentfactcheck,-1.4829540393566705,4.808726399072385,-0.3083881086773279,0.7581645896098148,-10.975460293551654,8.009552214838314,170,outcome_w2,treatmentfactcheck
grp_openness,low,2,panel_1_mturk,Panel 1 (MTurk),treatmentfactcheck,-0.8694898101951146,2.7935035917014748,-0.31125423027128574,0.7557471480878283,-6.358975150551199,4.6199955301609705,464,outcome_w2,treatmentfactcheck
grp_openness,low,2,panel_2_mturk,Panel 2 (MTurk),treatmentfactcheck,-6.209373146801806,4.2424084455454185,-1.4636434059812709,0.14479376624862042,-14.57277002384588,2.154023730242269,209,outcome_w2,treatmentfactcheck
grp_openness,low,2,panel_3_lucid,Panel 3 (Lucid),treatmentfactcheck,-5.0775401584885955,7.105856401431826,-0.7145571021482329,0.4764103011929979,-19.161116532862344,9.006036215885155,109,outcome_w2,treatmentfactcheck
grp_openness,low,2,panel_4_mturk,Panel 4 (MTurk),treatmentfactcheck,1.116449480961028,3.9907681233630945,0.2797580431759526,0.7798972760233178,-6.743826299329966,8.976725261252021,247,outcome_w2,treatmentfactcheck
grp_openness,low,2,panel_5_lucid,Panel 5 (Lucid),treatmentfactcheck,0.9312720279648801,7.066727900019006,0.13178263563287548,0.895563291794009,-13.181958149454493,15.044502205384253,65,outcome_w2,treatmentfactcheck
grp_openness,low,2,panel_6_mturk,Panel 6 (MTurk),treatmentfactcheck,4.78219957435215,5.703043254100168,0.8385346842519592,0.4037505553838263,-6.533875526063966,16.098274674768266,99,outcome_w2,treatmentfactcheck
grp_openness,low,2,panel_7_lucid,Panel 7 (Lucid),treatmentfactcheck,2.4453081262212453,8.550406545825423,0.2859873519599044,0.7758260933473295,-14.641315929336425,19.531932181778917,63,outcome_w2,treatmentfactcheck
grp_openness,low,3,panel_1_lucid,Panel 1 (Lucid),treatmentfactcheck,-3.2297055876272127,5.47663554657981,-0.5897243955998098,0.5561821107479485,-14.043024710180305,7.58361353492588,165,outcome_w2,treatmentfactcheck
grp_openness,low,3,panel_1_mturk,Panel 1 (MTurk),treatmentfactcheck,-0.6976591306171545,2.734218882376018,-0.2551584787575212,0.7987147405558211,-6.070766880411897,4.675448619177589,460,outcome_w2,treatmentfactcheck
grp_openness,low,3,panel_2_mturk,Panel 2 (MTurk),treatmentfactcheck,-6.435965501571217,4.256069802534423,-1.5121851379737006,0.13201933780786682,-14.827005745684357,1.9550747425419237,206,outcome_w2,treatmentfactcheck
grp_openness,low,3,panel_3_lucid,Panel 3 (Lucid),treatmentfactcheck,-4.9628636745215,5.503713009097842,-0.9017300986293619,0.3690371326381243,-15.861713814400613,5.935986465357613,118,outcome_w2,treatmentfactcheck
grp_openness,low,3,panel_4_mturk,Panel 4 (MTurk),treatmentfactcheck,6.139687231937526,3.847527211143566,1.595748878436829,0.1117785841026718,-1.4371476447072604,13.716522108582314,256,outcome_w2,treatmentfactcheck
grp_openness,low,3,panel_5_lucid,Panel 5 (Lucid),treatmentfactcheck,8.492863401896606,8.140841358960982,1.0432414817355626,0.3001007837399239,-7.717622736294,24.703349540087213,77,outcome_w2,treatmentfactcheck
grp_openness,low,3,panel_6_mturk,Panel 6 (MTurk),treatmentfactcheck,-15.898950180990727,6.345639191173519,-2.5054923077103735,0.013763905982902279,-28.481180491242036,-3.316719870739419,105,outcome_w2,treatmentfactcheck
grp_openness,low,3,panel_7_lucid,Panel 7 (Lucid),treatmentfactcheck,5.9844861120185335,7.968677592854905,0.7510011595129044,0.4552816483640183,-9.921060933854047,21.890033157891114,67,outcome_w2,treatmentfactcheck
grp_openness,high,1,panel_1_lucid,Panel 1 (Lucid),treatmentfactcheck,0.9736024932753158,10.052197440489506,0.09685469262210442,0.9231492528769842,-19.11411119347809,21.061316180028722,63,outcome_w2,treatmentfactcheck
grp_openness,high,1,panel_1_mturk,Panel 1 (MTurk),treatmentfactcheck,3.7624249677084434,5.139396691761402,0.7320752207627244,0.4651132421993833,-6.38156891138475,13.906418846801635,173,outcome_w2,treatmentfactcheck
grp_openness,high,1,panel_2_mturk,Panel 2 (MTurk),treatmentfactcheck,-7.982887730647337,4.15670647382558,-1.9204838688790964,0.056263245575888854,-16.181024951447494,0.21524949015282058,194,outcome_w2,treatmentfactcheck
grp_openness,high,1,panel_3_lucid,Panel 3 (Lucid),treatmentfactcheck,-3.3089795832643083,7.3810529335899595,-0.4483072554873148,0.654746653694946,-17.924201585187774,11.306242418659156,119,outcome_w2,treatmentfactcheck
grp_openness,high,1,panel_4_mturk,Panel 4 (MTurk),treatmentfactcheck,1.5285336110761631,3.5916961579495443,0.42557430914445293,0.6706834121435664,-5.535843933661952,8.592911155814278,345,outcome_w2,treatmentfactcheck
grp_openness,high,1,panel_5_lucid,Panel 5 (Lucid),treatmentfactcheck,12.82834770581189,7.1593946680890905,1.7918201608566853,0.07641410080188904,-1.3887912156972373,27.04548662732102,93,outcome_w2,treatmentfactcheck
grp_openness,high,1,panel_6_mturk,Panel 6 (MTurk),treatmentfactcheck,-1.696313252273623,4.84060915000342,-0.35043383997909117,0.7266894384324178,-11.290243218101349,7.897616713554103,109,outcome_w2,treatmentfactcheck
grp_openness,high,1,panel_7_lucid,Panel 7 (Lucid),treatmentfactcheck,7.046729975025134,5.742755651686422,1.2270642183697624,0.22237155307177056,-4.331804212947952,18.42526416299822,112,outcome_w2,treatmentfactcheck
grp_openness,high,2,panel_1_lucid,Panel 1 (Lucid),treatmentfactcheck,2.281560011408755,5.53112696063133,0.41249460148865125,0.6813138024586061,-8.7616912748956,13.324811297713111,66,outcome_w2,treatmentfactcheck
grp_openness,high,2,panel_1_mturk,Panel 1 (MTurk),treatmentfactcheck,2.4052623063536287,3.8388106860851763,0.6265644500449482,0.5319651149944187,-5.184272639630457,9.994797252337714,140,outcome_w2,treatmentfactcheck
grp_openness,high,2,panel_2_mturk,Panel 2 (MTurk),treatmentfactcheck,-24.631315138372525,5.296897308333889,-4.650140205591446,6.179232527545714e-6,-35.07924374276136,-14.18338653398369,191,outcome_w2,treatmentfactcheck
grp_openness,high,2,panel_3_lucid,Panel 3 (Lucid),treatmentfactcheck,3.141068203470062,7.480586049161791,0.41989600585130926,0.6753517369095243,-11.67791514426509,17.960051551205215,114,outcome_w2,treatmentfactcheck
grp_openness,high,2,panel_4_mturk,Panel 4 (MTurk),treatmentfactcheck,-7.7619098038937455,3.656645019554963,-2.122686167890155,0.03448377384925692,-14.95374275723075,-0.5700768505567408,349,outcome_w2,treatmentfactcheck
grp_openness,high,2,panel_5_lucid,Panel 5 (Lucid),treatmentfactcheck,-4.740143020766812,8.35459852613788,-0.5673693362926993,0.5720926608589642,-21.37287100762688,11.892584966093256,78,outcome_w2,treatmentfactcheck
grp_openness,high,2,panel_6_mturk,Panel 6 (MTurk),treatmentfactcheck,-12.412045709000166,6.139445022492015,-2.021688550598355,0.04599191236750659,-24.598747760101453,-0.225343657898879,96,outcome_w2,treatmentfactcheck
grp_openness,high,2,panel_7_lucid,Panel 7 (Lucid),treatmentfactcheck,-11.057878921877117,5.514850191259508,-2.0051095747628396,0.047363111817105306,-21.98484765410391,-0.13091018965032575,112,outcome_w2,treatmentfactcheck
grp_openness,high,3,panel_1_lucid,Panel 1 (Lucid),treatmentfactcheck,13.025687550909675,9.198108560021362,1.4161267467014353,0.16227680136566114,-5.40033805290828,31.451713154727628,56,outcome_w2,treatmentfactcheck
grp_openness,high,3,panel_1_mturk,Panel 1 (MTurk),treatmentfactcheck,-1.863915773355438,5.050671643242954,-0.3690431501024382,0.7126091212978194,-11.842497070299288,8.114665523588414,152,outcome_w2,treatmentfactcheck
grp_openness,high,3,panel_2_mturk,Panel 2 (MTurk),treatmentfactcheck,1.8401667254871839,5.478284955889483,0.3359019730269589,0.737300464868189,-8.963106956094611,12.643440407068978,198,outcome_w2,treatmentfactcheck
grp_openness,high,3,panel_3_lucid,Panel 3 (Lucid),treatmentfactcheck,-8.371012860410547,6.48556992790903,-1.2907135307242597,0.1994376061994302,-21.220096621194276,4.478070900373183,113,outcome_w2,treatmentfactcheck
grp_openness,high,3,panel_4_mturk,Panel 4 (MTurk),treatmentfactcheck,-2.02039294782159,2.604522025142145,-0.7757250383441562,0.43843668382226264,-7.142926644130187,3.1021407484870074,349,outcome_w2,treatmentfactcheck
grp_openness,high,3,panel_5_lucid,Panel 5 (Lucid),treatmentfactcheck,-19.835567573603598,6.6039375477354305,-3.0035970858636376,0.0034106136860922657,-32.946041217333,-6.725093929874198,95,outcome_w2,treatmentfactcheck
grp_openness,high,3,panel_6_mturk,Panel 6 (MTurk),treatmentfactcheck,-32.28102610402324,5.980303847543489,-5.39789063013633,4.624735439012313e-7,-44.147246373956506,-20.414805834089975,99,outcome_w2,treatmentfactcheck
grp_openness,high,3,panel_7_lucid,Panel 7 (Lucid),treatmentfactcheck,2.5112893965713825,6.343668598980546,0.3958733589858331,0.6929449095245951,-10.056662238364396,15.07924103150716,113,outcome_w2,treatmentfactcheck
grp_pk,low,1,panel_1_lucid,Panel 1 (Lucid),treatmentfactcheck,7.681220904141494,8.682064455235066,0.8847228609907303,0.37978020758381204,-9.679639946992783,25.04208175527577,61,outcome_w2,treatmentfactcheck
grp_pk,low,1,panel_1_mturk,Panel 1 (MTurk),treatmentfactcheck,-0.41033804247517364,4.746543935178796,-0.0864498565859618,0.9312688891658808,-9.81881156814169,8.998135483191344,108,outcome_w2,treatmentfactcheck
grp_pk,low,1,panel_2_mturk,Panel 2 (MTurk),treatmentfactcheck,-4.268811425225575,4.811838145653996,-0.88714775850911,0.37681934396889283,-13.798404726039228,5.260781875588078,117,outcome_w2,treatmentfactcheck
grp_pk,low,1,panel_3_lucid,Panel 3 (Lucid),treatmentfactcheck,0.07198933119465974,7.005135742384595,0.01027665042364391,0.9918182168071672,-13.802564670927826,13.946543333317145,116,outcome_w2,treatmentfactcheck
grp_pk,low,1,panel_4_mturk,Panel 4 (MTurk),treatmentfactcheck,-0.39140455608990615,5.909348548443776,-0.06623480623646448,0.94728960500599,-12.07906632871671,11.296257216536898,134,outcome_w2,treatmentfactcheck
grp_pk,low,1,panel_5_lucid,Panel 5 (Lucid),treatmentfactcheck,-9.892978539506586,7.279923745571279,-1.3589398577869654,0.1780328432917117,-24.38330428933824,4.5973472103250685,79,outcome_w2,treatmentfactcheck
grp_pk,low,1,panel_6_mturk,Panel 6 (MTurk),treatmentfactcheck,-20.320934595244168,10.005621813865087,-2.030951696283868,0.04738684085324038,-40.39868364069207,-0.24318554979626228,52,outcome_w2,treatmentfactcheck
grp_pk,low,1,panel_7_lucid,Panel 7 (Lucid),treatmentfactcheck,-16.961735734398495,8.506869056497045,-1.9938870131595738,0.04990044960250052,-33.91590131431845,-0.007570154478543145,73,outcome_w2,treatmentfactcheck
grp_pk,low,2,panel_1_lucid,Panel 1 (Lucid),treatmentfactcheck,-20.98910811352222,8.315826747870709,-2.523995358476719,0.014576394320908927,-37.66133692448845,-4.316879302555993,54,outcome_w2,treatmentfactcheck
grp_pk,low,2,panel_1_mturk,Panel 1 (MTurk),treatmentfactcheck,6.065577267602526,5.684859126423491,1.0669705497906605,0.2882594002902747,-5.197153979706881,17.32830851491193,113,outcome_w2,treatmentfactcheck
grp_pk,low,2,panel_2_mturk,Panel 2 (MTurk),treatmentfactcheck,-3.250536971058579,5.289713767619798,-0.6145014860645696,0.5400670583281162,-13.725610351673255,7.224536409556096,118,outcome_w2,treatmentfactcheck
grp_pk,low,2,panel_3_lucid,Panel 3 (Lucid),treatmentfactcheck,2.7528527627299773,6.889451264186264,0.3995750397481222,0.6901980278975999,-10.89134444967404,16.397049975133996,117,outcome_w2,treatmentfactcheck
grp_pk,low,2,panel_4_mturk,Panel 4 (MTurk),treatmentfactcheck,2.1644814725684056,5.2551661102507605,0.41187688974214426,0.6810255652155787,-8.220370485574735,12.549333430711547,148,outcome_w2,treatmentfactcheck
grp_pk,low,2,panel_5_lucid,Panel 5 (Lucid),treatmentfactcheck,-11.574499345673052,8.684787645615081,-1.3327325684833498,0.18682186660822128,-28.887307101401852,5.738308410055749,72,outcome_w2,treatmentfactcheck
grp_pk,low,2,panel_6_mturk,Panel 6 (MTurk),treatmentfactcheck,-3.633549024694998,5.291591955812497,-0.6866646285346628,0.4945953469806763,-14.18998613556148,6.922888086171483,69,outcome_w2,treatmentfactcheck
grp_pk,low,2,panel_7_lucid,Panel 7 (Lucid),treatmentfactcheck,-4.391790337906815,7.736397353006828,-0.5676790032249186,0.5719261795099381,-19.800161043217994,11.016580367404366,76,outcome_w2,treatmentfactcheck
grp_pk,low,3,panel_1_lucid,Panel 1 (Lucid),treatmentfactcheck,7.7881424656099725,10.50164271442207,0.7416118294440159,0.46209224980243846,-13.350567935674498,28.926852866894443,46,outcome_w2,treatmentfactcheck
grp_pk,low,3,panel_1_mturk,Panel 1 (MTurk),treatmentfactcheck,3.7347938017459303,4.231947132299697,0.8825237378890395,0.3793671923997324,-4.649456738847428,12.119044342339288,113,outcome_w2,treatmentfactcheck
grp_pk,low,3,panel_2_mturk,Panel 2 (MTurk),treatmentfactcheck,2.72597134489014,5.617375031575977,0.48527494240051794,0.6283173962324199,-8.389800101344388,13.841742791124666,127,outcome_w2,treatmentfactcheck
grp_pk,low,3,panel_3_lucid,Panel 3 (Lucid),treatmentfactcheck,-6.6898713491000565,6.330919316609271,-1.0566982478435745,0.2929645180545621,-19.23626745473751,5.856524756537399,110,outcome_w2,treatmentfactcheck
grp_pk,low,3,panel_4_mturk,Panel 4 (MTurk),treatmentfactcheck,5.671395304602914,5.33164991482224,1.0637223739758617,0.2891639016136485,-4.863440184568828,16.206230793774658,150,outcome_w2,treatmentfactcheck
grp_pk,low,3,panel_5_lucid,Panel 5 (Lucid),treatmentfactcheck,-1.6099888858149518,7.478266009859441,-0.21528906349310414,0.8300898687283209,-16.492212526446664,13.272234754816761,80,outcome_w2,treatmentfactcheck
grp_pk,low,3,panel_6_mturk,Panel 6 (MTurk),treatmentfactcheck,-3.699123868905147,6.7161941078814715,-0.5507767955312988,0.5838663050638759,-17.138197237119623,9.73994949930933,59,outcome_w2,treatmentfactcheck
grp_pk,low,3,panel_7_lucid,Panel 7 (Lucid),treatmentfactcheck,-2.8705103293146967,8.287830332912177,-0.3463524485914587,0.7301021858011711,-19.395974655454737,13.654953996825341,71,outcome_w2,treatmentfactcheck
grp_pk,high,1,panel_1_lucid,Panel 1 (Lucid),treatmentfactcheck,-3.3458565089069494,6.54799458166883,-0.5109742329771783,0.6104626255572747,-16.332259382901608,9.64054636508771,103,outcome_w2,treatmentfactcheck
grp_pk,high,1,panel_1_mturk,Panel 1 (MTurk),treatmentfactcheck,5.076673885027563,3.394308005114122,1.4956432584723192,0.13560838383648724,-1.5981198528894627,11.751467622944588,366,outcome_w2,treatmentfactcheck
grp_pk,high,1,panel_2_mturk,Panel 2 (MTurk),treatmentfactcheck,-9.471071560304,3.186336290316878,-2.9724017483923872,0.00315302944221866,-15.737183768682394,-3.2049593519256074,361,outcome_w2,treatmentfactcheck
grp_pk,high,1,panel_3_lucid,Panel 3 (Lucid),treatmentfactcheck,3.2594543884735474,6.42905858247617,0.5069878189254513,0.6128885498944121,-9.441074066897087,15.959982843844184,154,outcome_w2,treatmentfactcheck
grp_pk,high,1,panel_4_mturk,Panel 4 (MTurk),treatmentfactcheck,-3.946783810906236,2.7245960137346628,-1.4485757855515224,0.14801377408042038,-9.298419112922957,1.404851491110485,562,outcome_w2,treatmentfactcheck
grp_pk,high,1,panel_5_lucid,Panel 5 (Lucid),treatmentfactcheck,-4.123715658667432,6.203385479712942,-0.6647524439926076,0.5075875638749383,-16.41613810658773,8.168706789252868,111,outcome_w2,treatmentfactcheck
grp_pk,high,1,panel_6_mturk,Panel 6 (MTurk),treatmentfactcheck,-5.135334472599084,4.751532001371342,-1.0807744683434672,0.2814654299663401,-14.52097627736104,4.250307332162873,156,outcome_w2,treatmentfactcheck
grp_pk,high,1,panel_7_lucid,Panel 7 (Lucid),treatmentfactcheck,2.9707312494976326,5.973601031269283,0.49730995323375415,0.6198372036862015,-8.850849579405093,14.792312078400357,126,outcome_w2,treatmentfactcheck
grp_pk,high,2,panel_1_lucid,Panel 1 (Lucid),treatmentfactcheck,1.0728780286888284,5.507336569699345,0.1948088726938653,0.8459154707490655,-9.845952374018095,11.991708431395752,106,outcome_w2,treatmentfactcheck
grp_pk,high,2,panel_1_mturk,Panel 1 (MTurk),treatmentfactcheck,-0.7018996581053986,3.1879224951880865,-0.2201746307085131,0.8258638873665018,-6.971856389198856,5.568057072988059,349,outcome_w2,treatmentfactcheck
grp_pk,high,2,panel_2_mturk,Panel 2 (MTurk),treatmentfactcheck,-22.677230014455787,3.7789873693246805,-6.000874784217205,4.69052322982489e-9,-30.10828248895197,-15.246177539959604,369,outcome_w2,treatmentfactcheck
grp_pk,high,2,panel_3_lucid,Panel 3 (Lucid),treatmentfactcheck,-1.1605413928774166,5.569912194087885,-0.2083590104183795,0.8352204499321995,-12.162719368864295,9.841636583109462,156,outcome_w2,treatmentfactcheck
grp_pk,high,2,panel_4_mturk,Panel 4 (MTurk),treatmentfactcheck,-6.723273809865445,2.852930524144549,-2.356620237669972,0.018800931382081307,-12.327569688954082,-1.1189779307768069,536,outcome_w2,treatmentfactcheck
grp_pk,high,2,panel_5_lucid,Panel 5 (Lucid),treatmentfactcheck,-11.292747316443865,6.47820333625647,-1.7431912415039372,0.0850033854426507,-24.177633200054537,1.592138567166808,83,outcome_w2,treatmentfactcheck
grp_pk,high,2,panel_6_mturk,Panel 6 (MTurk),treatmentfactcheck,-1.97862900006136,4.4165734036468365,-0.4480009317693155,0.6548814355232665,-10.714440112828166,6.757182112705445,133,outcome_w2,treatmentfactcheck
grp_pk,high,2,panel_7_lucid,Panel 7 (Lucid),treatmentfactcheck,-11.84776723337752,5.931787091138167,-1.9973352130385074,0.048051131531607255,-23.592292851597392,-0.10324161515764807,120,outcome_w2,treatmentfactcheck
grp_pk,high,3,panel_1_lucid,Panel 1 (Lucid),treatmentfactcheck,-3.7829700574086447,6.361313474249444,-0.5946837980429801,0.5533221335947417,-16.394892732687573,8.828952617870282,106,outcome_w2,treatmentfactcheck
grp_pk,high,3,panel_1_mturk,Panel 1 (MTurk),treatmentfactcheck,-3.099990746648687,3.2029759711952823,-0.9678470193118047,0.3337705327512225,-9.398884691405776,3.198903198108403,360,outcome_w2,treatmentfactcheck
grp_pk,high,3,panel_2_mturk,Panel 2 (MTurk),treatmentfactcheck,-5.159252823450947,3.875174608976871,-1.3313600918780535,0.18386659161835484,-12.77865953648562,2.460153889583726,381,outcome_w2,treatmentfactcheck
grp_pk,high,3,panel_3_lucid,Panel 3 (Lucid),treatmentfactcheck,-1.4498929912951422,5.349536705316462,-0.2710315063086143,0.7867161436544647,-12.014701375906133,9.114915393315849,160,outcome_w2,treatmentfactcheck
grp_pk,high,3,panel_4_mturk,Panel 4 (MTurk),treatmentfactcheck,-0.8183720322379994,2.0768744892819346,-0.3940401966808047,0.693701629877699,-4.897803813295546,3.2610597488195476,559,outcome_w2,treatmentfactcheck
grp_pk,high,3,panel_5_lucid,Panel 5 (Lucid),treatmentfactcheck,-4.716384763852244,5.602656902178903,-0.8418121698685525,0.40186247746971815,-15.829228164678685,6.396458636974198,102,outcome_w2,treatmentfactcheck
grp_pk,high,3,panel_6_mturk,Panel 6 (MTurk),treatmentfactcheck,-20.452216282072527,5.233381653205437,-3.908030722266468,1.4044053893109764e-4,-30.792882989257684,-10.111549574887368,150,outcome_w2,treatmentfactcheck
grp_pk,high,3,panel_7_lucid,Panel 7 (Lucid),treatmentfactcheck,-4.165475139776363,5.624737812537984,-0.7405634322174431,0.4602348339388458,-15.28873601627933,6.957785736726605,136,outcome_w2,treatmentfactcheck
grp_polint,low,1,panel_1_lucid,Panel 1 (Lucid),treatmentfactcheck,5.096720176234403,6.382764934942425,0.7985129059559167,0.4261907967736437,-7.5440113121329455,17.737451664601753,117,outcome_w2,treatmentfactcheck
grp_polint,low,1,panel_1_mturk,Panel 1 (MTurk),treatmentfactcheck,2.422119921033501,4.923675701676566,0.49193327663898384,0.6234164122335164,-7.298977426306006,12.143217268373007,166,outcome_w2,treatmentfactcheck
grp_polint,low,1,panel_2_mturk,Panel 2 (MTurk),treatmentfactcheck,-7.266322492045229,3.7552275225191107,-1.9349886121336208,0.05415221889766193,-14.663273514905189,0.13062853081473058,243,outcome_w2,treatmentfactcheck
grp_polint,low,1,panel_3_lucid,Panel 3 (Lucid),treatmentfactcheck,-6.04673654540295,5.349116062117168,-1.1304178999267527,0.25963399223449263,-16.593689507697963,4.500216416892063,203,outcome_w2,treatmentfactcheck
grp_polint,low,1,panel_4_mturk,Panel 4 (MTurk),treatmentfactcheck,-3.090357737518315,3.055894564571181,-1.011277605368551,0.3124785545753553,-9.097490667196627,2.9167751921599976,411,outcome_w2,treatmentfactcheck
grp_polint,low,1,panel_5_lucid,Panel 5 (Lucid),treatmentfactcheck,-1.950848621994436,6.171185516831491,-0.31612218052327684,0.75256865387202,-14.194304922913158,10.292607678924284,100,outcome_w2,treatmentfactcheck
grp_polint,low,1,panel_6_mturk,Panel 6 (MTurk),treatmentfactcheck,-8.329233051381069,4.894943908737461,-1.7015992842151697,0.09122096680665089,-18.013294166189457,1.3548280634273198,130,outcome_w2,treatmentfactcheck
grp_polint,low,1,panel_7_lucid,Panel 7 (Lucid),treatmentfactcheck,1.6964197596252024,5.0142546600359506,0.338319426244107,0.7355832806302289,-8.209180442221683,11.602019961472088,154,outcome_w2,treatmentfactcheck
grp_polint,low,2,panel_1_lucid,Panel 1 (Lucid),treatmentfactcheck,-4.147857561250637,4.411554756183704,-0.9402257912443588,0.34914336785026634,-12.889647813119932,4.593932690618658,111,outcome_w2,treatmentfactcheck
grp_polint,low,2,panel_1_mturk,Panel 1 (MTurk),treatmentfactcheck,-1.97209179248627,4.633522295063109,-0.42561396425943165,0.6709683324286717,-11.1237249462001,7.179541361227561,158,outcome_w2,treatmentfactcheck
grp_polint,low,2,panel_2_mturk,Panel 2 (MTurk),treatmentfactcheck,-25.267360149135015,4.366760913155103,-5.786293468235399,2.395679839523629e-8,-33.872339338759566,-16.662380959510465,225,outcome_w2,treatmentfactcheck
grp_polint,low,2,panel_3_lucid,Panel 3 (Lucid),treatmentfactcheck,11.075487500673116,4.492580007415772,2.465284420620474,0.014524698189493847,2.217119843230172,19.93385515811606,202,outcome_w2,treatmentfactcheck
grp_polint,low,2,panel_4_mturk,Panel 4 (MTurk),treatmentfactcheck,-4.8757579191603435,3.0610238740466693,-1.5928519736484767,0.11198131153257053,-10.893416994483253,1.1419011561625654,401,outcome_w2,treatmentfactcheck
grp_polint,low,2,panel_5_lucid,Panel 5 (Lucid),treatmentfactcheck,-10.187266136180922,6.816843612675022,-1.4944256777783553,0.13860159185818438,-23.732189192431637,3.357656920069793,89,outcome_w2,treatmentfactcheck
grp_polint,low,2,panel_6_mturk,Panel 6 (MTurk),treatmentfactcheck,-10.663549514502893,4.430467977361072,-2.4068675293426773,0.01751779603094416,-19.429987352447185,-1.8971116765586036,128,outcome_w2,treatmentfactcheck
grp_polint,low,2,panel_7_lucid,Panel 7 (Lucid),treatmentfactcheck,-2.481273281338982,5.478927440294803,-0.4528757331390162,0.6513151331041817,-13.310151813681502,8.347605251003538,145,outcome_w2,treatmentfactcheck
grp_polint,low,3,panel_1_lucid,Panel 1 (Lucid),treatmentfactcheck,10.487119741681166,6.769369951291684,1.549201745087087,0.124371029188947,-2.936794902381555,23.91103438574389,104,outcome_w2,treatmentfactcheck
grp_polint,low,3,panel_1_mturk,Panel 1 (MTurk),treatmentfactcheck,5.481038624116894,5.059764267871339,1.083259680479697,0.28040854663769027,-4.515506916093158,15.477584164326945,152,outcome_w2,treatmentfactcheck
grp_polint,low,3,panel_2_mturk,Panel 2 (MTurk),treatmentfactcheck,-8.661772537241992,4.694514133201532,-1.8450839195439586,0.06626769109317501,-17.909878669766286,0.5863335952823014,238,outcome_w2,treatmentfactcheck
grp_polint,low,3,panel_3_lucid,Panel 3 (Lucid),treatmentfactcheck,-3.785178995388264,4.50746658229807,-0.8397575281541948,0.4020520835002698,-12.673707220347023,5.103349229570494,199,outcome_w2,treatmentfactcheck
grp_polint,low,3,panel_4_mturk,Panel 4 (MTurk),treatmentfactcheck,-0.958036649071215,2.6844522628342657,-0.35688347389709674,0.7213639994344795,-6.235159047960244,4.3190857498178135,407,outcome_w2,treatmentfactcheck
grp_polint,low,3,panel_5_lucid,Panel 5 (Lucid),treatmentfactcheck,10.108020760286243,6.04887640834147,1.6710575779573156,0.09745339145595343,-1.874756816046073,22.09079833661856,114,outcome_w2,treatmentfactcheck
grp_polint,low,3,panel_6_mturk,Panel 6 (MTurk),treatmentfactcheck,-30.145882922950502,4.945257050166065,-6.095918294467258,9.011329502385195e-9,-39.91831661648558,-20.37344922941542,148,outcome_w2,treatmentfactcheck
grp_polint,low,3,panel_7_lucid,Panel 7 (Lucid),treatmentfactcheck,-2.4391988758705923,5.402486741596171,-0.4514955783398976,0.6522933183934447,-13.115174447388775,8.236776695647592,148,outcome_w2,treatmentfactcheck
grp_polint,high,1,panel_1_lucid,Panel 1 (Lucid),treatmentfactcheck,-4.911088691884684,8.449883182251355,-0.5812019629099999,0.5632113575723455,-21.802164495464503,11.979987111695136,62,outcome_w2,treatmentfactcheck
grp_polint,high,1,panel_1_mturk,Panel 1 (MTurk),treatmentfactcheck,8.848230861842996,4.430449458459401,1.9971406839882535,0.047252214964892784,0.10844850465920786,17.588013219026784,188,outcome_w2,treatmentfactcheck
grp_polint,high,1,panel_2_mturk,Panel 2 (MTurk),treatmentfactcheck,-4.302768695668173,4.394654539075023,-0.9790914524475479,0.328827367317194,-12.973474464170863,4.367937072834516,183,outcome_w2,treatmentfactcheck
grp_polint,high,1,panel_3_lucid,Panel 3 (Lucid),treatmentfactcheck,5.0376316818455305,8.102344260116602,0.6217498936256052,0.5353263952640686,-11.010082040616565,21.085345404307624,116,outcome_w2,treatmentfactcheck
grp_polint,high,1,panel_4_mturk,Panel 4 (MTurk),treatmentfactcheck,0.9111538071124952,4.923294388894314,0.18506994202252536,0.8533439072589146,-8.791459481266614,10.613767095491603,221,outcome_w2,treatmentfactcheck
grp_polint,high,1,panel_5_lucid,Panel 5 (Lucid),treatmentfactcheck,3.403416999166283,6.5245226711717494,0.5216346345463856,0.6030129835800465,-9.532083783025755,16.33891778135832,106,outcome_w2,treatmentfactcheck
grp_polint,high,1,panel_6_mturk,Panel 6 (MTurk),treatmentfactcheck,3.1709224741697346,7.163241559473801,0.4426658584444924,0.6592815149112226,-11.098986466096402,17.44083141443587,75,outcome_w2,treatmentfactcheck
grp_polint,high,1,panel_7_lucid,Panel 7 (Lucid),treatmentfactcheck,20.22946247849808,9.956806330486486,2.0317220007140255,0.04633791813182835,0.33845520978709587,40.12046974720906,64,outcome_w2,treatmentfactcheck
grp_polint,high,2,panel_1_lucid,Panel 1 (Lucid),treatmentfactcheck,12.000356394983031,8.624550448987797,1.391418192282872,0.16870153959901607,-5.214318350909233,29.215031140875297,67,outcome_w2,treatmentfactcheck
grp_polint,high,2,panel_1_mturk,Panel 1 (MTurk),treatmentfactcheck,-1.0401886865840078,4.313254087123023,-0.24116100409883862,0.8097110524055562,-9.552543950435183,7.472166577267167,176,outcome_w2,treatmentfactcheck
grp_polint,high,2,panel_2_mturk,Panel 2 (MTurk),treatmentfactcheck,-16.3044861285567,5.343467103466235,-3.0512934416645328,0.00262532420576834,-26.84877879937977,-5.760193457733632,179,outcome_w2,treatmentfactcheck
grp_polint,high,2,panel_3_lucid,Panel 3 (Lucid),treatmentfactcheck,-2.6083563165225043,8.142534004005437,-0.3203371720940206,0.7493374734620695,-18.749980317152964,13.533267684107956,107,outcome_w2,treatmentfactcheck
grp_polint,high,2,panel_4_mturk,Panel 4 (MTurk),treatmentfactcheck,-0.3767165567726858,4.7725061444443355,-0.07893474526192507,0.9371593351427527,-9.784617827402354,9.03118471385698,211,outcome_w2,treatmentfactcheck
grp_polint,high,2,panel_5_lucid,Panel 5 (Lucid),treatmentfactcheck,-5.905830356064223,7.796493515792017,-0.7574982707420711,0.45089663071936026,-21.41274238537099,9.601081673242545,83,outcome_w2,treatmentfactcheck
grp_polint,high,2,panel_6_mturk,Panel 6 (MTurk),treatmentfactcheck,4.222847224734613,5.483437906095317,0.770109427160751,0.4439419083620799,-6.722140644610619,15.167835094079845,67,outcome_w2,treatmentfactcheck
grp_polint,high,2,panel_7_lucid,Panel 7 (Lucid),treatmentfactcheck,-4.08187339002621,8.932811405956343,-0.4569528230837206,0.6492767045728924,-21.932672581240475,13.768925801188054,63,outcome_w2,treatmentfactcheck
grp_polint,high,3,panel_1_lucid,Panel 1 (Lucid),treatmentfactcheck,-12.95338083120656,9.345164712900097,-1.3861051387703922,0.1711135455786706,-31.666750380174157,5.759988717761038,57,outcome_w2,treatmentfactcheck
grp_polint,high,3,panel_1_mturk,Panel 1 (MTurk),treatmentfactcheck,-1.236340809477141,4.671347275124033,-0.26466471804845937,0.7915501907782027,-10.449787008846425,7.977105389892142,193,outcome_w2,treatmentfactcheck
grp_polint,high,3,panel_2_mturk,Panel 2 (MTurk),treatmentfactcheck,-6.196880604593482,5.120858066331441,-1.2101254368553314,0.22779154035532784,-16.300394585187068,3.9066333760001024,183,outcome_w2,treatmentfactcheck
grp_polint,high,3,panel_3_lucid,Panel 3 (Lucid),treatmentfactcheck,1.7468641444721338,7.090108048788412,0.24638046873920988,0.8058158095565413,-12.293480068890513,15.787208357834782,118,outcome_w2,treatmentfactcheck
grp_polint,high,3,panel_4_mturk,Panel 4 (MTurk),treatmentfactcheck,5.184824205913302,3.8349972257863576,1.351975999109143,0.1776663672947063,-2.370049494684398,12.739697906511003,238,outcome_w2,treatmentfactcheck
grp_polint,high,3,panel_5_lucid,Panel 5 (Lucid),treatmentfactcheck,-6.615713756424036,8.181998291787247,-0.8085694375009362,0.4208717184131272,-22.86824824072238,9.636820727874309,91,outcome_w2,treatmentfactcheck
grp_polint,high,3,panel_6_mturk,Panel 6 (MTurk),treatmentfactcheck,-17.062033901534097,7.461776357120325,-2.286591434123166,0.025293043344450688,-31.947870433726873,-2.1761973693413204,69,outcome_w2,treatmentfactcheck
grp_polint,high,3,panel_7_lucid,Panel 7 (Lucid),treatmentfactcheck,5.347561264120682,7.4343084094059995,0.7193085045213978,0.47445237680113184,-9.491380427454207,20.18650295569557,67,outcome_w2,treatmentfactcheck
