file,effect
fitted_models/meta_trait_cates_w2_p2_adj.rds,added
fitted_models/meta_trait_dic_w1_all_adj.rds,added
Rplots.pdf,added
fitted_models/ates_w1_all_adj.rds,overwritten
fitted_models/ates_w1_all_noadj.rds,overwritten
fitted_models/ates_w1_p2_adj.rds,overwritten
fitted_models/ates_w1_p2_noadj.rds,overwritten
fitted_models/ates_w1_p3_adj.rds,overwritten
fitted_models/ates_w1_p3_noadj.rds,overwritten
fitted_models/ates_w2_p2_adj.rds,overwritten
fitted_models/ates_w2_p2_noadj.rds,overwritten
fitted_models/ates_w3_p3_adj.rds,overwritten
fitted_models/ates_w3_p3_noadj.rds,overwritten
fitted_models/cates_w1_all_adj.rds,overwritten
fitted_models/cates_w1_all_noadj.rds,overwritten
fitted_models/cates_w1_p2_adj.rds,overwritten
fitted_models/cates_w1_p3_adj.rds,overwritten
fitted_models/cates_w2_p2_adj.rds,overwritten
fitted_models/cates_w2_p3_adj.rds,overwritten
fitted_models/cates_w3_p3_adj.rds,overwritten
fitted_models/diff_in_cates_w1_all_adj.rds,overwritten
fitted_models/ft_ates_w1_all_adj.rds,overwritten
fitted_models/ft_targets_ates_w1_all_adj.rds,overwritten
fitted_models/ft_targets_ates_w1_PID_adj.rds,overwritten
fitted_models/ft_targets_meta_w1_all_adj.rds,overwritten
fitted_models/ft_targets_meta_w1_PID_adj.rds,overwritten
fitted_models/iv_p2_adj.rds,overwritten
fitted_models/iv_p2_noadj.rds,overwritten
fitted_models/iv_p3_adj.rds,overwritten
fitted_models/iv_p3_noadj.rds,overwritten
fitted_models/meta_ft_ates_w1_all_adj.rds,overwritten
fitted_models/meta_trait_cates_w1_all_adj.rds,overwritten
fitted_models/persistence_meta.rds,overwritten
fitted_models/trait_cates_w1_all_adj.rds,overwritten
fitted_models/trait_cates_w2_p2_adj.rds,overwritten
