paper_id,claim_id,table_figure,claim_type,claim,value_script,value_paper,match,value_rewrite,match_rewrite,holds,defect_locus,notes
coppock_etal_2023,app_duplicate_table_1,"Appendix, pp. 3 and 15",structural,Distinct floats captioned Table 1 in the appendix,NA,2,NA,NA,NA,NA,NA,No counterpart in the deposit or the rewrite.
coppock_etal_2023,app_fig1_rows,"Appendix Figure 1, p. 4",structural,Trait-by-tercile time estimates plotted in Appendix Figure 1,NA,36,NA,36,1,NA,NA,Published 36; rewrite 36; deposit not computed.
coppock_etal_2023,app_fig2_rows,"Appendix Figure 2, p. 5",structural,Trait-by-tercile-by-type time estimates plotted in Appendix Figure 2,NA,72,NA,72,1,NA,NA,Published 72; rewrite 72; deposit not computed.
coppock_etal_2023,app_fig3_series,"Appendix Figure 3, p. 7",structural,Fact check traffic series plotted in Appendix Figure 3,NA,21,NA,21,1,NA,NA,Published 21; rewrite 21; deposit not computed.
coppock_etal_2023,app_fig4_6_rows,"Appendix Figures 4 to 6, pp. 8 to 12",structural,Balance estimates plotted in Appendix Figures 4 to 6,NA,816,NA,816,1,NA,NA,Published 816; rewrite 816; deposit not computed.
coppock_etal_2023,app_fig7_rows,"Appendix Figure 7, p. 12",structural,Joint balance test p-values plotted in Appendix Figure 7,NA,48,NA,48,1,NA,NA,Published 48; rewrite 48; deposit not computed.
coppock_etal_2023,app_fig8_rows,"Appendix Figure 8, p. 14",structural,Attrition estimates plotted in Appendix Figure 8,NA,108,NA,108,1,NA,NA,Published 108; rewrite 108; deposit not computed.
coppock_etal_2023,app_fig9_rows,"Appendix Figure 9, p. 24",structural,Meta-analytic attitude estimates plotted in Appendix Figure 9,NA,12,NA,12,1,NA,NA,Published 12; rewrite 12; deposit not computed.
coppock_etal_2023,app_fig9_targets,"Appendix Figure 9, p. 24: ""accounting for the 22 different political figures and groups for whom we observed attitudinal outcomes""",definitional,Political figures and groups with attitudinal outcomes,NA,22,NA,14,0,NA,archive,"The deposited data carry fourteen feeling thermometer columns, not twenty-two."
coppock_etal_2023,app_reg_descending,"Appendix Tables 1 to 7, pp. 15 to 20",structural,Cells printing their confidence interval in descending order,NA,144,NA,0,0,NA,archive,"The deposit negates the misinformation contrast without reversing its interval, so those cells print their bounds high then low."
coppock_etal_2023,app_reg_stars,"Appendix Tables 1 to 7, pp. 15 to 20",pipeline,Cells carrying a significance marker across the seven regression tables,NA,205,NA,256,0,NA,archive,"The deposit's table script reshapes each fit with reshape2::melt, whose id.vars omit a character column, so every value becomes a string and the surviving significance test compares strings. Every p-value R prints in scientific notation loses its star."
coppock_etal_2023,app_reg_t1_cells,"Appendix Table 1 (regression tables), p. 15",pipeline,Cells in the Wave 1 average treatment effect table,100,100,1,100,1,NA,NA,Published 100; rewrite 100; deposit 100.
coppock_etal_2023,app_reg_t2_cells,"Appendix Table 2, p. 16",pipeline,Cells in the Wave 1 conditional effects table for Democrats,100,100,1,100,1,NA,NA,Published 100; rewrite 100; deposit 100.
coppock_etal_2023,app_reg_t3_cells,"Appendix Table 3, p. 17",pipeline,Cells in the Wave 1 conditional effects table for Republicans,100,100,1,100,1,NA,NA,Published 100; rewrite 100; deposit 100.
coppock_etal_2023,app_reg_t4_cells,"Appendix Table 4, p. 18",pipeline,Cells in the unadjusted persistence to Time 2 table,75,75,1,75,1,NA,NA,Published 75; rewrite 75; deposit 75.
coppock_etal_2023,app_reg_t5_cells,"Appendix Table 5, p. 19",pipeline,Cells in the adjusted persistence to Time 2 table,75,75,1,75,1,NA,NA,Published 75; rewrite 75; deposit 75.
coppock_etal_2023,app_reg_t6_cells,"Appendix Table 6, p. 20",pipeline,Cells in the unadjusted persistence to Time 3 table,21,21,1,21,1,NA,NA,Published 21; rewrite 21; deposit 21.
coppock_etal_2023,app_reg_t7_cells,"Appendix Table 7, p. 20",pipeline,Cells in the adjusted persistence to Time 3 table,21,21,1,7,0,NA,archive,As fig4_three_wave_flat.
coppock_etal_2023,app_t1_date_cells,"Appendix Table 1, p. 3",structural,Fielding date cells printed in Appendix Table 1,NA,16,NA,16,1,NA,NA,Published 16; rewrite 16; deposit not computed.
coppock_etal_2023,app_t1_n_panel_1_lucid,"Appendix Table 1, p. 3",pipeline,Appendix Table 1 respondents: Panel 1 (Lucid),2321,2321,1,2321,1,NA,NA,Published 2321; rewrite 2321; deposit 2321.
coppock_etal_2023,app_t1_n_panel_1_mturk,"Appendix Table 1, p. 3",pipeline,Appendix Table 1 respondents: Panel 1 (MTurk),2090,2090,1,2090,1,NA,NA,Published 2090; rewrite 2090; deposit 2090.
coppock_etal_2023,app_t1_n_panel_2_mturk,"Appendix Table 1, p. 3",pipeline,Appendix Table 1 respondents: Panel 2 (MTurk),2059,2059,1,2059,1,NA,NA,Published 2059; rewrite 2059; deposit 2059.
coppock_etal_2023,app_t1_n_panel_3_lucid,"Appendix Table 1, p. 3",pipeline,Appendix Table 1 respondents: Panel 3 (Lucid),2390,2390,1,2390,1,NA,NA,Published 2390; rewrite 2390; deposit 2390.
coppock_etal_2023,app_t1_n_panel_4_mturk,"Appendix Table 1, p. 3",pipeline,Appendix Table 1 respondents: Panel 4 (MTurk),2582,2582,1,2582,1,NA,NA,Published 2582; rewrite 2582; deposit 2582.
coppock_etal_2023,app_t1_n_panel_5_lucid,"Appendix Table 1, p. 3",pipeline,Appendix Table 1 respondents: Panel 5 (Lucid),2200,2200,1,2200,1,NA,NA,Published 2200; rewrite 2200; deposit 2200.
coppock_etal_2023,app_t1_n_panel_6_mturk,"Appendix Table 1, p. 3",pipeline,Appendix Table 1 respondents: Panel 6 (MTurk),1599,1599,1,1599,1,NA,NA,Published 1599; rewrite 1599; deposit 1599.
coppock_etal_2023,app_t1_n_panel_7_lucid,"Appendix Table 1, p. 3",pipeline,Appendix Table 1 respondents: Panel 7 (Lucid),2388,2388,1,2388,1,NA,NA,Published 2388; rewrite 2388; deposit 2388.
coppock_etal_2023,app_t1_percentage_cells,"Appendix Table 1, p. 3",pipeline,Percentage cells printed in Appendix Table 1,NA,188,NA,188,1,NA,NA,Published 188; rewrite 188; deposit not computed.
coppock_etal_2023,app_t8_rows,"Appendix Table 8, p. 22",structural,Misinformation items in the traffic and engagement table,NA,18,NA,NA,NA,NA,NA,No counterpart in the deposit or the rewrite.
coppock_etal_2023,app_t9_agreeableness,"Appendix Table 9, p. 23",pipeline,Mean adjusted r-squared for agreeableness,NA,0.076,NA,NA,NA,NA,archive,No code for appendix Table 9 in the deposit.
coppock_etal_2023,app_t9_conscientiousness,"Appendix Table 9, p. 23",pipeline,Mean adjusted r-squared for conscientiousness,NA,0.082,NA,NA,NA,NA,archive,No code for appendix Table 9 in the deposit.
coppock_etal_2023,app_t9_covariates,"Appendix Table 9, p. 23",structural,Covariate types in the further heterogeneity investigation,NA,10,NA,NA,NA,NA,NA,No counterpart in the deposit or the rewrite.
coppock_etal_2023,app_t9_crt,"Appendix Table 9, p. 23",pipeline,Mean adjusted r-squared for the Cognitive Reflection Test,NA,0.069,NA,NA,NA,NA,archive,No code for appendix Table 9 in the deposit.
coppock_etal_2023,app_t9_emotional_stability,"Appendix Table 9, p. 23",pipeline,Mean adjusted r-squared for emotional stability,NA,0.040,NA,NA,NA,NA,archive,No code for appendix Table 9 in the deposit.
coppock_etal_2023,app_t9_experiments,"Appendix p. 23: ""across our 21 experiments, we interacted each conditional indicator with each pre-treatment covariate in separate linear models""",definitional,Experiments in the further heterogeneity investigation,NA,21,NA,24,0,NA,unresolved,"The deposit ships no code for appendix Table 9, and the article elsewhere describes twenty-four experiments."
coppock_etal_2023,app_t9_extraversion,"Appendix Table 9, p. 23",pipeline,Mean adjusted r-squared for extraversion,NA,0.035,NA,NA,NA,NA,archive,No code for appendix Table 9 in the deposit.
coppock_etal_2023,app_t9_models,"Appendix p. 23: ""resulting in 210 separate linear models""",pipeline,Linear models fitted in the further heterogeneity investigation,NA,210,NA,NA,NA,NA,archive,"The deposit ships no code for appendix Table 9, so neither instrument computes it."
coppock_etal_2023,app_t9_need_for_cognition,"Appendix Table 9, p. 23",pipeline,Mean adjusted r-squared for need for cognition,NA,0.039,NA,NA,NA,NA,archive,No code for appendix Table 9 in the deposit.
coppock_etal_2023,app_t9_openness,"Appendix Table 9, p. 23",pipeline,Mean adjusted r-squared for openness,NA,0.052,NA,NA,NA,NA,archive,No code for appendix Table 9 in the deposit.
coppock_etal_2023,app_t9_partisanship,"Appendix Table 9, p. 23",pipeline,Mean adjusted r-squared for partisanship,NA,0.104,NA,NA,NA,NA,archive,No code for appendix Table 9 in the deposit.
coppock_etal_2023,app_t9_political_interest,"Appendix Table 9, p. 23",pipeline,Mean adjusted r-squared for political interest,NA,0.039,NA,NA,NA,NA,archive,No code for appendix Table 9 in the deposit.
coppock_etal_2023,app_t9_political_knowledge,"Appendix Table 9, p. 23",pipeline,Mean adjusted r-squared for political knowledge,NA,0.080,NA,NA,NA,NA,archive,No code for appendix Table 9 in the deposit.
coppock_etal_2023,art_abstract_findings,"Abstract, p. 1",structural,Sets of existing findings the study corroborates,NA,4,NA,NA,NA,NA,NA,No counterpart in the deposit or the rewrite.
coppock_etal_2023,art_abstract_panels,"Abstract, p. 1",definitional,Panel experiments conducted,NA,8,NA,8,1,NA,NA,Published 8; rewrite 8; deposit not computed.
coppock_etal_2023,art_abstract_year,"Abstract, p. 1",structural,Election year studied,NA,2020,NA,NA,NA,NA,NA,No counterpart in the deposit or the rewrite.
coppock_etal_2023,art_intro_attitudes_quarter,"Introduction, p. 2: ""the effects of fact-checks and misinformation on subsequent attitudes are smaller than one-quarter of a point""",descriptive,Largest overall thermometer effect is smaller than one-quarter of a point,NA,1,NA,0,NA,FALSE,archive,As fig6_overall_treatmentcontrol.
coppock_etal_2023,art_intro_belief_scale,"Introduction, p. 2",definitional,Upper endpoint of the belief certainty scale,NA,100,NA,100,1,NA,NA,Published 100; rewrite 100; deposit not computed.
coppock_etal_2023,art_intro_correction_effect,"Introduction, p. 2: ""decreasing false beliefs by 10.5 points""",pipeline,Meta-analytic correction effect magnitude,10.5,10.5,1,10.5,1,NA,NA,Published 10.5; rewrite 10.5; deposit 10.5.
coppock_etal_2023,art_intro_fact_checks,"Introduction, p. 2: ""we evaluated the effects of twenty-one widely disseminated pieces of misinformation""",definitional,Distinct pieces of misinformation and corresponding fact checks,21,21,1,21,1,NA,NA,Published 21; rewrite 21; deposit 21.
coppock_etal_2023,art_intro_findings,"Introduction, p. 1",structural,Prior findings reviewed,NA,4,NA,NA,NA,NA,NA,No counterpart in the deposit or the rewrite.
coppock_etal_2023,art_intro_ft_scale,"Introduction, p. 2",definitional,Upper endpoint of the feeling thermometer,NA,100,NA,100,1,NA,NA,Published 100; rewrite 100; deposit not computed.
coppock_etal_2023,art_intro_lag_days,"Introduction, p. 2: ""on average, thirteen days separated the first appearance of the misinformation online from the inclusion of that misinformation in our experiments""",pipeline,Mean days from misinformation posting to fielding,13,13,1,13,1,NA,NA,Published 13; rewrite 13; deposit 13.
coppock_etal_2023,art_intro_misinfo_effect,"Introduction, p. 2: ""Exposure to misinformation increased false beliefs by an average of 4.3 points""",pipeline,Meta-analytic misinformation effect,4.3,4.3,1,4.3,1,NA,NA,Published 4.3; rewrite 4.3; deposit 4.3.
coppock_etal_2023,art_intro_months,"Introduction, p. 2",structural,Months of the election covered,NA,2,NA,NA,NA,NA,NA,No counterpart in the deposit or the rewrite.
coppock_etal_2023,art_intro_panels,"Introduction, p. 2",definitional,Preregistered panel experiments,NA,8,NA,8,1,NA,NA,Published 8; rewrite 8; deposit not computed.
coppock_etal_2023,art_intro_persist_w2,"Introduction, p. 2: ""66 per cent of the initial effect of fact-checks on factual beliefs is still detectable one week after initial exposure""",pipeline,Share of the Wave 1 correction effect remaining at Wave 2,49,66,0,49,0,NA,paper_internal,"The article states this quantity twice at different values. Appendix Table 5's Meta-analysis ratio row prints 0.49, the random-effects pool of the same per-experiment ratios, where the main text says 66 per cent. The published figure sits in the fixed-effect family, whose pool is 65 per cent adjusted and 71 per cent unadjusted, but no expression in the deposit or the rewrite returns 66 exactly."
coppock_etal_2023,art_intro_persist_w3,"Introduction, p. 2: ""with 50 percent detectable after more than two weeks""",pipeline,Share of the Wave 1 correction effect remaining at Wave 3,43,50,0,34,0,NA,paper_internal,The article states this quantity twice at different values. Appendix Table 7's Meta-analysis ratio row prints 0.43 where the main text says 50 per cent. That row is itself fitted on the wrong outcome (see fig4_three_wave_flat); refitted on Wave 3 the random-effects pool is 34 per cent adjusted and 39 per cent unadjusted.
coppock_etal_2023,art_intro_total_n,"Introduction, p. 2: ""we conducted eight preregistered panel experiments (total N = 17,681)""",pipeline,Total respondents across the eight panels,17629,17681,0,17629,0,NA,paper_internal,"The deposited data hold 17,629 respondents and the appendix's own Table 1 sums to 17,629."
coppock_etal_2023,art_intro_two_weeks,"Introduction, p. 2",structural,Weeks to the third wave,NA,2,NA,NA,NA,NA,NA,No counterpart in the deposit or the rewrite.
coppock_etal_2023,art_intro_week,"Introduction, p. 2",structural,Weeks to the second wave,NA,1,NA,NA,NA,NA,NA,No counterpart in the deposit or the rewrite.
coppock_etal_2023,art_pages,"Article, masthead p. 1",structural,Pages in the published article,NA,14,NA,NA,NA,NA,NA,No counterpart in the deposit or the rewrite.
coppock_etal_2023,design_attrition,"Design, p. 6: ""we demonstrate that our treatments do not appear to change whether subjects respond to outcome questions""",descriptive,Treatment does not change outcome response,NA,1,NA,1,NA,TRUE,NA,Published 1; rewrite 1; deposit not computed.
coppock_etal_2023,design_balance,"Design, p. 4: ""we demonstrate that these randomizations generated experimental groups balanced on pretreatment covariates""",descriptive,Randomization produced balanced groups,NA,1,NA,1,NA,TRUE,NA,Published 1; rewrite 1; deposit not computed.
coppock_etal_2023,design_belief_questions,"Design, p. 4",definitional,Questions measuring belief in each piece of misinformation,NA,2,NA,NA,NA,NA,NA,No counterpart in the deposit or the rewrite.
coppock_etal_2023,design_conditions,"Design, p. 4: ""assigned to one of three conditions""",definitional,Experimental conditions,NA,3,NA,3,1,NA,NA,Published 3; rewrite 3; deposit not computed.
coppock_etal_2023,design_experiments_per_wave,"Design, p. 3: ""Subjects then participated in three independently randomized experiments""",definitional,Independently randomized experiments per respondent,NA,3,NA,3,1,NA,NA,Published 3; rewrite 3; deposit not computed.
coppock_etal_2023,design_facebook_fourteen,"Design, p. 4: ""The fourteen Facebook partnership fact-checks in our experiment were all from the first tier""",definitional,Facebook partnership fact checks in the experiment,NA,14,NA,NA,NA,NA,NA,No counterpart in the deposit or the rewrite.
coppock_etal_2023,design_first_tier,"Design, p. 4",structural,Tier the partnership fact checks came from,NA,1,NA,NA,NA,NA,NA,No counterpart in the deposit or the rewrite.
coppock_etal_2023,design_lucid_panels,"Design, p. 3",definitional,Panels fielded on Lucid,NA,4,NA,4,1,NA,NA,Published 4; rewrite 4; deposit not computed.
coppock_etal_2023,design_min_days,"Design, p. 4: ""a minimum of seven days separating waves""",definitional,Minimum days between waves,NA,7,NA,NA,NA,NA,NA,No counterpart in the deposit or the rewrite.
coppock_etal_2023,design_mturk_panels,"Design, p. 3: ""Four panels were fielded on Mechanical Turk and four were fielded on Lucid""",definitional,Panels fielded on Mechanical Turk,NA,4,NA,4,1,NA,NA,Published 4; rewrite 4; deposit not computed.
coppock_etal_2023,design_personality_items,"Design, p. 3",definitional,Items in the personality inventory,NA,10,NA,NA,NA,NA,NA,No counterpart in the deposit or the rewrite.
coppock_etal_2023,design_remaining_two,"Design, p. 4",definitional,Panels with a third wave,NA,2,NA,2,1,NA,NA,Published 2; rewrite 2; deposit not computed.
coppock_etal_2023,design_six_of_eight,"Design, p. 4: ""Six of our eight panels were comprised of two waves; the remaining two featured a third wave""",definitional,Panels with two waves,NA,6,NA,6,1,NA,NA,Published 6; rewrite 6; deposit not computed.
coppock_etal_2023,design_three_wave_panels,"Design, p. 3",definitional,Three-wave panels,NA,2,NA,2,1,NA,NA,Published 2; rewrite 2; deposit not computed.
coppock_etal_2023,design_tiers,"Design, p. 4",structural,Tiers Facebook divided misinformation into,NA,3,NA,NA,NA,NA,NA,No counterpart in the deposit or the rewrite.
coppock_etal_2023,design_traffic_dem,"Design, p. 4: ""the average fact-check of Democratic-congenial misinformation received 45,123 views""",pipeline,Mean page views of Democratic-congenial fact checks,45123,45123,1,45123,1,NA,NA,Published 45123; rewrite 45123; deposit 45123.
coppock_etal_2023,design_traffic_rep,"Design, p. 4: ""fact-checks of Republican-congenial misinformation (shown in the top panel) received 138,971 views over the eight weeks following the original post""",pipeline,Mean page views of Republican-congenial fact checks,138971,138971,1,138971,1,NA,NA,Published 138971; rewrite 138971; deposit 138971.
coppock_etal_2023,design_traffic_weeks,"Design, p. 4",definitional,Weeks of page views following the original post,NA,8,NA,13,0,NA,unresolved,The deposited traffic series runs from four to thirteen weeks per fact check rather than eight.
coppock_etal_2023,design_two_thirds,"Design, p. 4: ""Two-thirds of our tested fact-checks were produced by PolitiFact as part of their partnership with Facebook""",definitional,Share of tested fact checks from the Facebook partnership,NA,2,NA,NA,NA,NA,NA,No counterpart in the deposit or the rewrite.
coppock_etal_2023,design_two_wave_panels,"Design, p. 3: ""We administered six two-wave panels and two three-wave panels""",definitional,Two-wave panels,NA,6,NA,6,1,NA,NA,Published 6; rewrite 6; deposit not computed.
coppock_etal_2023,disc_experiments,"Discussion, p. 11: ""Eight multi-wave experiments extend prior findings""",definitional,Multi-wave experiments,NA,8,NA,8,1,NA,NA,Published 8; rewrite 8; deposit not computed.
coppock_etal_2023,disc_more_than_twice,"Discussion, p. 12: ""the magnitude of the effects of fact-checks is more than twice that of misinformation""",descriptive,The correction effect is more than twice the misinformation effect,NA,1,NA,1,NA,TRUE,NA,Published 1; rewrite 1; deposit not computed.
coppock_etal_2023,disc_named_moderators,"Discussion, p. 11: ""The Big Five personality traits, need for cognition, and political interest all moderate the effect of fact-checks""",descriptive,All seven named covariates moderate the correction effect,NA,1,NA,1,NA,TRUE,NA,Published 1; rewrite 1; deposit not computed.
coppock_etal_2023,disc_persist_w2,"Discussion, p. 11: ""The effects of fact-checks persisted at 66 per cent the original magnitude after one week""",pipeline,Share of the Wave 1 correction effect remaining at Wave 2,49,66,0,49,0,NA,paper_internal,As art_intro_persist_w2.
coppock_etal_2023,disc_persist_w3,"Discussion, p. 11: ""and at 50 per cent after more than two weeks""",pipeline,Share of the Wave 1 correction effect remaining at Wave 3,43,50,0,34,0,NA,paper_internal,As art_intro_persist_w3.
coppock_etal_2023,disc_roughly_twice,"Discussion, p. 12: ""corrections improved it by roughly twice the amount""",descriptive,The correction effect is roughly twice the misinformation effect,NA,1,NA,1,NA,TRUE,NA,Published 1; rewrite 1; deposit not computed.
coppock_etal_2023,fig1_agreement_points,Figure 1,structural,Control-group agreement points plotted in Figure 1,NA,48,NA,48,1,NA,NA,Published 48; rewrite 48; deposit not computed.
coppock_etal_2023,fig1_traffic_rows,Figure 1,structural,Fact check rows plotted in Figure 1,NA,24,NA,24,1,NA,NA,Published 24; rewrite 24; deposit not computed.
coppock_etal_2023,fig2_mean_antifa_lucid_control,Figure 2,pipeline,Figure 2 conditional mean: Antifa start West Coast wildfires (Lucid) control,NA,30,NA,30,1,NA,NA,Published 30; rewrite 30; deposit not computed.
coppock_etal_2023,fig2_mean_antifa_lucid_factcheck,Figure 2,pipeline,Figure 2 conditional mean: Antifa start West Coast wildfires (Lucid) fact-check,NA,28,NA,28,1,NA,NA,Published 28; rewrite 28; deposit not computed.
coppock_etal_2023,fig2_mean_antifa_lucid_misinformation,Figure 2,pipeline,Figure 2 conditional mean: Antifa start West Coast wildfires (Lucid) misinformation,NA,39,NA,39,1,NA,NA,Published 39; rewrite 39; deposit not computed.
coppock_etal_2023,fig2_mean_antifa_mturk_control,Figure 2,pipeline,Figure 2 conditional mean: Antifa start West Coast wildfires (MTurk) control,NA,49,NA,49,1,NA,NA,Published 49; rewrite 49; deposit not computed.
coppock_etal_2023,fig2_mean_antifa_mturk_factcheck,Figure 2,pipeline,Figure 2 conditional mean: Antifa start West Coast wildfires (MTurk) fact-check,NA,51,NA,51,1,NA,NA,Published 51; rewrite 51; deposit not computed.
coppock_etal_2023,fig2_mean_antifa_mturk_misinformation,Figure 2,pipeline,Figure 2 conditional mean: Antifa start West Coast wildfires (MTurk) misinformation,NA,53,NA,53,1,NA,NA,Published 53; rewrite 53; deposit not computed.
coppock_etal_2023,fig2_mean_barrett_homophobic_control,Figure 2,pipeline,Figure 2 conditional mean: Judge Barrett made homophobic and racist statements control,NA,43,NA,43,1,NA,NA,Published 43; rewrite 43; deposit not computed.
coppock_etal_2023,fig2_mean_barrett_homophobic_factcheck,Figure 2,pipeline,Figure 2 conditional mean: Judge Barrett made homophobic and racist statements fact-check,NA,28,NA,28,1,NA,NA,Published 28; rewrite 28; deposit not computed.
coppock_etal_2023,fig2_mean_barrett_homophobic_misinformation,Figure 2,pipeline,Figure 2 conditional mean: Judge Barrett made homophobic and racist statements misinformation,NA,43,NA,43,1,NA,NA,Published 43; rewrite 43; deposit not computed.
coppock_etal_2023,fig2_mean_barrett_looks_control,Figure 2,pipeline,Figure 2 conditional mean: Trump chose Judge Barrett on basis of looks control,NA,36,NA,36,1,NA,NA,Published 36; rewrite 36; deposit not computed.
coppock_etal_2023,fig2_mean_barrett_looks_factcheck,Figure 2,pipeline,Figure 2 conditional mean: Trump chose Judge Barrett on basis of looks fact-check,NA,25,NA,25,1,NA,NA,Published 25; rewrite 25; deposit not computed.
coppock_etal_2023,fig2_mean_barrett_looks_misinformation,Figure 2,pipeline,Figure 2 conditional mean: Trump chose Judge Barrett on basis of looks misinformation,NA,45,NA,45,1,NA,NA,Published 45; rewrite 45; deposit not computed.
coppock_etal_2023,fig2_mean_biden_400k_control,Figure 2,pipeline,Figure 2 conditional mean: Joe Biden has never made more than $400k control,NA,39,NA,39,1,NA,NA,Published 39; rewrite 39; deposit not computed.
coppock_etal_2023,fig2_mean_biden_400k_factcheck,Figure 2,pipeline,Figure 2 conditional mean: Joe Biden has never made more than $400k fact-check,NA,33,NA,33,1,NA,NA,Published 33; rewrite 33; deposit not computed.
coppock_etal_2023,fig2_mean_biden_400k_misinformation,Figure 2,pipeline,Figure 2 conditional mean: Joe Biden has never made more than $400k misinformation,NA,50,NA,50,1,NA,NA,Published 50; rewrite 50; deposit not computed.
coppock_etal_2023,fig2_mean_biden_wire_control,Figure 2,pipeline,Figure 2 conditional mean: Biden wears wire at debate control,NA,47,NA,47,1,NA,NA,Published 47; rewrite 47; deposit not computed.
coppock_etal_2023,fig2_mean_biden_wire_factcheck,Figure 2,pipeline,Figure 2 conditional mean: Biden wears wire at debate fact-check,NA,41,NA,41,1,NA,NA,Published 41; rewrite 41; deposit not computed.
coppock_etal_2023,fig2_mean_biden_wire_misinformation,Figure 2,pipeline,Figure 2 conditional mean: Biden wears wire at debate misinformation,NA,46,NA,46,1,NA,NA,Published 46; rewrite 46; deposit not computed.
coppock_etal_2023,fig2_mean_coons_control,Figure 2,pipeline,Figure 2 conditional mean: Sen Coons daughters photo on Hunter Bidens laptop control,NA,48,NA,48,1,NA,NA,Published 48; rewrite 48; deposit not computed.
coppock_etal_2023,fig2_mean_coons_factcheck,Figure 2,pipeline,Figure 2 conditional mean: Sen Coons daughters photo on Hunter Bidens laptop fact-check,NA,39,NA,39,1,NA,NA,Published 39; rewrite 39; deposit not computed.
coppock_etal_2023,fig2_mean_coons_misinformation,Figure 2,pipeline,Figure 2 conditional mean: Sen Coons daughters photo on Hunter Bidens laptop misinformation,NA,39,NA,39,1,NA,NA,Published 39; rewrite 39; deposit not computed.
coppock_etal_2023,fig2_mean_election_night_control,Figure 2,pipeline,Figure 2 conditional mean: Presidential winner must be announced election night control,NA,44,NA,44,1,NA,NA,Published 44; rewrite 44; deposit not computed.
coppock_etal_2023,fig2_mean_election_night_factcheck,Figure 2,pipeline,Figure 2 conditional mean: Presidential winner must be announced election night fact-check,NA,35,NA,35,1,NA,NA,Published 35; rewrite 35; deposit not computed.
coppock_etal_2023,fig2_mean_election_night_misinformation,Figure 2,pipeline,Figure 2 conditional mean: Presidential winner must be announced election night misinformation,NA,42,NA,42,1,NA,NA,Published 42; rewrite 42; deposit not computed.
coppock_etal_2023,fig2_mean_gop_pens_control,Figure 2,pipeline,Figure 2 conditional mean: GOP voters pens invisible to voting machines control,NA,42,NA,42,1,NA,NA,Published 42; rewrite 42; deposit not computed.
coppock_etal_2023,fig2_mean_gop_pens_factcheck,Figure 2,pipeline,Figure 2 conditional mean: GOP voters pens invisible to voting machines fact-check,NA,44,NA,44,1,NA,NA,Published 44; rewrite 44; deposit not computed.
coppock_etal_2023,fig2_mean_gop_pens_misinformation,Figure 2,pipeline,Figure 2 conditional mean: GOP voters pens invisible to voting machines misinformation,NA,55,NA,55,1,NA,NA,Published 55; rewrite 55; deposit not computed.
coppock_etal_2023,fig2_mean_hunter_laptop_control,Figure 2,pipeline,Figure 2 conditional mean: Hunter Bidens laptop had photos torturing children control,NA,25,NA,25,1,NA,NA,Published 25; rewrite 25; deposit not computed.
coppock_etal_2023,fig2_mean_hunter_laptop_factcheck,Figure 2,pipeline,Figure 2 conditional mean: Hunter Bidens laptop had photos torturing children fact-check,NA,24,NA,24,1,NA,NA,Published 24; rewrite 24; deposit not computed.
coppock_etal_2023,fig2_mean_hunter_laptop_misinformation,Figure 2,pipeline,Figure 2 conditional mean: Hunter Bidens laptop had photos torturing children misinformation,NA,28,NA,28,1,NA,NA,Published 28; rewrite 28; deposit not computed.
coppock_etal_2023,fig2_mean_kamala_control,Figure 2,pipeline,Figure 2 conditional mean: Kamala Harris imprisoned prolife activists control,NA,47,NA,47,1,NA,NA,Published 47; rewrite 47; deposit not computed.
coppock_etal_2023,fig2_mean_kamala_factcheck,Figure 2,pipeline,Figure 2 conditional mean: Kamala Harris imprisoned prolife activists fact-check,NA,47,NA,47,1,NA,NA,Published 47; rewrite 47; deposit not computed.
coppock_etal_2023,fig2_mean_kamala_misinformation,Figure 2,pipeline,Figure 2 conditional mean: Kamala Harris imprisoned prolife activists misinformation,NA,60,NA,60,1,NA,NA,Published 60; rewrite 60; deposit not computed.
coppock_etal_2023,fig2_mean_light_bulb_lucid_control,Figure 2,pipeline,Figure 2 conditional mean: A black man invented the light bulb (Lucid) control,NA,31,NA,31,1,NA,NA,Published 31; rewrite 31; deposit not computed.
coppock_etal_2023,fig2_mean_light_bulb_lucid_factcheck,Figure 2,pipeline,Figure 2 conditional mean: A black man invented the light bulb (Lucid) fact-check,NA,37,NA,37,1,NA,NA,Published 37; rewrite 37; deposit not computed.
coppock_etal_2023,fig2_mean_light_bulb_lucid_misinformation,Figure 2,pipeline,Figure 2 conditional mean: A black man invented the light bulb (Lucid) misinformation,NA,40,NA,40,1,NA,NA,Published 40; rewrite 40; deposit not computed.
coppock_etal_2023,fig2_mean_light_bulb_mturk_control,Figure 2,pipeline,Figure 2 conditional mean: A black man invented the light bulb (MTurk) control,NA,51,NA,51,1,NA,NA,Published 51; rewrite 51; deposit not computed.
coppock_etal_2023,fig2_mean_light_bulb_mturk_factcheck,Figure 2,pipeline,Figure 2 conditional mean: A black man invented the light bulb (MTurk) fact-check,NA,52,NA,52,1,NA,NA,Published 52; rewrite 52; deposit not computed.
coppock_etal_2023,fig2_mean_light_bulb_mturk_misinformation,Figure 2,pipeline,Figure 2 conditional mean: A black man invented the light bulb (MTurk) misinformation,NA,57,NA,57,1,NA,NA,Published 57; rewrite 57; deposit not computed.
coppock_etal_2023,fig2_mean_obama_judges_control,Figure 2,pipeline,Figure 2 conditional mean: Obama failed to nominate US judges control,NA,46,NA,46,1,NA,NA,Published 46; rewrite 46; deposit not computed.
coppock_etal_2023,fig2_mean_obama_judges_factcheck,Figure 2,pipeline,Figure 2 conditional mean: Obama failed to nominate US judges fact-check,NA,36,NA,36,1,NA,NA,Published 36; rewrite 36; deposit not computed.
coppock_etal_2023,fig2_mean_obama_judges_misinformation,Figure 2,pipeline,Figure 2 conditional mean: Obama failed to nominate US judges misinformation,NA,54,NA,54,1,NA,NA,Published 54; rewrite 54; deposit not computed.
coppock_etal_2023,fig2_mean_sars_lucid_control,Figure 2,pipeline,Figure 2 conditional mean: SARS-CoV-2 man made virus created in the lab (Lucid) control,NA,47,NA,47,1,NA,NA,Published 47; rewrite 47; deposit not computed.
coppock_etal_2023,fig2_mean_sars_lucid_factcheck,Figure 2,pipeline,Figure 2 conditional mean: SARS-CoV-2 man made virus created in the lab (Lucid) fact-check,NA,43,NA,43,1,NA,NA,Published 43; rewrite 43; deposit not computed.
coppock_etal_2023,fig2_mean_sars_lucid_misinformation,Figure 2,pipeline,Figure 2 conditional mean: SARS-CoV-2 man made virus created in the lab (Lucid) misinformation,NA,54,NA,54,1,NA,NA,Published 54; rewrite 54; deposit not computed.
coppock_etal_2023,fig2_mean_sars_mturk_control,Figure 2,pipeline,Figure 2 conditional mean: SARS-CoV-2 man made virus created in the lab (MTurk) control,NA,60,NA,60,1,NA,NA,Published 60; rewrite 60; deposit not computed.
coppock_etal_2023,fig2_mean_sars_mturk_factcheck,Figure 2,pipeline,Figure 2 conditional mean: SARS-CoV-2 man made virus created in the lab (MTurk) fact-check,NA,58,NA,58,1,NA,NA,Published 58; rewrite 58; deposit not computed.
coppock_etal_2023,fig2_mean_sars_mturk_misinformation,Figure 2,pipeline,Figure 2 conditional mean: SARS-CoV-2 man made virus created in the lab (MTurk) misinformation,NA,62,NA,62,1,NA,NA,Published 62; rewrite 62; deposit not computed.
coppock_etal_2023,fig2_mean_seal_team_control,Figure 2,pipeline,Figure 2 conditional mean: Biden and Obama plotted to have Seal Team 6 murdered control,NA,30,NA,30,1,NA,NA,Published 30; rewrite 30; deposit not computed.
coppock_etal_2023,fig2_mean_seal_team_factcheck,Figure 2,pipeline,Figure 2 conditional mean: Biden and Obama plotted to have Seal Team 6 murdered fact-check,NA,28,NA,28,1,NA,NA,Published 28; rewrite 28; deposit not computed.
coppock_etal_2023,fig2_mean_seal_team_misinformation,Figure 2,pipeline,Figure 2 conditional mean: Biden and Obama plotted to have Seal Team 6 murdered misinformation,NA,37,NA,37,1,NA,NA,Published 37; rewrite 37; deposit not computed.
coppock_etal_2023,fig2_mean_trump_bible_control,Figure 2,pipeline,Figure 2 conditional mean: Trump holds Bible upside down control,NA,64,NA,64,1,NA,NA,Published 64; rewrite 64; deposit not computed.
coppock_etal_2023,fig2_mean_trump_bible_factcheck,Figure 2,pipeline,Figure 2 conditional mean: Trump holds Bible upside down fact-check,NA,48,NA,48,1,NA,NA,Published 48; rewrite 48; deposit not computed.
coppock_etal_2023,fig2_mean_trump_bible_misinformation,Figure 2,pipeline,Figure 2 conditional mean: Trump holds Bible upside down misinformation,NA,70,NA,70,1,NA,NA,Published 70; rewrite 70; deposit not computed.
coppock_etal_2023,fig2_mean_trump_covid_control,Figure 2,pipeline,Figure 2 conditional mean: Trump responsible for all Covid deaths control,NA,48,NA,48,1,NA,NA,Published 48; rewrite 48; deposit not computed.
coppock_etal_2023,fig2_mean_trump_covid_factcheck,Figure 2,pipeline,Figure 2 conditional mean: Trump responsible for all Covid deaths fact-check,NA,42,NA,42,1,NA,NA,Published 42; rewrite 42; deposit not computed.
coppock_etal_2023,fig2_mean_trump_covid_misinformation,Figure 2,pipeline,Figure 2 conditional mean: Trump responsible for all Covid deaths misinformation,NA,51,NA,51,1,NA,NA,Published 51; rewrite 51; deposit not computed.
coppock_etal_2023,fig2_mean_trump_dna_control,Figure 2,pipeline,Figure 2 conditional mean: Donald Trump claimed his DNA was USA control,NA,39,NA,39,1,NA,NA,Published 39; rewrite 39; deposit not computed.
coppock_etal_2023,fig2_mean_trump_dna_factcheck,Figure 2,pipeline,Figure 2 conditional mean: Donald Trump claimed his DNA was USA fact-check,NA,27,NA,27,1,NA,NA,Published 27; rewrite 27; deposit not computed.
coppock_etal_2023,fig2_mean_trump_dna_misinformation,Figure 2,pipeline,Figure 2 conditional mean: Donald Trump claimed his DNA was USA misinformation,NA,36,NA,36,1,NA,NA,Published 36; rewrite 36; deposit not computed.
coppock_etal_2023,fig2_mean_trump_good_control,Figure 2,pipeline,Figure 2 conditional mean: Trump said Good to childrens separation control,NA,57,NA,57,1,NA,NA,Published 57; rewrite 57; deposit not computed.
coppock_etal_2023,fig2_mean_trump_good_factcheck,Figure 2,pipeline,Figure 2 conditional mean: Trump said Good to childrens separation fact-check,NA,31,NA,31,1,NA,NA,Published 31; rewrite 31; deposit not computed.
coppock_etal_2023,fig2_mean_trump_good_misinformation,Figure 2,pipeline,Figure 2 conditional mean: Trump said Good to childrens separation misinformation,NA,53,NA,53,1,NA,NA,Published 53; rewrite 53; deposit not computed.
coppock_etal_2023,fig2_mean_usps_control,Figure 2,pipeline,Figure 2 conditional mean: USPS fails to deliver 27% of mail ballots in South FL control,NA,46,NA,46,1,NA,NA,Published 46; rewrite 46; deposit not computed.
coppock_etal_2023,fig2_mean_usps_factcheck,Figure 2,pipeline,Figure 2 conditional mean: USPS fails to deliver 27% of mail ballots in South FL fact-check,NA,36,NA,36,1,NA,NA,Published 36; rewrite 36; deposit not computed.
coppock_etal_2023,fig2_mean_usps_misinformation,Figure 2,pipeline,Figure 2 conditional mean: USPS fails to deliver 27% of mail ballots in South FL misinformation,NA,51,NA,51,1,NA,NA,Published 51; rewrite 51; deposit not computed.
coppock_etal_2023,fig2_mean_who_control,Figure 2,pipeline,Figure 2 conditional mean: WHO children to be vaccinated without parents consent control,NA,40,NA,40,1,NA,NA,Published 40; rewrite 40; deposit not computed.
coppock_etal_2023,fig2_mean_who_factcheck,Figure 2,pipeline,Figure 2 conditional mean: WHO children to be vaccinated without parents consent fact-check,NA,26,NA,26,1,NA,NA,Published 26; rewrite 26; deposit not computed.
coppock_etal_2023,fig2_mean_who_misinformation,Figure 2,pipeline,Figure 2 conditional mean: WHO children to be vaccinated without parents consent misinformation,NA,34,NA,34,1,NA,NA,Published 34; rewrite 34; deposit not computed.
coppock_etal_2023,fig2_mean_wisconsin_control,Figure 2,pipeline,Figure 2 conditional mean: Wisconsin has more votes than registered voters control,NA,42,NA,42,1,NA,NA,Published 42; rewrite 42; deposit not computed.
coppock_etal_2023,fig2_mean_wisconsin_factcheck,Figure 2,pipeline,Figure 2 conditional mean: Wisconsin has more votes than registered voters fact-check,NA,38,NA,38,1,NA,NA,Published 38; rewrite 38; deposit not computed.
coppock_etal_2023,fig2_mean_wisconsin_misinformation,Figure 2,pipeline,Figure 2 conditional mean: Wisconsin has more votes than registered voters misinformation,NA,50,NA,50,1,NA,NA,Published 50; rewrite 50; deposit not computed.
coppock_etal_2023,fig3_cells,Figure 3,structural,Conditional effect estimates plotted in Figure 3,NA,96,NA,96,1,NA,NA,Published 96; rewrite 96; deposit not computed.
coppock_etal_2023,fig4_cells,Figure 4,structural,Meta-analytic estimates plotted in Figure 4,NA,30,NA,30,1,NA,NA,Published 30; rewrite 30; deposit not computed.
coppock_etal_2023,fig4_three_wave_flat,Figure 4,descriptive,"In the All Subjects panel for issues across three waves, the Wave 1 and Wave 2 estimates are identical",NA,1,NA,0,NA,FALSE,archive,"The deposit's adjusted three-wave block regresses outcome_w3 for both its Wave 1 and its Wave 2 models and outcome_w2 for its Wave 3 model, so the published panel plots one estimate twice."
coppock_etal_2023,fig5_grp_agree_high_treatmentcontrol,Figure 5,pipeline,Figure 5 label: Agreeableness high tercile misinformation effect,5.2,5.2,1,5.2,1,NA,NA,Published 5.2; rewrite 5.2; deposit 5.2.
coppock_etal_2023,fig5_grp_agree_high_treatmentfactcheck,Figure 5,pipeline,Figure 5 label: Agreeableness high tercile correction effect,-13.4,-13.4,1,-13.4,1,NA,NA,Published -13.4; rewrite -13.4; deposit -13.4.
coppock_etal_2023,fig5_grp_agree_low_treatmentcontrol,Figure 5,pipeline,Figure 5 label: Agreeableness low tercile misinformation effect,4,4,1,4,1,NA,NA,Published 4; rewrite 4; deposit 4.
coppock_etal_2023,fig5_grp_agree_low_treatmentfactcheck,Figure 5,pipeline,Figure 5 label: Agreeableness low tercile correction effect,-8.1,-8.1,1,-8.1,1,NA,NA,Published -8.1; rewrite -8.1; deposit -8.1.
coppock_etal_2023,fig5_grp_conscientiousness_high_treatmentcontrol,Figure 5,pipeline,Figure 5 label: Conscientiousness high tercile misinformation effect,4.9,4.9,1,4.9,1,NA,NA,Published 4.9; rewrite 4.9; deposit 4.9.
coppock_etal_2023,fig5_grp_conscientiousness_high_treatmentfactcheck,Figure 5,pipeline,Figure 5 label: Conscientiousness high tercile correction effect,-13,-13,1,-13,1,NA,NA,Published -13; rewrite -13; deposit -13.
coppock_etal_2023,fig5_grp_conscientiousness_low_treatmentcontrol,Figure 5,pipeline,Figure 5 label: Conscientiousness low tercile misinformation effect,3,3,1,3,1,NA,NA,Published 3; rewrite 3; deposit 3.
coppock_etal_2023,fig5_grp_conscientiousness_low_treatmentfactcheck,Figure 5,pipeline,Figure 5 label: Conscientiousness low tercile correction effect,-8,-8,1,-8,1,NA,NA,Published -8; rewrite -8; deposit -8.
coppock_etal_2023,fig5_grp_crt_high_treatmentcontrol,Figure 5,pipeline,Figure 5 label: Cognitive Reflection Test high tercile misinformation effect,4.6,4.6,1,4.6,1,NA,NA,Published 4.6; rewrite 4.6; deposit 4.6.
coppock_etal_2023,fig5_grp_crt_high_treatmentfactcheck,Figure 5,pipeline,Figure 5 label: Cognitive Reflection Test high tercile correction effect,-13.4,-13.4,1,-13.4,1,NA,NA,Published -13.4; rewrite -13.4; deposit -13.4.
coppock_etal_2023,fig5_grp_crt_low_treatmentcontrol,Figure 5,pipeline,Figure 5 label: Cognitive Reflection Test low tercile misinformation effect,4.2,4.2,1,4.2,1,NA,NA,Published 4.2; rewrite 4.2; deposit 4.2.
coppock_etal_2023,fig5_grp_crt_low_treatmentfactcheck,Figure 5,pipeline,Figure 5 label: Cognitive Reflection Test low tercile correction effect,-8.8,-8.8,1,-8.8,1,NA,NA,Published -8.8; rewrite -8.8; deposit -8.8.
coppock_etal_2023,fig5_grp_emotstab_high_treatmentcontrol,Figure 5,pipeline,Figure 5 label: Emotional Stability high tercile misinformation effect,5.6,5.6,1,5.6,1,NA,NA,Published 5.6; rewrite 5.6; deposit 5.6.
coppock_etal_2023,fig5_grp_emotstab_high_treatmentfactcheck,Figure 5,pipeline,Figure 5 label: Emotional Stability high tercile correction effect,-13.2,-13.2,1,-13.2,1,NA,NA,Published -13.2; rewrite -13.2; deposit -13.2.
coppock_etal_2023,fig5_grp_emotstab_low_treatmentcontrol,Figure 5,pipeline,Figure 5 label: Emotional Stability low tercile misinformation effect,3.3,3.3,1,3.3,1,NA,NA,Published 3.3; rewrite 3.3; deposit 3.3.
coppock_etal_2023,fig5_grp_emotstab_low_treatmentfactcheck,Figure 5,pipeline,Figure 5 label: Emotional Stability low tercile correction effect,-8.1,-8.1,1,-8.1,1,NA,NA,Published -8.1; rewrite -8.1; deposit -8.1.
coppock_etal_2023,fig5_grp_extraversion_high_treatmentcontrol,Figure 5,pipeline,Figure 5 label: Extraversion high tercile misinformation effect,3.8,3.8,1,3.8,1,NA,NA,Published 3.8; rewrite 3.8; deposit 3.8.
coppock_etal_2023,fig5_grp_extraversion_high_treatmentfactcheck,Figure 5,pipeline,Figure 5 label: Extraversion high tercile correction effect,-7.9,-7.9,1,-7.9,1,NA,NA,Published -7.9; rewrite -7.9; deposit -7.9.
coppock_etal_2023,fig5_grp_extraversion_low_treatmentcontrol,Figure 5,pipeline,Figure 5 label: Extraversion low tercile misinformation effect,3.6,3.6,1,3.6,1,NA,NA,Published 3.6; rewrite 3.6; deposit 3.6.
coppock_etal_2023,fig5_grp_extraversion_low_treatmentfactcheck,Figure 5,pipeline,Figure 5 label: Extraversion low tercile correction effect,-13.4,-13.4,1,-13.4,1,NA,NA,Published -13.4; rewrite -13.4; deposit -13.4.
coppock_etal_2023,fig5_grp_nfc_high_treatmentcontrol,Figure 5,pipeline,Figure 5 label: Need for Cognition high tercile misinformation effect,4.3,4.3,1,4.3,1,NA,NA,Published 4.3; rewrite 4.3; deposit 4.3.
coppock_etal_2023,fig5_grp_nfc_high_treatmentfactcheck,Figure 5,pipeline,Figure 5 label: Need for Cognition high tercile correction effect,-14.3,-14.3,1,-14.3,1,NA,NA,Published -14.3; rewrite -14.3; deposit -14.3.
coppock_etal_2023,fig5_grp_nfc_low_treatmentcontrol,Figure 5,pipeline,Figure 5 label: Need for Cognition low tercile misinformation effect,4.5,4.5,1,4.5,1,NA,NA,Published 4.5; rewrite 4.5; deposit 4.5.
coppock_etal_2023,fig5_grp_nfc_low_treatmentfactcheck,Figure 5,pipeline,Figure 5 label: Need for Cognition low tercile correction effect,-9,-9,1,-9,1,NA,NA,Published -9; rewrite -9; deposit -9.
coppock_etal_2023,fig5_grp_openness_high_treatmentcontrol,Figure 5,pipeline,Figure 5 label: Openness high tercile misinformation effect,5.9,5.9,1,5.9,1,NA,NA,Published 5.9; rewrite 5.9; deposit 5.9.
coppock_etal_2023,fig5_grp_openness_high_treatmentfactcheck,Figure 5,pipeline,Figure 5 label: Openness high tercile correction effect,-13.3,-13.3,1,-13.3,1,NA,NA,Published -13.3; rewrite -13.3; deposit -13.3.
coppock_etal_2023,fig5_grp_openness_low_treatmentcontrol,Figure 5,pipeline,Figure 5 label: Openness low tercile misinformation effect,3.3,3.3,1,3.3,1,NA,NA,Published 3.3; rewrite 3.3; deposit 3.3.
coppock_etal_2023,fig5_grp_openness_low_treatmentfactcheck,Figure 5,pipeline,Figure 5 label: Openness low tercile correction effect,-6.6,-6.6,1,-6.6,1,NA,NA,Published -6.6; rewrite -6.6; deposit -6.6.
coppock_etal_2023,fig5_grp_pk_high_treatmentcontrol,Figure 5,pipeline,Figure 5 label: Political knowledge high tercile misinformation effect,4.3,4.3,1,4.4,0,NA,environment,As fig5_grp_pk_low_treatmentcontrol.
coppock_etal_2023,fig5_grp_pk_high_treatmentfactcheck,Figure 5,pipeline,Figure 5 label: Political knowledge high tercile correction effect,-10.7,-10.7,1,-11.2,0,NA,environment,As fig5_grp_pk_low_treatmentcontrol.
coppock_etal_2023,fig5_grp_pk_low_treatmentcontrol,Figure 5,pipeline,Figure 5 label: Political knowledge low tercile misinformation effect,4.1,4.1,1,4.0,0,NA,environment,"The two estimatr versions disagree about which HC2 standard errors are estimable for the political knowledge terciles, which changes which studies the pooling drops."
coppock_etal_2023,fig5_grp_pk_low_treatmentfactcheck,Figure 5,pipeline,Figure 5 label: Political knowledge low tercile correction effect,-8,-8,1,-8,1,NA,NA,Published -8; rewrite -8; deposit -8.
coppock_etal_2023,fig5_grp_polint_high_treatmentcontrol,Figure 5,pipeline,Figure 5 label: Political interest high tercile misinformation effect,4.3,4.3,1,4.3,1,NA,NA,Published 4.3; rewrite 4.3; deposit 4.3.
coppock_etal_2023,fig5_grp_polint_high_treatmentfactcheck,Figure 5,pipeline,Figure 5 label: Political interest high tercile correction effect,-8.9,-8.9,1,-8.9,1,NA,NA,Published -8.9; rewrite -8.9; deposit -8.9.
coppock_etal_2023,fig5_grp_polint_low_treatmentcontrol,Figure 5,pipeline,Figure 5 label: Political interest low tercile misinformation effect,4.5,4.5,1,4.5,1,NA,NA,Published 4.5; rewrite 4.5; deposit 4.5.
coppock_etal_2023,fig5_grp_polint_low_treatmentfactcheck,Figure 5,pipeline,Figure 5 label: Political interest low tercile correction effect,-12.3,-12.3,1,-12.3,1,NA,NA,Published -12.3; rewrite -12.3; deposit -12.3.
coppock_etal_2023,fig6_Democrat_treatmentcontrol,Figure 6,pipeline,Figure 6 label: Democrat misinformation effect on the claim's target,-0.26,-0.26,1,-1.60,0,NA,archive,As fig6_overall_treatmentcontrol.
coppock_etal_2023,fig6_Democrat_treatmentfactcheck,Figure 6,pipeline,Figure 6 label: Democrat correction effect on the claim's target,0.23,0.23,1,1.49,0,NA,archive,As fig6_overall_treatmentcontrol.
coppock_etal_2023,fig6_Independent_treatmentcontrol,Figure 6,pipeline,Figure 6 label: Independent misinformation effect on the claim's target,-0.60,-0.60,1,-3.55,0,NA,archive,As fig6_overall_treatmentcontrol.
coppock_etal_2023,fig6_Independent_treatmentfactcheck,Figure 6,pipeline,Figure 6 label: Independent correction effect on the claim's target,-0.32,-0.32,1,1.81,0,NA,archive,As fig6_overall_treatmentcontrol.
coppock_etal_2023,fig6_overall_treatmentcontrol,Figure 6,pipeline,Figure 6 label: Overall misinformation effect on the claim's target,-0.23,-0.19,0,-0.74,0,NA,archive,"The deposit's thermometer loop filters with filter(data, fc == fc, topic_short_2 == topic_short_2), where each condition compares a column with itself and subsets nothing, so every target model is fitted on all eight panels pooled. The rewrite applies the subset the loop was written to apply."
coppock_etal_2023,fig6_overall_treatmentfactcheck,Figure 6,pipeline,Figure 6 label: Overall correction effect on the claim's target,0.19,0.18,0,0.80,0,NA,archive,As fig6_overall_treatmentcontrol.
coppock_etal_2023,fig6_Republican_treatmentcontrol,Figure 6,pipeline,Figure 6 label: Republican misinformation effect on the claim's target,0.01,0.01,1,0.91,0,NA,archive,As fig6_overall_treatmentcontrol.
coppock_etal_2023,fig6_Republican_treatmentfactcheck,Figure 6,pipeline,Figure 6 label: Republican correction effect on the claim's target,0.15,0.15,1,0.69,0,NA,archive,As fig6_overall_treatmentcontrol.
coppock_etal_2023,note_ci_level,"Figure notes, Figures 1, 3, 4",definitional,Confidence level of every plotted interval,NA,95,NA,95,1,NA,NA,Published 95; rewrite 95; deposit not computed.
coppock_etal_2023,note_p_0001,"Figure notes, Figures 2, 3, 5, 6",definitional,Highest significance threshold in the figure notes,NA,0.001,NA,NA,NA,NA,NA,No counterpart in the deposit or the rewrite.
coppock_etal_2023,note_p_001,"Figure notes, Figures 2, 3, 5, 6",definitional,Middle significance threshold in the figure notes,NA,0.01,NA,NA,NA,NA,NA,No counterpart in the deposit or the rewrite.
coppock_etal_2023,note_p_005,"Figure notes, Figures 2, 3, 5, 6",definitional,Lowest significance threshold in the figure notes,NA,0.05,NA,NA,NA,NA,NA,No counterpart in the deposit or the rewrite.
coppock_etal_2023,prior_chan_studies,"Prior Research, p. 2",transcribed,Studies in the Chan et al. meta-analysis,NA,20,NA,NA,NA,NA,NA,Copied from the cited paper; checked once against the source.
coppock_etal_2023,prior_chan_treatments,"Prior Research, p. 2",transcribed,Independent treatments in the Chan et al. meta-analysis,NA,52,NA,NA,NA,NA,NA,Copied from the cited paper; checked once against the source.
coppock_etal_2023,prior_guess_stories,"Prior Research, p. 3",transcribed,Fake news stories randomized by Guess et al.,NA,2,NA,NA,NA,NA,NA,Copied from the cited paper; checked once against the source.
coppock_etal_2023,prior_porterwood_issues,"Prior Research, p. 3",transcribed,Issues inspected by Porter and Wood 2019,NA,63,NA,NA,NA,NA,NA,Copied from the cited paper; checked once against the source.
coppock_etal_2023,prior_porterwood_share,"Prior Research, p. 3",transcribed,Share of issues where corrections improved accuracy,NA,96,NA,NA,NA,NA,NA,Copied from the cited paper; checked once against the source.
coppock_etal_2023,prior_pvw_countries,"Prior Research, p. 3",transcribed,Countries in Porter Velez and Wood 2022,NA,10,NA,NA,NA,NA,NA,Copied from the cited paper; checked once against the source.
coppock_etal_2023,prior_pvw_share,"Prior Research, p. 3",transcribed,Share of the correction effect remaining in Porter Velez and Wood 2022,NA,39,NA,NA,NA,NA,NA,Copied from the cited paper; checked once against the source.
coppock_etal_2023,prior_pvw_weeks,"Prior Research, p. 3",transcribed,Weeks to recontact in Porter Velez and Wood 2022,NA,2,NA,NA,NA,NA,NA,Copied from the cited paper; checked once against the source.
coppock_etal_2023,prior_pw2021_countries,"Prior Research, p. 3",transcribed,Countries in Porter and Wood 2021,NA,3,NA,NA,NA,NA,NA,Copied from the cited paper; checked once against the source.
coppock_etal_2023,prior_pw2021_issues,"Prior Research, p. 3",transcribed,Issues with detectable increases at recontact,NA,11,NA,NA,NA,NA,NA,Copied from the cited paper; checked once against the source.
coppock_etal_2023,prior_pw2021_of,"Prior Research, p. 3",transcribed,Issues studied in Porter and Wood 2021,NA,17,NA,NA,NA,NA,NA,Copied from the cited paper; checked once against the source.
coppock_etal_2023,prior_pw2021_share,"Prior Research, p. 3",transcribed,Share of the first-wave effect remaining in Porter and Wood 2021,NA,40,NA,NA,NA,NA,NA,Copied from the cited paper; checked once against the source.
coppock_etal_2023,prior_pw2021_weeks,"Prior Research, p. 3",transcribed,Weeks to recontact in Porter and Wood 2021,NA,2,NA,NA,NA,NA,NA,Copied from the cited paper; checked once against the source.
coppock_etal_2023,prior_shin_year,"Prior Research, p. 3",transcribed,Election year observed by Shin and Thorson,NA,2012,NA,NA,NA,NA,NA,Copied from the cited paper; checked once against the source.
coppock_etal_2023,res_attitudes_direction,"Results, p. 11: ""While the effects were in the expected direction, with fact-checks making respondents more positive and misinformation more negative""",descriptive,Corrections move thermometers up and misinformation moves them down,NA,1,NA,1,NA,TRUE,NA,Published 1; rewrite 1; deposit not computed.
coppock_etal_2023,res_attitudes_half,"Results, p. 11: ""Meta-analysis shows that the overall effects of misinformation and fact-checks on attitudes were each smaller than half a point on the 100-point feeling thermometer""",descriptive,Both overall thermometer effects are smaller than half a point,NA,1,NA,0,NA,FALSE,archive,As fig6_overall_treatmentcontrol.
coppock_etal_2023,res_dems_update_further,"Results, p. 6: ""However, Democrats update substantially further than Republicans when corrected about congenial false claims""",descriptive,Democrats update further than Republicans on Democratic-congenial claims,NA,1,NA,1,NA,TRUE,NA,Published 1; rewrite 1; deposit not computed.
coppock_etal_2023,res_fc_sig_count,"Results, p. 6: ""twenty of the fact-checks had statistically significant negative average effects on belief certainty""",pipeline,Experiments with a significant negative correction effect,20,20,1,20,1,NA,NA,Published 20; rewrite 20; deposit 20.
coppock_etal_2023,res_fig1_dem_two,"Results, p. 6: ""but Democrats are more likely than Republicans to believe only two of the Democratic-congenial false statements""",descriptive,Democrats believe exactly two Democratic-congenial false claims more than Republicans do,NA,1,NA,1,NA,TRUE,NA,Published 1; rewrite 1; deposit not computed.
coppock_etal_2023,res_fig1_rep_all,"Results, p. 6: ""Republicans are more likely than Democrats to believe all of the Republican-congenial false statements""",descriptive,Republicans believe every Republican-congenial false claim more than Democrats do,NA,1,NA,1,NA,TRUE,NA,Published 1; rewrite 1; deposit not computed.
coppock_etal_2023,res_footnote_two_sided,"Results, p. 6, footnote 1",definitional,Sides of every reported test,NA,2,NA,NA,NA,NA,NA,No counterpart in the deposit or the rewrite.
coppock_etal_2023,res_ft_scale,"Results, p. 11",definitional,Upper endpoint of the feeling thermometer,NA,100,NA,100,1,NA,NA,Published 100; rewrite 100; deposit not computed.
coppock_etal_2023,res_heterogeneity_diminished,"Results, p. 9: ""though at diminished magnitudes""",descriptive,Every conditional correction effect is smaller at Wave 2 than at Wave 1,NA,1,NA,1,NA,TRUE,NA,Published 1; rewrite 1; deposit not computed.
coppock_etal_2023,res_heterogeneity_persists,"Results, p. 9: ""This same pattern of heterogeneity persists after one week, though at diminished magnitudes""",descriptive,The tercile with the stronger correction effect is the same one a week later,NA,1,NA,1,NA,TRUE,NA,Published 1; rewrite 1; deposit not computed.
coppock_etal_2023,res_meta_correction,"Results, p. 6: ""the average fact-check effect (relative to misinformation) to be −10.5 points""",pipeline,Meta-analytic correction effect covariate adjusted,-10.5,-10.5,1,-10.5,1,NA,NA,Published -10.5; rewrite -10.5; deposit -10.5.
coppock_etal_2023,res_meta_correction_se,"Results, p. 6: ""(standard error = 1.1)""",pipeline,Standard error of the meta-analytic correction effect,1.1,1.1,1,1.1,1,NA,NA,Published 1.1; rewrite 1.1; deposit 1.1.
coppock_etal_2023,res_meta_misinfo,"Results, p. 6: ""we estimate the average misinformation effect (relative to control) to be 4.30 points""",pipeline,Meta-analytic misinformation effect covariate adjusted,4.30,4.30,1,4.30,1,NA,NA,Published 4.30; rewrite 4.30; deposit 4.30.
coppock_etal_2023,res_meta_misinfo_se,"Results, p. 6: ""(standard error = 1.07)""",pipeline,Standard error of the meta-analytic misinformation effect,1.07,1.07,1,1.07,1,NA,NA,Published 1.07; rewrite 1.07; deposit 1.07.
coppock_etal_2023,res_misinfo_sig_count,"Results, p. 6: ""exposure to the misinformation significantly decreased accuracy in twelve out of the twenty-four opportunities""",pipeline,Experiments where misinformation significantly reduced accuracy,13,12,0,13,0,NA,paper_internal,"Thirteen of the twenty-four unadjusted misinformation contrasts are positive and significant, in the deposit and in the rewrite alike; appendix Table 1 prints all thirteen."
coppock_etal_2023,res_misinfo_symmetric,"Results, p. 6: ""Being exposed to misinformation increased belief in the false claim by about the same amount across categories, both among Republicans and among Democrats""",descriptive,Misinformation effects are similar across congeniality categories within party,NA,1,NA,NA,NA,NA,NA,No counterpart in the deposit or the rewrite.
coppock_etal_2023,res_no_backfire,"Results, p. 6: ""and none ""backfired,"" or increased false beliefs""",descriptive,No correction significantly increased false belief,NA,1,NA,1,NA,TRUE,NA,Published 1; rewrite 1; deposit not computed.
coppock_etal_2023,res_no_misinfo_moderation,"Results, p. 9: ""None of these covariates moderate the effects of misinformation (left panels)""",descriptive,No covariate moderates the misinformation effect,NA,1,NA,1,NA,TRUE,NA,Published 1; rewrite 1; deposit not computed.
coppock_etal_2023,res_opportunities,"Results, p. 6",definitional,Experiments run,24,24,1,24,1,NA,NA,Published 24; rewrite 24; deposit 24.
coppock_etal_2023,res_persist_w2_precise,"Results, p. 7: ""The effects of fact-checks observed immediately after treatment dissipate somewhat from Wave 1 to Wave 2, on average, at 66.4 per cent of the initial magnitude""",pipeline,Share of the Wave 1 correction effect remaining at Wave 2,48.9,66.4,0,48.9,0,NA,paper_internal,"As art_intro_persist_w2, at the sharper 66.4. The pooled Wave 2 effect is 47 per cent of the pooled Wave 1 effect, and the fixed-effect pool of the ratios is 64.9 per cent adjusted."
coppock_etal_2023,res_persist_w3_precise,"Results, p. 8: ""On average, the effect in Wave 3 is 50 per cent the magnitude of the original effect""",pipeline,Share of the Wave 1 correction effect remaining at Wave 3,43,50,0,34,0,NA,paper_internal,As art_intro_persist_w3.
coppock_etal_2023,res_rep_congenial_symmetric,"Results, p. 6: ""For false claims congenial to Republicans, the effects are approximately equal in magnitude across party lines""",descriptive,Correction effects on Republican-congenial claims are similar across parties,NA,1,NA,NA,NA,NA,NA,No counterpart in the deposit or the rewrite.
coppock_etal_2023,res_scale_high,"Results, p. 6",definitional,Upper endpoint of the belief certainty axis,NA,100,NA,100,1,NA,NA,Published 100; rewrite 100; deposit not computed.
coppock_etal_2023,res_scale_low,"Results, p. 6",definitional,Lower endpoint of the belief certainty axis,NA,0,NA,0,1,NA,NA,Published 0; rewrite 0; deposit not computed.
coppock_etal_2023,res_several_moderate,"Results, p. 9: ""but several of them moderate the effects of fact-checks (right panels)""",descriptive,Several covariates moderate the correction effect,NA,1,NA,1,NA,TRUE,NA,Published 1; rewrite 1; deposit not computed.
coppock_etal_2023,res_terciles,"Results, p. 8: ""Figure 5 shows the estimated effects for subjects in the top versus bottom tercile of each index""",definitional,Groups each index is split into,NA,3,NA,3,1,NA,NA,Published 3; rewrite 3; deposit not computed.
coppock_etal_2023,res_three_wave_issues,"Results, p. 8: ""the meta-analytic averages for the six issues in studies with three-wave panels""",definitional,Issues in the three-wave panels,NA,6,NA,6,1,NA,NA,Published 6; rewrite 6; deposit not computed.
coppock_etal_2023,res_time_ranking,"Results, p. 9: ""the within-trait ranking of conditional effects shown in Figure 5 is matched exactly by a within-trait ranking of average time spent reading the fact-check""",descriptive,Within-trait rankings of effect and of reading time agree,NA,1,NA,1,NA,TRUE,NA,Published 1; rewrite 1; deposit not computed.
