appendix_table,caption,row_label,column_position,estimate,std_error,significance_marker,interval_first,interval_second,interval_low,interval_high,interval_printed_descending
1,Table 1: Average treatment effects at Wave 1 among all subjects,GOP voters’ pens invisible to voting machines Panel 7 (Lucid) no,1,12.97,2.01,,16.91,9.03,9.03,16.91,TRUE
1,Table 1: Average treatment effects at Wave 1 among all subjects,GOP voters’ pens invisible to voting machines Panel 7 (Lucid) no,2,-10.88,2.1,,-14.99,-6.77,-14.99,-6.77,FALSE
1,Table 1: Average treatment effects at Wave 1 among all subjects,GOP voters’ pens invisible to voting machines Panel 7 (Lucid) yes,1,12.44,1.84,,16.06,8.83,8.83,16.06,TRUE
1,Table 1: Average treatment effects at Wave 1 among all subjects,GOP voters’ pens invisible to voting machines Panel 7 (Lucid) yes,2,-11.27,1.94,,-15.07,-7.48,-15.07,-7.48,FALSE
1,Table 1: Average treatment effects at Wave 1 among all subjects,USPS fails to deliver 27% of mail ballots in South FL Panel 7 (Lucid) no,1,4.63,1.89,*,8.34,0.92,0.92,8.34,TRUE
1,Table 1: Average treatment effects at Wave 1 among all subjects,USPS fails to deliver 27% of mail ballots in South FL Panel 7 (Lucid) no,2,-14.4,2.01,,-18.35,-10.46,-18.35,-10.46,FALSE
1,Table 1: Average treatment effects at Wave 1 among all subjects,USPS fails to deliver 27% of mail ballots in South FL Panel 7 (Lucid) yes,1,3.08,1.8,,6.61,-0.46,-0.46,6.61,TRUE
1,Table 1: Average treatment effects at Wave 1 among all subjects,USPS fails to deliver 27% of mail ballots in South FL Panel 7 (Lucid) yes,2,-12.39,1.88,,-16.09,-8.7,-16.09,-8.7,FALSE
1,Table 1: Average treatment effects at Wave 1 among all subjects,Wisconsin has more votes than registered voters Panel 7 (Lucid) no,1,7.91,2.03,*,11.88,3.93,3.93,11.88,TRUE
1,Table 1: Average treatment effects at Wave 1 among all subjects,Wisconsin has more votes than registered voters Panel 7 (Lucid) no,2,-12.74,2.07,,-16.79,-8.68,-16.79,-8.68,FALSE
1,Table 1: Average treatment effects at Wave 1 among all subjects,Wisconsin has more votes than registered voters Panel 7 (Lucid) yes,1,8.06,1.83,,11.65,4.48,4.48,11.65,TRUE
1,Table 1: Average treatment effects at Wave 1 among all subjects,Wisconsin has more votes than registered voters Panel 7 (Lucid) yes,2,-12.02,1.92,,-15.8,-8.25,-15.8,-8.25,FALSE
1,Table 1: Average treatment effects at Wave 1 among all subjects,Presidential winner must be announced election night Panel 6 (MTurk) no,1,-2.8,3.4,,3.87,-9.47,-9.47,3.87,TRUE
1,Table 1: Average treatment effects at Wave 1 among all subjects,Presidential winner must be announced election night Panel 6 (MTurk) no,2,-7.02,3.41,*,-13.7,-0.33,-13.7,-0.33,FALSE
1,Table 1: Average treatment effects at Wave 1 among all subjects,Presidential winner must be announced election night Panel 6 (MTurk) yes,1,-1.84,2.77,,3.59,-7.27,-7.27,3.59,TRUE
1,Table 1: Average treatment effects at Wave 1 among all subjects,Presidential winner must be announced election night Panel 6 (MTurk) yes,2,-4.71,2.71,,-10.03,0.62,-10.03,0.62,FALSE
1,Table 1: Average treatment effects at Wave 1 among all subjects,Sen Coon’s daughter’s photo on Hunter Biden’s laptop Panel 6 (MTurk) no,1,-8.94,2.96,*,-3.13,-14.75,-14.75,-3.13,TRUE
1,Table 1: Average treatment effects at Wave 1 among all subjects,Sen Coon’s daughter’s photo on Hunter Biden’s laptop Panel 6 (MTurk) no,2,0.44,3.2,,-5.84,6.73,-5.84,6.73,FALSE
1,Table 1: Average treatment effects at Wave 1 among all subjects,Sen Coon’s daughter’s photo on Hunter Biden’s laptop Panel 6 (MTurk) yes,1,-5.93,2.44,*,-1.14,-10.72,-10.72,-1.14,TRUE
1,Table 1: Average treatment effects at Wave 1 among all subjects,Sen Coon’s daughter’s photo on Hunter Biden’s laptop Panel 6 (MTurk) yes,2,-3.37,2.6,,-8.46,1.73,-8.46,1.73,FALSE
1,Table 1: Average treatment effects at Wave 1 among all subjects,Trump said ’Good’ to children’s separation Panel 6 (MTurk) no,1,-4.3,3.05,,1.68,-10.28,-10.28,1.68,TRUE
1,Table 1: Average treatment effects at Wave 1 among all subjects,Trump said ’Good’ to children’s separation Panel 6 (MTurk) no,2,-21.81,3.19,,-28.08,-15.54,-28.08,-15.54,FALSE
1,Table 1: Average treatment effects at Wave 1 among all subjects,Trump said ’Good’ to children’s separation Panel 6 (MTurk) yes,1,-2.23,2.75,,3.17,-7.62,-7.62,3.17,TRUE
1,Table 1: Average treatment effects at Wave 1 among all subjects,Trump said ’Good’ to children’s separation Panel 6 (MTurk) yes,2,-20.27,2.93,,-26.02,-14.52,-26.02,-14.52,FALSE
1,Table 1: Average treatment effects at Wave 1 among all subjects,Biden and Obama plotted to have Seal Team 6 murdered Panel 5 (Lucid) no,1,6.97,2.08,*,11.06,2.88,2.88,11.06,TRUE
1,Table 1: Average treatment effects at Wave 1 among all subjects,Biden and Obama plotted to have Seal Team 6 murdered Panel 5 (Lucid) no,2,-9.47,1.8,,-12.99,-5.94,-12.99,-5.94,FALSE
1,Table 1: Average treatment effects at Wave 1 among all subjects,Biden and Obama plotted to have Seal Team 6 murdered Panel 5 (Lucid) yes,1,6.65,1.9,*,10.37,2.93,2.93,10.37,TRUE
1,Table 1: Average treatment effects at Wave 1 among all subjects,Biden and Obama plotted to have Seal Team 6 murdered Panel 5 (Lucid) yes,2,-10.19,1.56,,-13.24,-7.14,-13.24,-7.14,FALSE
1,Table 1: Average treatment effects at Wave 1 among all subjects,Joe Biden has never made more than $400k Panel 5 (Lucid) no,1,10.65,2.03,,14.63,6.68,6.68,14.63,TRUE
1,Table 1: Average treatment effects at Wave 1 among all subjects,Joe Biden has never made more than $400k Panel 5 (Lucid) no,2,-17.09,2.1,,-21.21,-12.98,-21.21,-12.98,FALSE
1,Table 1: Average treatment effects at Wave 1 among all subjects,Joe Biden has never made more than $400k Panel 5 (Lucid) yes,1,10.15,1.93,,13.93,6.37,6.37,13.93,TRUE
1,Table 1: Average treatment effects at Wave 1 among all subjects,Joe Biden has never made more than $400k Panel 5 (Lucid) yes,2,-16.67,1.99,,-20.58,-12.76,-20.58,-12.76,FALSE
1,Table 1: Average treatment effects at Wave 1 among all subjects,Kamala Harris imprisoned prolife activists Panel 5 (Lucid) no,1,13.41,1.97,,17.27,9.55,9.55,17.27,TRUE
1,Table 1: Average treatment effects at Wave 1 among all subjects,Kamala Harris imprisoned prolife activists Panel 5 (Lucid) no,2,-13.56,2.08,,-17.65,-9.48,-17.65,-9.48,FALSE
1,Table 1: Average treatment effects at Wave 1 among all subjects,Kamala Harris imprisoned prolife activists Panel 5 (Lucid) yes,1,14.23,1.82,,17.8,10.66,10.66,17.8,TRUE
1,Table 1: Average treatment effects at Wave 1 among all subjects,Kamala Harris imprisoned prolife activists Panel 5 (Lucid) yes,2,-14.25,1.94,,-18.05,-10.44,-18.05,-10.44,FALSE
1,Table 1: Average treatment effects at Wave 1 among all subjects,Hunter Biden’s laptop had photos torturing children Panel 4 (MTurk) no,1,2.76,1.66,,6.02,-0.5,-0.5,6.02,TRUE
1,Table 1: Average treatment effects at Wave 1 among all subjects,Hunter Biden’s laptop had photos torturing children Panel 4 (MTurk) no,2,-4.34,1.68,*,-7.64,-1.04,-7.64,-1.04,FALSE
1,Table 1: Average treatment effects at Wave 1 among all subjects,Hunter Biden’s laptop had photos torturing children Panel 4 (MTurk) yes,1,3.09,1.36,*,5.76,0.42,0.42,5.76,TRUE
1,Table 1: Average treatment effects at Wave 1 among all subjects,Hunter Biden’s laptop had photos torturing children Panel 4 (MTurk) yes,2,-3.72,1.39,*,-6.43,-1,-6.43,-1,FALSE
1,Table 1: Average treatment effects at Wave 1 among all subjects,Trump chose Judge Barrett on basis of looks Panel 4 (MTurk) no,1,9.53,1.77,,12.99,6.07,6.07,12.99,TRUE
1,Table 1: Average treatment effects at Wave 1 among all subjects,Trump chose Judge Barrett on basis of looks Panel 4 (MTurk) no,2,-20.8,1.7,,-24.13,-17.47,-24.13,-17.47,FALSE
1,Table 1: Average treatment effects at Wave 1 among all subjects,Trump chose Judge Barrett on basis of looks Panel 4 (MTurk) yes,1,9.49,1.58,,12.6,6.39,6.39,12.6,TRUE
1,Table 1: Average treatment effects at Wave 1 among all subjects,Trump chose Judge Barrett on basis of looks Panel 4 (MTurk) yes,2,-20.84,1.52,,-23.82,-17.85,-23.82,-17.85,FALSE
1,Table 1: Average treatment effects at Wave 1 among all subjects,WHO: children to be vaccinated without parents’ consent Panel 4 (MTurk) no,1,-6.19,1.68,*,-2.9,-9.47,-9.47,-2.9,TRUE
1,Table 1: Average treatment effects at Wave 1 among all subjects,WHO: children to be vaccinated without parents’ consent Panel 4 (MTurk) no,2,-7.31,1.76,,-10.75,-3.86,-10.75,-3.86,FALSE
1,Table 1: Average treatment effects at Wave 1 among all subjects,WHO: children to be vaccinated without parents’ consent Panel 4 (MTurk) yes,1,-5.62,1.52,*,-2.63,-8.61,-8.61,-2.63,TRUE
1,Table 1: Average treatment effects at Wave 1 among all subjects,WHO: children to be vaccinated without parents’ consent Panel 4 (MTurk) yes,2,-7.87,1.52,,-10.85,-4.89,-10.85,-4.89,FALSE
1,Table 1: Average treatment effects at Wave 1 among all subjects,Donald Trump claimed his DNA was USA Panel 3 (Lucid) no,1,-2.47,2,,1.45,-6.39,-6.39,1.45,TRUE
1,Table 1: Average treatment effects at Wave 1 among all subjects,Donald Trump claimed his DNA was USA Panel 3 (Lucid) no,2,-8.63,1.9,,-12.36,-4.9,-12.36,-4.9,FALSE
1,Table 1: Average treatment effects at Wave 1 among all subjects,Donald Trump claimed his DNA was USA Panel 3 (Lucid) yes,1,-1.81,1.92,,1.95,-5.58,-5.58,1.95,TRUE
1,Table 1: Average treatment effects at Wave 1 among all subjects,Donald Trump claimed his DNA was USA Panel 3 (Lucid) yes,2,-8.37,1.8,,-11.89,-4.85,-11.89,-4.85,FALSE
1,Table 1: Average treatment effects at Wave 1 among all subjects,Judge Barrett made homophobic and racist statements Panel 3 (Lucid) no,1,0.43,1.96,,4.28,-3.41,-3.41,4.28,TRUE
1,Table 1: Average treatment effects at Wave 1 among all subjects,Judge Barrett made homophobic and racist statements Panel 3 (Lucid) no,2,-15.46,1.94,,-19.28,-11.65,-19.28,-11.65,FALSE
1,Table 1: Average treatment effects at Wave 1 among all subjects,Judge Barrett made homophobic and racist statements Panel 3 (Lucid) yes,1,0.44,1.73,,3.83,-2.95,-2.95,3.83,TRUE
1,Table 1: Average treatment effects at Wave 1 among all subjects,Judge Barrett made homophobic and racist statements Panel 3 (Lucid) yes,2,-14.67,1.75,,-18.1,-11.23,-18.1,-11.23,FALSE
1,Table 1: Average treatment effects at Wave 1 among all subjects,Obama failed to nominate US judges Panel 3 (Lucid) no,1,8.22,1.95,,12.05,4.4,4.4,12.05,TRUE
1,Table 1: Average treatment effects at Wave 1 among all subjects,Obama failed to nominate US judges Panel 3 (Lucid) no,2,-17.67,1.97,,-21.53,-13.82,-21.53,-13.82,FALSE
1,Table 1: Average treatment effects at Wave 1 among all subjects,Obama failed to nominate US judges Panel 3 (Lucid) yes,1,7.69,1.79,,11.2,4.19,4.19,11.2,TRUE
1,Table 1: Average treatment effects at Wave 1 among all subjects,Obama failed to nominate US judges Panel 3 (Lucid) yes,2,-15.95,1.8,,-19.48,-12.41,-19.48,-12.41,FALSE
1,Table 1: Average treatment effects at Wave 1 among all subjects,Biden wears wire at debate Panel 2 (MTurk) no,1,-0.78,2.05,,3.25,-4.8,-4.8,3.25,TRUE
1,Table 1: Average treatment effects at Wave 1 among all subjects,Biden wears wire at debate Panel 2 (MTurk) no,2,-4.7,2.14,*,-8.91,-0.5,-8.91,-0.5,FALSE
1,Table 1: Average treatment effects at Wave 1 among all subjects,Biden wears wire at debate Panel 2 (MTurk) yes,1,1.61,1.72,,4.99,-1.77,-1.77,4.99,TRUE
1,Table 1: Average treatment effects at Wave 1 among all subjects,Biden wears wire at debate Panel 2 (MTurk) yes,2,-7.1,1.72,,-10.47,-3.73,-10.47,-3.73,FALSE
1,Table 1: Average treatment effects at Wave 1 among all subjects,Trump holds Bible upside down Panel 2 (MTurk) no,1,5.08,1.79,*,8.59,1.57,1.57,8.59,TRUE
1,Table 1: Average treatment effects at Wave 1 among all subjects,Trump holds Bible upside down Panel 2 (MTurk) no,2,-21.16,1.97,,-25.02,-17.29,-25.02,-17.29,FALSE
1,Table 1: Average treatment effects at Wave 1 among all subjects,Trump holds Bible upside down Panel 2 (MTurk) yes,1,5.45,1.72,*,8.82,2.09,2.09,8.82,TRUE
1,Table 1: Average treatment effects at Wave 1 among all subjects,Trump holds Bible upside down Panel 2 (MTurk) yes,2,-21.15,1.81,,-24.71,-17.6,-24.71,-17.6,FALSE
1,Table 1: Average treatment effects at Wave 1 among all subjects,Trump responsible for all Covid deaths Panel 2 (MTurk) no,1,3.04,2.24,,7.43,-1.35,-1.35,7.43,TRUE
1,Table 1: Average treatment effects at Wave 1 among all subjects,Trump responsible for all Covid deaths Panel 2 (MTurk) no,2,-9.29,2.28,,-13.76,-4.81,-13.76,-4.81,FALSE
1,Table 1: Average treatment effects at Wave 1 among all subjects,Trump responsible for all Covid deaths Panel 2 (MTurk) yes,1,2.03,2.01,,5.97,-1.91,-1.91,5.97,TRUE
1,Table 1: Average treatment effects at Wave 1 among all subjects,Trump responsible for all Covid deaths Panel 2 (MTurk) yes,2,-9.54,1.95,,-13.37,-5.71,-13.37,-5.71,FALSE
1,Table 1: Average treatment effects at Wave 1 among all subjects,A black man invented the light bulb Panel 1 (MTurk) no,1,5.9,2.12,*,10.06,1.73,1.73,10.06,TRUE
1,Table 1: Average treatment effects at Wave 1 among all subjects,A black man invented the light bulb Panel 1 (MTurk) no,2,-5.15,2.13,*,-9.34,-0.97,-9.34,-0.97,FALSE
1,Table 1: Average treatment effects at Wave 1 among all subjects,A black man invented the light bulb Panel 1 (MTurk) yes,1,4.94,1.63,*,8.14,1.75,1.75,8.14,TRUE
1,Table 1: Average treatment effects at Wave 1 among all subjects,A black man invented the light bulb Panel 1 (MTurk) yes,2,-4.04,1.63,*,-7.22,-0.85,-7.22,-0.85,FALSE
1,Table 1: Average treatment effects at Wave 1 among all subjects,Antifa start West Coast wildfires Panel 1 (MTurk) no,1,3.48,2.19,,7.78,-0.82,-0.82,7.78,TRUE
1,Table 1: Average treatment effects at Wave 1 among all subjects,Antifa start West Coast wildfires Panel 1 (MTurk) no,2,-1.96,2.21,,-6.3,2.38,-6.3,2.38,FALSE
1,Table 1: Average treatment effects at Wave 1 among all subjects,Antifa start West Coast wildfires Panel 1 (MTurk) yes,1,3.52,1.56,*,6.59,0.46,0.46,6.59,TRUE
1,Table 1: Average treatment effects at Wave 1 among all subjects,Antifa start West Coast wildfires Panel 1 (MTurk) yes,2,-4.69,1.55,*,-7.72,-1.66,-7.72,-1.66,FALSE
1,Table 1: Average treatment effects at Wave 1 among all subjects,SARS-CoV-2 man made virus created in the lab Panel 1 (MTurk) no,1,1.58,2.08,,5.66,-2.51,-2.51,5.66,TRUE
1,Table 1: Average treatment effects at Wave 1 among all subjects,SARS-CoV-2 man made virus created in the lab Panel 1 (MTurk) no,2,-3.87,2.14,,-8.06,0.33,-8.06,0.33,FALSE
1,Table 1: Average treatment effects at Wave 1 among all subjects,SARS-CoV-2 man made virus created in the lab Panel 1 (MTurk) yes,1,2.87,1.66,,6.13,-0.39,-0.39,6.13,TRUE
1,Table 1: Average treatment effects at Wave 1 among all subjects,SARS-CoV-2 man made virus created in the lab Panel 1 (MTurk) yes,2,-3.92,1.64,*,-7.14,-0.69,-7.14,-0.69,FALSE
1,Table 1: Average treatment effects at Wave 1 among all subjects,A black man invented the light bulb Panel 1 (Lucid) no,1,8.59,2.03,,12.58,4.6,4.6,12.58,TRUE
1,Table 1: Average treatment effects at Wave 1 among all subjects,A black man invented the light bulb Panel 1 (Lucid) no,2,-2.68,2.06,,-6.72,1.35,-6.72,1.35,FALSE
1,Table 1: Average treatment effects at Wave 1 among all subjects,A black man invented the light bulb Panel 1 (Lucid) yes,1,9.52,1.83,,13.12,5.93,5.93,13.12,TRUE
1,Table 1: Average treatment effects at Wave 1 among all subjects,A black man invented the light bulb Panel 1 (Lucid) yes,2,-4.49,1.86,*,-8.13,-0.85,-8.13,-0.85,FALSE
1,Table 1: Average treatment effects at Wave 1 among all subjects,Antifa start West Coast wildfires Panel 1 (Lucid) no,1,8.55,1.96,,12.39,4.7,4.7,12.39,TRUE
1,Table 1: Average treatment effects at Wave 1 among all subjects,Antifa start West Coast wildfires Panel 1 (Lucid) no,2,-10.72,1.96,,-14.57,-6.88,-14.57,-6.88,FALSE
1,Table 1: Average treatment effects at Wave 1 among all subjects,Antifa start West Coast wildfires Panel 1 (Lucid) yes,1,7.38,1.71,,10.74,4.02,4.02,10.74,TRUE
1,Table 1: Average treatment effects at Wave 1 among all subjects,Antifa start West Coast wildfires Panel 1 (Lucid) yes,2,-11.59,1.74,,-15.01,-8.17,-15.01,-8.17,FALSE
1,Table 1: Average treatment effects at Wave 1 among all subjects,SARS-CoV-2 man made virus created in the lab Panel 1 (Lucid) no,1,6.87,2.15,*,11.09,2.64,2.64,11.09,TRUE
1,Table 1: Average treatment effects at Wave 1 among all subjects,SARS-CoV-2 man made virus created in the lab Panel 1 (Lucid) no,2,-11.01,2.13,,-15.19,-6.83,-15.19,-6.83,FALSE
1,Table 1: Average treatment effects at Wave 1 among all subjects,SARS-CoV-2 man made virus created in the lab Panel 1 (Lucid) yes,1,5.78,1.93,*,9.56,2,2,9.56,TRUE
1,Table 1: Average treatment effects at Wave 1 among all subjects,SARS-CoV-2 man made virus created in the lab Panel 1 (Lucid) yes,2,-10.12,1.88,,-13.81,-6.43,-13.81,-6.43,FALSE
1,Table 1: Average treatment effects at Wave 1 among all subjects,Meta-analysis Meta-analysis no,1,4.12,1.19,*,1.8,6.44,1.8,6.44,FALSE
1,Table 1: Average treatment effects at Wave 1 among all subjects,Meta-analysis Meta-analysis no,2,-10.51,1.27,*,-13.01,-8.02,-13.01,-8.02,FALSE
1,Table 1: Average treatment effects at Wave 1 among all subjects,Meta-analysis Meta-analysis yes,1,4.3,1.07,*,2.21,6.4,2.21,6.4,FALSE
1,Table 1: Average treatment effects at Wave 1 among all subjects,Meta-analysis Meta-analysis yes,2,-10.52,1.14,*,-12.75,-8.28,-12.75,-8.28,FALSE
2,Table 2: Conditional average treatment effects at Wave 1 among Democrats,GOP voters’ pens invisible to voting machines Panel 7 (Lucid) Democrat no,1,10.42,2.68,*,15.68,5.17,5.17,15.68,TRUE
2,Table 2: Conditional average treatment effects at Wave 1 among Democrats,GOP voters’ pens invisible to voting machines Panel 7 (Lucid) Democrat no,2,-9.79,2.87,*,-15.43,-4.15,-15.43,-4.15,FALSE
2,Table 2: Conditional average treatment effects at Wave 1 among Democrats,GOP voters’ pens invisible to voting machines Panel 7 (Lucid) Democrat yes,1,7.78,2.56,*,12.81,2.75,2.75,12.81,TRUE
2,Table 2: Conditional average treatment effects at Wave 1 among Democrats,GOP voters’ pens invisible to voting machines Panel 7 (Lucid) Democrat yes,2,-8.28,2.71,*,-13.6,-2.96,-13.6,-2.96,FALSE
2,Table 2: Conditional average treatment effects at Wave 1 among Democrats,USPS fails to deliver 27% of mail ballots in South FL Panel 7 (Lucid) Democrat no,1,4.14,2.66,,9.36,-1.08,-1.08,9.36,TRUE
2,Table 2: Conditional average treatment effects at Wave 1 among Democrats,USPS fails to deliver 27% of mail ballots in South FL Panel 7 (Lucid) Democrat no,2,-14.73,2.82,*,-20.26,-9.2,-20.26,-9.2,FALSE
2,Table 2: Conditional average treatment effects at Wave 1 among Democrats,USPS fails to deliver 27% of mail ballots in South FL Panel 7 (Lucid) Democrat yes,1,3.61,2.55,,8.62,-1.4,-1.4,8.62,TRUE
2,Table 2: Conditional average treatment effects at Wave 1 among Democrats,USPS fails to deliver 27% of mail ballots in South FL Panel 7 (Lucid) Democrat yes,2,-13.86,2.71,*,-19.18,-8.55,-19.18,-8.55,FALSE
2,Table 2: Conditional average treatment effects at Wave 1 among Democrats,Wisconsin has more votes than registered voters Panel 7 (Lucid) Democrat no,1,11.33,2.65,*,16.53,6.13,6.13,16.53,TRUE
2,Table 2: Conditional average treatment effects at Wave 1 among Democrats,Wisconsin has more votes than registered voters Panel 7 (Lucid) Democrat no,2,-8.73,2.81,*,-14.23,-3.22,-14.23,-3.22,FALSE
2,Table 2: Conditional average treatment effects at Wave 1 among Democrats,Wisconsin has more votes than registered voters Panel 7 (Lucid) Democrat yes,1,9.56,2.47,*,14.41,4.7,4.7,14.41,TRUE
2,Table 2: Conditional average treatment effects at Wave 1 among Democrats,Wisconsin has more votes than registered voters Panel 7 (Lucid) Democrat yes,2,-7.58,2.64,*,-12.76,-2.4,-12.76,-2.4,FALSE
2,Table 2: Conditional average treatment effects at Wave 1 among Democrats,Presidential winner must be announced election night Panel 6 (MTurk) Democrat no,1,-2.73,4.44,,6.01,-11.47,-11.47,6.01,TRUE
2,Table 2: Conditional average treatment effects at Wave 1 among Democrats,Presidential winner must be announced election night Panel 6 (MTurk) Democrat no,2,-5.68,4.3,,-14.13,2.78,-14.13,2.78,FALSE
2,Table 2: Conditional average treatment effects at Wave 1 among Democrats,Presidential winner must be announced election night Panel 6 (MTurk) Democrat yes,1,-4.59,3.94,,3.16,-12.34,-12.34,3.16,TRUE
2,Table 2: Conditional average treatment effects at Wave 1 among Democrats,Presidential winner must be announced election night Panel 6 (MTurk) Democrat yes,2,-3.68,3.57,,-10.7,3.34,-10.7,3.34,FALSE
2,Table 2: Conditional average treatment effects at Wave 1 among Democrats,Sen Coon’s daughter’s photo on Hunter Biden’s laptop Panel 6 (MTurk) Democrat no,1,-6.01,3.7,,1.26,-13.27,-13.27,1.26,TRUE
2,Table 2: Conditional average treatment effects at Wave 1 among Democrats,Sen Coon’s daughter’s photo on Hunter Biden’s laptop Panel 6 (MTurk) Democrat no,2,-5.63,4.02,,-13.54,2.27,-13.54,2.27,FALSE
2,Table 2: Conditional average treatment effects at Wave 1 among Democrats,Sen Coon’s daughter’s photo on Hunter Biden’s laptop Panel 6 (MTurk) Democrat yes,1,-3.09,3.28,,3.35,-9.53,-9.53,3.35,TRUE
2,Table 2: Conditional average treatment effects at Wave 1 among Democrats,Sen Coon’s daughter’s photo on Hunter Biden’s laptop Panel 6 (MTurk) Democrat yes,2,-8.67,3.51,*,-15.58,-1.77,-15.58,-1.77,FALSE
2,Table 2: Conditional average treatment effects at Wave 1 among Democrats,Trump said ’Good’ to children’s separation Panel 6 (MTurk) Democrat no,1,6.71,4.25,,15.07,-1.65,-1.65,15.07,TRUE
2,Table 2: Conditional average treatment effects at Wave 1 among Democrats,Trump said ’Good’ to children’s separation Panel 6 (MTurk) Democrat no,2,-36.36,4.11,*,-44.44,-28.28,-44.44,-28.28,FALSE
2,Table 2: Conditional average treatment effects at Wave 1 among Democrats,Trump said ’Good’ to children’s separation Panel 6 (MTurk) Democrat yes,1,5.71,4.2,,13.96,-2.54,-2.54,13.96,TRUE
2,Table 2: Conditional average treatment effects at Wave 1 among Democrats,Trump said ’Good’ to children’s separation Panel 6 (MTurk) Democrat yes,2,-34.18,4.13,*,-42.29,-26.06,-42.29,-26.06,FALSE
2,Table 2: Conditional average treatment effects at Wave 1 among Democrats,Biden and Obama plotted to have Seal Team 6 murdered Panel 5 (Lucid) Democrat no,1,0.21,2.81,,5.72,-5.3,-5.3,5.72,TRUE
2,Table 2: Conditional average treatment effects at Wave 1 among Democrats,Biden and Obama plotted to have Seal Team 6 murdered Panel 5 (Lucid) Democrat no,2,-8.2,2.24,*,-12.59,-3.81,-12.59,-3.81,FALSE
2,Table 2: Conditional average treatment effects at Wave 1 among Democrats,Biden and Obama plotted to have Seal Team 6 murdered Panel 5 (Lucid) Democrat yes,1,-0.22,2.67,,5.02,-5.46,-5.46,5.02,TRUE
2,Table 2: Conditional average treatment effects at Wave 1 among Democrats,Biden and Obama plotted to have Seal Team 6 murdered Panel 5 (Lucid) Democrat yes,2,-8.16,2.09,*,-12.27,-4.05,-12.27,-4.05,FALSE
2,Table 2: Conditional average treatment effects at Wave 1 among Democrats,Joe Biden has never made more than $400k Panel 5 (Lucid) Democrat no,1,17.19,2.97,*,23.02,11.37,11.37,23.02,TRUE
2,Table 2: Conditional average treatment effects at Wave 1 among Democrats,Joe Biden has never made more than $400k Panel 5 (Lucid) Democrat no,2,-24.08,3.05,*,-30.07,-18.09,-30.07,-18.09,FALSE
2,Table 2: Conditional average treatment effects at Wave 1 among Democrats,Joe Biden has never made more than $400k Panel 5 (Lucid) Democrat yes,1,18.02,3.04,*,23.98,12.06,12.06,23.98,TRUE
2,Table 2: Conditional average treatment effects at Wave 1 among Democrats,Joe Biden has never made more than $400k Panel 5 (Lucid) Democrat yes,2,-24.34,3.04,*,-30.31,-18.37,-30.31,-18.37,FALSE
2,Table 2: Conditional average treatment effects at Wave 1 among Democrats,Kamala Harris imprisoned prolife activists Panel 5 (Lucid) Democrat no,1,18.09,2.86,*,23.7,12.48,12.48,23.7,TRUE
2,Table 2: Conditional average treatment effects at Wave 1 among Democrats,Kamala Harris imprisoned prolife activists Panel 5 (Lucid) Democrat no,2,-16.67,3.1,*,-22.76,-10.58,-22.76,-10.58,FALSE
2,Table 2: Conditional average treatment effects at Wave 1 among Democrats,Kamala Harris imprisoned prolife activists Panel 5 (Lucid) Democrat yes,1,17.81,2.78,*,23.28,12.35,12.35,23.28,TRUE
2,Table 2: Conditional average treatment effects at Wave 1 among Democrats,Kamala Harris imprisoned prolife activists Panel 5 (Lucid) Democrat yes,2,-16,3.04,*,-21.98,-10.03,-21.98,-10.03,FALSE
2,Table 2: Conditional average treatment effects at Wave 1 among Democrats,Hunter Biden’s laptop had photos torturing children Panel 4 (MTurk) Democrat no,1,3.47,1.84,,7.08,-0.13,-0.13,7.08,TRUE
2,Table 2: Conditional average treatment effects at Wave 1 among Democrats,Hunter Biden’s laptop had photos torturing children Panel 4 (MTurk) Democrat no,2,-4.21,1.92,*,-7.98,-0.44,-7.98,-0.44,FALSE
2,Table 2: Conditional average treatment effects at Wave 1 among Democrats,Hunter Biden’s laptop had photos torturing children Panel 4 (MTurk) Democrat yes,1,3.06,1.6,,6.19,-0.08,-0.08,6.19,TRUE
2,Table 2: Conditional average treatment effects at Wave 1 among Democrats,Hunter Biden’s laptop had photos torturing children Panel 4 (MTurk) Democrat yes,2,-4.17,1.65,*,-7.42,-0.93,-7.42,-0.93,FALSE
2,Table 2: Conditional average treatment effects at Wave 1 among Democrats,Trump chose Judge Barrett on basis of looks Panel 4 (MTurk) Democrat no,1,9.66,2.29,*,14.16,5.17,5.17,14.16,TRUE
2,Table 2: Conditional average treatment effects at Wave 1 among Democrats,Trump chose Judge Barrett on basis of looks Panel 4 (MTurk) Democrat no,2,-23.64,2.2,*,-27.95,-19.33,-27.95,-19.33,FALSE
2,Table 2: Conditional average treatment effects at Wave 1 among Democrats,Trump chose Judge Barrett on basis of looks Panel 4 (MTurk) Democrat yes,1,10.69,2.09,*,14.79,6.59,6.59,14.79,TRUE
2,Table 2: Conditional average treatment effects at Wave 1 among Democrats,Trump chose Judge Barrett on basis of looks Panel 4 (MTurk) Democrat yes,2,-23.48,2,*,-27.41,-19.55,-27.41,-19.55,FALSE
2,Table 2: Conditional average treatment effects at Wave 1 among Democrats,WHO: children to be vaccinated without parents’ consent Panel 4 (MTurk) Democrat no,1,-8.38,2.16,*,-4.15,-12.62,-12.62,-4.15,TRUE
2,Table 2: Conditional average treatment effects at Wave 1 among Democrats,WHO: children to be vaccinated without parents’ consent Panel 4 (MTurk) Democrat no,2,-8.76,2.09,*,-12.86,-4.65,-12.86,-4.65,FALSE
2,Table 2: Conditional average treatment effects at Wave 1 among Democrats,WHO: children to be vaccinated without parents’ consent Panel 4 (MTurk) Democrat yes,1,-8.73,1.99,*,-4.82,-12.64,-12.64,-4.82,TRUE
2,Table 2: Conditional average treatment effects at Wave 1 among Democrats,WHO: children to be vaccinated without parents’ consent Panel 4 (MTurk) Democrat yes,2,-8.92,1.91,*,-12.66,-5.18,-12.66,-5.18,FALSE
2,Table 2: Conditional average treatment effects at Wave 1 among Democrats,Donald Trump claimed his DNA was USA Panel 3 (Lucid) Democrat no,1,-0.2,3.08,,5.84,-6.24,-6.24,5.84,TRUE
2,Table 2: Conditional average treatment effects at Wave 1 among Democrats,Donald Trump claimed his DNA was USA Panel 3 (Lucid) Democrat no,2,-8.45,2.85,*,-14.04,-2.85,-14.04,-2.85,FALSE
2,Table 2: Conditional average treatment effects at Wave 1 among Democrats,Donald Trump claimed his DNA was USA Panel 3 (Lucid) Democrat yes,1,0.07,2.97,,5.9,-5.76,-5.76,5.9,TRUE
2,Table 2: Conditional average treatment effects at Wave 1 among Democrats,Donald Trump claimed his DNA was USA Panel 3 (Lucid) Democrat yes,2,-8,2.78,*,-13.44,-2.55,-13.44,-2.55,FALSE
2,Table 2: Conditional average treatment effects at Wave 1 among Democrats,Judge Barrett made homophobic and racist statements Panel 3 (Lucid) Democrat no,1,3.65,2.91,,9.36,-2.06,-2.06,9.36,TRUE
2,Table 2: Conditional average treatment effects at Wave 1 among Democrats,Judge Barrett made homophobic and racist statements Panel 3 (Lucid) Democrat no,2,-20.7,2.99,*,-26.58,-14.83,-26.58,-14.83,FALSE
2,Table 2: Conditional average treatment effects at Wave 1 among Democrats,Judge Barrett made homophobic and racist statements Panel 3 (Lucid) Democrat yes,1,3.1,2.75,,8.51,-2.3,-2.3,8.51,TRUE
2,Table 2: Conditional average treatment effects at Wave 1 among Democrats,Judge Barrett made homophobic and racist statements Panel 3 (Lucid) Democrat yes,2,-19.66,2.86,*,-25.28,-14.04,-25.28,-14.04,FALSE
2,Table 2: Conditional average treatment effects at Wave 1 among Democrats,Obama failed to nominate US judges Panel 3 (Lucid) Democrat no,1,2.3,2.84,,7.88,-3.28,-3.28,7.88,TRUE
2,Table 2: Conditional average treatment effects at Wave 1 among Democrats,Obama failed to nominate US judges Panel 3 (Lucid) Democrat no,2,-12,2.78,*,-17.46,-6.53,-17.46,-6.53,FALSE
2,Table 2: Conditional average treatment effects at Wave 1 among Democrats,Obama failed to nominate US judges Panel 3 (Lucid) Democrat yes,1,2.49,2.82,,8.03,-3.04,-3.04,8.03,TRUE
2,Table 2: Conditional average treatment effects at Wave 1 among Democrats,Obama failed to nominate US judges Panel 3 (Lucid) Democrat yes,2,-11.8,2.73,*,-17.16,-6.43,-17.16,-6.43,FALSE
2,Table 2: Conditional average treatment effects at Wave 1 among Democrats,Biden wears wire at debate Panel 2 (MTurk) Democrat no,1,0.26,2.69,,5.53,-5.02,-5.02,5.53,TRUE
2,Table 2: Conditional average treatment effects at Wave 1 among Democrats,Biden wears wire at debate Panel 2 (MTurk) Democrat no,2,-6.84,2.84,*,-12.42,-1.26,-12.42,-1.26,FALSE
2,Table 2: Conditional average treatment effects at Wave 1 among Democrats,Biden wears wire at debate Panel 2 (MTurk) Democrat yes,1,0.02,2.41,,4.75,-4.71,-4.71,4.75,TRUE
2,Table 2: Conditional average treatment effects at Wave 1 among Democrats,Biden wears wire at debate Panel 2 (MTurk) Democrat yes,2,-8.51,2.4,*,-13.22,-3.8,-13.22,-3.8,FALSE
2,Table 2: Conditional average treatment effects at Wave 1 among Democrats,Trump holds Bible upside down Panel 2 (MTurk) Democrat no,1,8.88,2.47,*,13.73,4.03,4.03,13.73,TRUE
2,Table 2: Conditional average treatment effects at Wave 1 among Democrats,Trump holds Bible upside down Panel 2 (MTurk) Democrat no,2,-28.01,2.66,*,-33.23,-22.79,-33.23,-22.79,FALSE
2,Table 2: Conditional average treatment effects at Wave 1 among Democrats,Trump holds Bible upside down Panel 2 (MTurk) Democrat yes,1,8.36,2.48,*,13.23,3.5,3.5,13.23,TRUE
2,Table 2: Conditional average treatment effects at Wave 1 among Democrats,Trump holds Bible upside down Panel 2 (MTurk) Democrat yes,2,-27.71,2.58,*,-32.77,-22.65,-32.77,-22.65,FALSE
2,Table 2: Conditional average treatment effects at Wave 1 among Democrats,Trump responsible for all Covid deaths Panel 2 (MTurk) Democrat no,1,5.91,3.1,,11.98,-0.17,-0.17,11.98,TRUE
2,Table 2: Conditional average treatment effects at Wave 1 among Democrats,Trump responsible for all Covid deaths Panel 2 (MTurk) Democrat no,2,-18.47,3.19,*,-24.74,-12.2,-24.74,-12.2,FALSE
2,Table 2: Conditional average treatment effects at Wave 1 among Democrats,Trump responsible for all Covid deaths Panel 2 (MTurk) Democrat yes,1,3.97,2.94,,9.75,-1.81,-1.81,9.75,TRUE
2,Table 2: Conditional average treatment effects at Wave 1 among Democrats,Trump responsible for all Covid deaths Panel 2 (MTurk) Democrat yes,2,-15.74,2.9,*,-21.44,-10.04,-21.44,-10.04,FALSE
2,Table 2: Conditional average treatment effects at Wave 1 among Democrats,A black man invented the light bulb Panel 1 (MTurk) Democrat no,1,8.23,3.04,*,14.19,2.26,2.26,14.19,TRUE
2,Table 2: Conditional average treatment effects at Wave 1 among Democrats,A black man invented the light bulb Panel 1 (MTurk) Democrat no,2,-9.48,3.04,*,-15.44,-3.51,-15.44,-3.51,FALSE
2,Table 2: Conditional average treatment effects at Wave 1 among Democrats,A black man invented the light bulb Panel 1 (MTurk) Democrat yes,1,7.23,2.63,*,12.39,2.07,2.07,12.39,TRUE
2,Table 2: Conditional average treatment effects at Wave 1 among Democrats,A black man invented the light bulb Panel 1 (MTurk) Democrat yes,2,-7.62,2.62,*,-12.76,-2.48,-12.76,-2.48,FALSE
2,Table 2: Conditional average treatment effects at Wave 1 among Democrats,Antifa start West Coast wildfires Panel 1 (MTurk) Democrat no,1,1.5,3.08,,7.54,-4.55,-4.55,7.54,TRUE
2,Table 2: Conditional average treatment effects at Wave 1 among Democrats,Antifa start West Coast wildfires Panel 1 (MTurk) Democrat no,2,-2.63,3.15,,-8.82,3.56,-8.82,3.56,FALSE
2,Table 2: Conditional average treatment effects at Wave 1 among Democrats,Antifa start West Coast wildfires Panel 1 (MTurk) Democrat yes,1,2.08,2.37,,6.72,-2.57,-2.57,6.72,TRUE
2,Table 2: Conditional average treatment effects at Wave 1 among Democrats,Antifa start West Coast wildfires Panel 1 (MTurk) Democrat yes,2,-3,2.42,,-7.75,1.74,-7.75,1.74,FALSE
2,Table 2: Conditional average treatment effects at Wave 1 among Democrats,SARS-CoV-2 man made virus created in the lab Panel 1 (MTurk) Democrat no,1,4.32,3.25,,10.7,-2.05,-2.05,10.7,TRUE
2,Table 2: Conditional average treatment effects at Wave 1 among Democrats,SARS-CoV-2 man made virus created in the lab Panel 1 (MTurk) Democrat no,2,-10.6,3.24,*,-16.96,-4.24,-16.96,-4.24,FALSE
2,Table 2: Conditional average treatment effects at Wave 1 among Democrats,SARS-CoV-2 man made virus created in the lab Panel 1 (MTurk) Democrat yes,1,4.11,2.64,,9.28,-1.07,-1.07,9.28,TRUE
2,Table 2: Conditional average treatment effects at Wave 1 among Democrats,SARS-CoV-2 man made virus created in the lab Panel 1 (MTurk) Democrat yes,2,-7.01,2.65,*,-12.22,-1.81,-12.22,-1.81,FALSE
2,Table 2: Conditional average treatment effects at Wave 1 among Democrats,A black man invented the light bulb Panel 1 (Lucid) Democrat no,1,13.29,3.11,*,19.4,7.18,7.18,19.4,TRUE
2,Table 2: Conditional average treatment effects at Wave 1 among Democrats,A black man invented the light bulb Panel 1 (Lucid) Democrat no,2,-6.56,3.13,*,-12.7,-0.42,-12.7,-0.42,FALSE
2,Table 2: Conditional average treatment effects at Wave 1 among Democrats,A black man invented the light bulb Panel 1 (Lucid) Democrat yes,1,13.59,2.83,*,19.14,8.03,8.03,19.14,TRUE
2,Table 2: Conditional average treatment effects at Wave 1 among Democrats,A black man invented the light bulb Panel 1 (Lucid) Democrat yes,2,-6.64,2.89,*,-12.32,-0.96,-12.32,-0.96,FALSE
2,Table 2: Conditional average treatment effects at Wave 1 among Democrats,Antifa start West Coast wildfires Panel 1 (Lucid) Democrat no,1,6.04,2.64,*,11.21,0.86,0.86,11.21,TRUE
2,Table 2: Conditional average treatment effects at Wave 1 among Democrats,Antifa start West Coast wildfires Panel 1 (Lucid) Democrat no,2,-8.69,2.66,*,-13.9,-3.47,-13.9,-3.47,FALSE
2,Table 2: Conditional average treatment effects at Wave 1 among Democrats,Antifa start West Coast wildfires Panel 1 (Lucid) Democrat yes,1,4.04,2.36,,8.67,-0.59,-0.59,8.67,TRUE
2,Table 2: Conditional average treatment effects at Wave 1 among Democrats,Antifa start West Coast wildfires Panel 1 (Lucid) Democrat yes,2,-9.3,2.44,*,-14.1,-4.51,-14.1,-4.51,FALSE
2,Table 2: Conditional average treatment effects at Wave 1 among Democrats,SARS-CoV-2 man made virus created in the lab Panel 1 (Lucid) Democrat no,1,3.67,3.07,,9.69,-2.34,-2.34,9.69,TRUE
2,Table 2: Conditional average treatment effects at Wave 1 among Democrats,SARS-CoV-2 man made virus created in the lab Panel 1 (Lucid) Democrat no,2,-9.39,3.06,*,-15.4,-3.37,-15.4,-3.37,FALSE
2,Table 2: Conditional average treatment effects at Wave 1 among Democrats,SARS-CoV-2 man made virus created in the lab Panel 1 (Lucid) Democrat yes,1,2.75,2.81,,8.26,-2.76,-2.76,8.26,TRUE
2,Table 2: Conditional average treatment effects at Wave 1 among Democrats,SARS-CoV-2 man made virus created in the lab Panel 1 (Lucid) Democrat yes,2,-7.67,2.77,*,-13.11,-2.23,-13.11,-2.23,FALSE
2,Table 2: Conditional average treatment effects at Wave 1 among Democrats,Meta-analysis Meta-analysis Democrat no,1,5.15,1.33,*,2.55,7.76,2.55,7.76,FALSE
2,Table 2: Conditional average treatment effects at Wave 1 among Democrats,Meta-analysis Meta-analysis Democrat no,2,-12.79,1.67,*,-16.06,-9.52,-16.06,-9.52,FALSE
2,Table 2: Conditional average treatment effects at Wave 1 among Democrats,Meta-analysis Meta-analysis Democrat yes,1,4.66,1.3,*,2.11,7.2,2.11,7.2,FALSE
2,Table 2: Conditional average treatment effects at Wave 1 among Democrats,Meta-analysis Meta-analysis Democrat yes,2,-12.11,1.6,*,-15.26,-8.97,-15.26,-8.97,FALSE
3,Table 3: Conditional average treatment effects at Wave 1 among Republicans,GOP voters’ pens invisible to voting machines Panel 7 (Lucid) Republican no,1,16.55,3.01,*,22.45,10.65,10.65,22.45,TRUE
3,Table 3: Conditional average treatment effects at Wave 1 among Republicans,GOP voters’ pens invisible to voting machines Panel 7 (Lucid) Republican no,2,-14.76,3.07,*,-20.78,-8.74,-20.78,-8.74,FALSE
3,Table 3: Conditional average treatment effects at Wave 1 among Republicans,GOP voters’ pens invisible to voting machines Panel 7 (Lucid) Republican yes,1,17.4,3,*,23.29,11.51,11.51,23.29,TRUE
3,Table 3: Conditional average treatment effects at Wave 1 among Republicans,GOP voters’ pens invisible to voting machines Panel 7 (Lucid) Republican yes,2,-14.81,3.06,*,-20.82,-8.79,-20.82,-8.79,FALSE
3,Table 3: Conditional average treatment effects at Wave 1 among Republicans,USPS fails to deliver 27% of mail ballots in South FL Panel 7 (Lucid) Republican no,1,7.03,3.03,*,12.98,1.07,1.07,12.98,TRUE
3,Table 3: Conditional average treatment effects at Wave 1 among Republicans,USPS fails to deliver 27% of mail ballots in South FL Panel 7 (Lucid) Republican no,2,-14.9,3.26,*,-21.3,-8.49,-21.3,-8.49,FALSE
3,Table 3: Conditional average treatment effects at Wave 1 among Republicans,USPS fails to deliver 27% of mail ballots in South FL Panel 7 (Lucid) Republican yes,1,4.38,2.94,,10.15,-1.39,-1.39,10.15,TRUE
3,Table 3: Conditional average treatment effects at Wave 1 among Republicans,USPS fails to deliver 27% of mail ballots in South FL Panel 7 (Lucid) Republican yes,2,-11.86,3.05,*,-17.85,-5.86,-17.85,-5.86,FALSE
3,Table 3: Conditional average treatment effects at Wave 1 among Republicans,Wisconsin has more votes than registered voters Panel 7 (Lucid) Republican no,1,5.19,3.01,,11.1,-0.73,-0.73,11.1,TRUE
3,Table 3: Conditional average treatment effects at Wave 1 among Republicans,Wisconsin has more votes than registered voters Panel 7 (Lucid) Republican no,2,-20.61,3.19,*,-26.86,-14.35,-26.86,-14.35,FALSE
3,Table 3: Conditional average treatment effects at Wave 1 among Republicans,Wisconsin has more votes than registered voters Panel 7 (Lucid) Republican yes,1,5.16,2.97,,11,-0.67,-0.67,11,TRUE
3,Table 3: Conditional average treatment effects at Wave 1 among Republicans,Wisconsin has more votes than registered voters Panel 7 (Lucid) Republican yes,2,-19.71,3.13,*,-25.85,-13.57,-25.85,-13.57,FALSE
3,Table 3: Conditional average treatment effects at Wave 1 among Republicans,Presidential winner must be announced election night Panel 6 (MTurk) Republican no,1,-2.57,5.02,,7.3,-12.44,-12.44,7.3,TRUE
3,Table 3: Conditional average treatment effects at Wave 1 among Republicans,Presidential winner must be announced election night Panel 6 (MTurk) Republican no,2,-6.12,5.31,,-16.57,4.33,-16.57,4.33,FALSE
3,Table 3: Conditional average treatment effects at Wave 1 among Republicans,Presidential winner must be announced election night Panel 6 (MTurk) Republican yes,1,-1.31,3.97,,6.5,-9.12,-9.12,6.5,TRUE
3,Table 3: Conditional average treatment effects at Wave 1 among Republicans,Presidential winner must be announced election night Panel 6 (MTurk) Republican yes,2,-3.13,4.27,,-11.52,5.27,-11.52,5.27,FALSE
3,Table 3: Conditional average treatment effects at Wave 1 among Republicans,Sen Coon’s daughter’s photo on Hunter Biden’s laptop Panel 6 (MTurk) Republican no,1,-6.6,4.52,,2.29,-15.49,-15.49,2.29,TRUE
3,Table 3: Conditional average treatment effects at Wave 1 among Republicans,Sen Coon’s daughter’s photo on Hunter Biden’s laptop Panel 6 (MTurk) Republican no,2,-1.97,4.84,,-11.5,7.56,-11.5,7.56,FALSE
3,Table 3: Conditional average treatment effects at Wave 1 among Republicans,Sen Coon’s daughter’s photo on Hunter Biden’s laptop Panel 6 (MTurk) Republican yes,1,-6.1,4.07,,1.9,-14.1,-14.1,1.9,TRUE
3,Table 3: Conditional average treatment effects at Wave 1 among Republicans,Sen Coon’s daughter’s photo on Hunter Biden’s laptop Panel 6 (MTurk) Republican yes,2,-2.92,4,,-10.8,4.95,-10.8,4.95,FALSE
3,Table 3: Conditional average treatment effects at Wave 1 among Republicans,Trump said ’Good’ to children’s separation Panel 6 (MTurk) Republican no,1,-15.72,4.77,*,-6.34,-25.09,-25.09,-6.34,TRUE
3,Table 3: Conditional average treatment effects at Wave 1 among Republicans,Trump said ’Good’ to children’s separation Panel 6 (MTurk) Republican no,2,-5.61,5.38,,-16.19,4.97,-16.19,4.97,FALSE
3,Table 3: Conditional average treatment effects at Wave 1 among Republicans,Trump said ’Good’ to children’s separation Panel 6 (MTurk) Republican yes,1,-10.25,3.72,*,-2.94,-17.56,-17.56,-2.94,TRUE
3,Table 3: Conditional average treatment effects at Wave 1 among Republicans,Trump said ’Good’ to children’s separation Panel 6 (MTurk) Republican yes,2,-4.98,4.21,,-13.26,3.31,-13.26,3.31,FALSE
3,Table 3: Conditional average treatment effects at Wave 1 among Republicans,Biden and Obama plotted to have Seal Team 6 murdered Panel 5 (Lucid) Republican no,1,11.13,3.48,*,17.96,4.29,4.29,17.96,TRUE
3,Table 3: Conditional average treatment effects at Wave 1 among Republicans,Biden and Obama plotted to have Seal Team 6 murdered Panel 5 (Lucid) Republican no,2,-11.81,2.79,*,-17.28,-6.34,-17.28,-6.34,FALSE
3,Table 3: Conditional average treatment effects at Wave 1 among Republicans,Biden and Obama plotted to have Seal Team 6 murdered Panel 5 (Lucid) Republican yes,1,14.59,3.17,*,20.82,8.37,8.37,20.82,TRUE
3,Table 3: Conditional average treatment effects at Wave 1 among Republicans,Biden and Obama plotted to have Seal Team 6 murdered Panel 5 (Lucid) Republican yes,2,-13.72,2.56,*,-18.74,-8.71,-18.74,-8.71,FALSE
3,Table 3: Conditional average treatment effects at Wave 1 among Republicans,Joe Biden has never made more than $400k Panel 5 (Lucid) Republican no,1,2.78,3.11,,8.88,-3.32,-3.32,8.88,TRUE
3,Table 3: Conditional average treatment effects at Wave 1 among Republicans,Joe Biden has never made more than $400k Panel 5 (Lucid) Republican no,2,-10.87,3.21,*,-17.17,-4.58,-17.17,-4.58,FALSE
3,Table 3: Conditional average treatment effects at Wave 1 among Republicans,Joe Biden has never made more than $400k Panel 5 (Lucid) Republican yes,1,2.68,2.82,,8.22,-2.87,-2.87,8.22,TRUE
3,Table 3: Conditional average treatment effects at Wave 1 among Republicans,Joe Biden has never made more than $400k Panel 5 (Lucid) Republican yes,2,-10.06,2.92,*,-15.8,-4.33,-15.8,-4.33,FALSE
3,Table 3: Conditional average treatment effects at Wave 1 among Republicans,Kamala Harris imprisoned prolife activists Panel 5 (Lucid) Republican no,1,12.27,2.75,*,17.66,6.87,6.87,17.66,TRUE
3,Table 3: Conditional average treatment effects at Wave 1 among Republicans,Kamala Harris imprisoned prolife activists Panel 5 (Lucid) Republican no,2,-10.73,2.87,*,-16.36,-5.1,-16.36,-5.1,FALSE
3,Table 3: Conditional average treatment effects at Wave 1 among Republicans,Kamala Harris imprisoned prolife activists Panel 5 (Lucid) Republican yes,1,12.45,2.7,*,17.75,7.14,7.14,17.75,TRUE
3,Table 3: Conditional average treatment effects at Wave 1 among Republicans,Kamala Harris imprisoned prolife activists Panel 5 (Lucid) Republican yes,2,-10.94,2.82,*,-16.49,-5.4,-16.49,-5.4,FALSE
3,Table 3: Conditional average treatment effects at Wave 1 among Republicans,Hunter Biden’s laptop had photos torturing children Panel 4 (MTurk) Republican no,1,3.63,3.1,,9.71,-2.45,-2.45,9.71,TRUE
3,Table 3: Conditional average treatment effects at Wave 1 among Republicans,Hunter Biden’s laptop had photos torturing children Panel 4 (MTurk) Republican no,2,-6.88,3.06,*,-12.89,-0.87,-12.89,-0.87,FALSE
3,Table 3: Conditional average treatment effects at Wave 1 among Republicans,Hunter Biden’s laptop had photos torturing children Panel 4 (MTurk) Republican yes,1,3.68,2.55,,8.67,-1.32,-1.32,8.67,TRUE
3,Table 3: Conditional average treatment effects at Wave 1 among Republicans,Hunter Biden’s laptop had photos torturing children Panel 4 (MTurk) Republican yes,2,-4.53,2.48,,-9.39,0.33,-9.39,0.33,FALSE
3,Table 3: Conditional average treatment effects at Wave 1 among Republicans,Trump chose Judge Barrett on basis of looks Panel 4 (MTurk) Republican no,1,9.32,3.13,*,15.46,3.19,3.19,15.46,TRUE
3,Table 3: Conditional average treatment effects at Wave 1 among Republicans,Trump chose Judge Barrett on basis of looks Panel 4 (MTurk) Republican no,2,-17.12,3.04,*,-23.08,-11.15,-23.08,-11.15,FALSE
3,Table 3: Conditional average treatment effects at Wave 1 among Republicans,Trump chose Judge Barrett on basis of looks Panel 4 (MTurk) Republican yes,1,8.41,2.58,*,13.48,3.34,3.34,13.48,TRUE
3,Table 3: Conditional average treatment effects at Wave 1 among Republicans,Trump chose Judge Barrett on basis of looks Panel 4 (MTurk) Republican yes,2,-16.11,2.61,*,-21.24,-10.99,-21.24,-10.99,FALSE
3,Table 3: Conditional average treatment effects at Wave 1 among Republicans,WHO: children to be vaccinated without parents’ consent Panel 4 (MTurk) Republican no,1,-1.19,2.92,,4.54,-6.92,-6.92,4.54,TRUE
3,Table 3: Conditional average treatment effects at Wave 1 among Republicans,WHO: children to be vaccinated without parents’ consent Panel 4 (MTurk) Republican no,2,-6.56,3.22,*,-12.89,-0.24,-12.89,-0.24,FALSE
3,Table 3: Conditional average treatment effects at Wave 1 among Republicans,WHO: children to be vaccinated without parents’ consent Panel 4 (MTurk) Republican yes,1,-0.79,2.53,,4.18,-5.77,-5.77,4.18,TRUE
3,Table 3: Conditional average treatment effects at Wave 1 among Republicans,WHO: children to be vaccinated without parents’ consent Panel 4 (MTurk) Republican yes,2,-7.47,2.65,*,-12.67,-2.26,-12.67,-2.26,FALSE
3,Table 3: Conditional average treatment effects at Wave 1 among Republicans,Donald Trump claimed his DNA was USA Panel 3 (Lucid) Republican no,1,-4.02,3.14,,2.15,-10.19,-10.19,2.15,TRUE
3,Table 3: Conditional average treatment effects at Wave 1 among Republicans,Donald Trump claimed his DNA was USA Panel 3 (Lucid) Republican no,2,-10.62,3.08,*,-16.67,-4.57,-16.67,-4.57,FALSE
3,Table 3: Conditional average treatment effects at Wave 1 among Republicans,Donald Trump claimed his DNA was USA Panel 3 (Lucid) Republican yes,1,-3.73,3.02,,2.2,-9.65,-9.65,2.2,TRUE
3,Table 3: Conditional average treatment effects at Wave 1 among Republicans,Donald Trump claimed his DNA was USA Panel 3 (Lucid) Republican yes,2,-10.91,2.76,*,-16.33,-5.5,-16.33,-5.5,FALSE
3,Table 3: Conditional average treatment effects at Wave 1 among Republicans,Judge Barrett made homophobic and racist statements Panel 3 (Lucid) Republican no,1,-4.32,2.98,,1.52,-10.17,-10.17,1.52,TRUE
3,Table 3: Conditional average treatment effects at Wave 1 among Republicans,Judge Barrett made homophobic and racist statements Panel 3 (Lucid) Republican no,2,-8.51,2.86,*,-14.13,-2.9,-14.13,-2.9,FALSE
3,Table 3: Conditional average treatment effects at Wave 1 among Republicans,Judge Barrett made homophobic and racist statements Panel 3 (Lucid) Republican yes,1,-0.95,2.57,,4.11,-6,-6,4.11,TRUE
3,Table 3: Conditional average treatment effects at Wave 1 among Republicans,Judge Barrett made homophobic and racist statements Panel 3 (Lucid) Republican yes,2,-9.12,2.45,*,-13.94,-4.3,-13.94,-4.3,FALSE
3,Table 3: Conditional average treatment effects at Wave 1 among Republicans,Obama failed to nominate US judges Panel 3 (Lucid) Republican no,1,11.51,2.79,*,16.98,6.04,6.04,16.98,TRUE
3,Table 3: Conditional average treatment effects at Wave 1 among Republicans,Obama failed to nominate US judges Panel 3 (Lucid) Republican no,2,-18,2.97,*,-23.83,-12.18,-23.83,-12.18,FALSE
3,Table 3: Conditional average treatment effects at Wave 1 among Republicans,Obama failed to nominate US judges Panel 3 (Lucid) Republican yes,1,11.36,2.66,*,16.58,6.15,6.15,16.58,TRUE
3,Table 3: Conditional average treatment effects at Wave 1 among Republicans,Obama failed to nominate US judges Panel 3 (Lucid) Republican yes,2,-17.35,2.91,*,-23.07,-11.63,-23.07,-11.63,FALSE
3,Table 3: Conditional average treatment effects at Wave 1 among Republicans,Biden wears wire at debate Panel 2 (MTurk) Republican no,1,-1.72,2.91,,3.99,-7.44,-7.44,3.99,TRUE
3,Table 3: Conditional average treatment effects at Wave 1 among Republicans,Biden wears wire at debate Panel 2 (MTurk) Republican no,2,-5.32,3.03,,-11.27,0.63,-11.27,0.63,FALSE
3,Table 3: Conditional average treatment effects at Wave 1 among Republicans,Biden wears wire at debate Panel 2 (MTurk) Republican yes,1,2.03,2.56,,7.05,-2.99,-2.99,7.05,TRUE
3,Table 3: Conditional average treatment effects at Wave 1 among Republicans,Biden wears wire at debate Panel 2 (MTurk) Republican yes,2,-5.35,2.41,*,-10.08,-0.62,-10.08,-0.62,FALSE
3,Table 3: Conditional average treatment effects at Wave 1 among Republicans,Trump holds Bible upside down Panel 2 (MTurk) Republican no,1,1.78,2.74,,7.15,-3.6,-3.6,7.15,TRUE
3,Table 3: Conditional average treatment effects at Wave 1 among Republicans,Trump holds Bible upside down Panel 2 (MTurk) Republican no,2,-11.73,3.06,*,-17.74,-5.72,-17.74,-5.72,FALSE
3,Table 3: Conditional average treatment effects at Wave 1 among Republicans,Trump holds Bible upside down Panel 2 (MTurk) Republican yes,1,1.87,2.37,,6.53,-2.78,-2.78,6.53,TRUE
3,Table 3: Conditional average treatment effects at Wave 1 among Republicans,Trump holds Bible upside down Panel 2 (MTurk) Republican yes,2,-11.84,2.59,*,-16.93,-6.75,-16.93,-6.75,FALSE
3,Table 3: Conditional average treatment effects at Wave 1 among Republicans,Trump responsible for all Covid deaths Panel 2 (MTurk) Republican no,1,-0.76,3.47,,6.05,-7.56,-7.56,6.05,TRUE
3,Table 3: Conditional average treatment effects at Wave 1 among Republicans,Trump responsible for all Covid deaths Panel 2 (MTurk) Republican no,2,1.39,3.46,,-5.4,8.18,-5.4,8.18,FALSE
3,Table 3: Conditional average treatment effects at Wave 1 among Republicans,Trump responsible for all Covid deaths Panel 2 (MTurk) Republican yes,1,-2.15,2.64,,3.04,-7.34,-7.34,3.04,TRUE
3,Table 3: Conditional average treatment effects at Wave 1 among Republicans,Trump responsible for all Covid deaths Panel 2 (MTurk) Republican yes,2,-0.78,2.52,,-5.72,4.16,-5.72,4.16,FALSE
3,Table 3: Conditional average treatment effects at Wave 1 among Republicans,A black man invented the light bulb Panel 1 (MTurk) Republican no,1,4.52,2.86,,10.12,-1.09,-1.09,10.12,TRUE
3,Table 3: Conditional average treatment effects at Wave 1 among Republicans,A black man invented the light bulb Panel 1 (MTurk) Republican no,2,-1.36,2.81,,-6.87,4.15,-6.87,4.15,FALSE
3,Table 3: Conditional average treatment effects at Wave 1 among Republicans,A black man invented the light bulb Panel 1 (MTurk) Republican yes,1,2.85,2,,6.77,-1.08,-1.08,6.77,TRUE
3,Table 3: Conditional average treatment effects at Wave 1 among Republicans,A black man invented the light bulb Panel 1 (MTurk) Republican yes,2,-0.98,1.94,,-4.8,2.83,-4.8,2.83,FALSE
3,Table 3: Conditional average treatment effects at Wave 1 among Republicans,Antifa start West Coast wildfires Panel 1 (MTurk) Republican no,1,6.24,2.6,*,11.34,1.13,1.13,11.34,TRUE
3,Table 3: Conditional average treatment effects at Wave 1 among Republicans,Antifa start West Coast wildfires Panel 1 (MTurk) Republican no,2,-4.58,2.56,,-9.6,0.44,-9.6,0.44,FALSE
3,Table 3: Conditional average treatment effects at Wave 1 among Republicans,Antifa start West Coast wildfires Panel 1 (MTurk) Republican yes,1,5.39,2.01,*,9.33,1.45,1.45,9.33,TRUE
3,Table 3: Conditional average treatment effects at Wave 1 among Republicans,Antifa start West Coast wildfires Panel 1 (MTurk) Republican yes,2,-5.59,1.96,*,-9.44,-1.73,-9.44,-1.73,FALSE
3,Table 3: Conditional average treatment effects at Wave 1 among Republicans,SARS-CoV-2 man made virus created in the lab Panel 1 (MTurk) Republican no,1,0.31,2.21,,4.64,-4.02,-4.02,4.64,TRUE
3,Table 3: Conditional average treatment effects at Wave 1 among Republicans,SARS-CoV-2 man made virus created in the lab Panel 1 (MTurk) Republican no,2,0.19,2.22,,-4.16,4.54,-4.16,4.54,FALSE
3,Table 3: Conditional average treatment effects at Wave 1 among Republicans,SARS-CoV-2 man made virus created in the lab Panel 1 (MTurk) Republican yes,1,0.64,2.01,,4.57,-3.3,-3.3,4.57,TRUE
3,Table 3: Conditional average treatment effects at Wave 1 among Republicans,SARS-CoV-2 man made virus created in the lab Panel 1 (MTurk) Republican yes,2,-0.13,1.94,,-3.94,3.69,-3.94,3.69,FALSE
3,Table 3: Conditional average treatment effects at Wave 1 among Republicans,A black man invented the light bulb Panel 1 (Lucid) Republican no,1,4.24,3.1,,10.32,-1.83,-1.83,10.32,TRUE
3,Table 3: Conditional average treatment effects at Wave 1 among Republicans,A black man invented the light bulb Panel 1 (Lucid) Republican no,2,2.55,3.19,,-3.71,8.81,-3.71,8.81,FALSE
3,Table 3: Conditional average treatment effects at Wave 1 among Republicans,A black man invented the light bulb Panel 1 (Lucid) Republican yes,1,4.56,2.71,,9.87,-0.76,-0.76,9.87,TRUE
3,Table 3: Conditional average treatment effects at Wave 1 among Republicans,A black man invented the light bulb Panel 1 (Lucid) Republican yes,2,-1.63,2.65,,-6.84,3.58,-6.84,3.58,FALSE
3,Table 3: Conditional average treatment effects at Wave 1 among Republicans,Antifa start West Coast wildfires Panel 1 (Lucid) Republican no,1,8.1,3.26,*,14.49,1.71,1.71,14.49,TRUE
3,Table 3: Conditional average treatment effects at Wave 1 among Republicans,Antifa start West Coast wildfires Panel 1 (Lucid) Republican no,2,-13.43,3.14,*,-19.6,-7.26,-19.6,-7.26,FALSE
3,Table 3: Conditional average treatment effects at Wave 1 among Republicans,Antifa start West Coast wildfires Panel 1 (Lucid) Republican yes,1,9.8,2.9,*,15.49,4.12,4.12,15.49,TRUE
3,Table 3: Conditional average treatment effects at Wave 1 among Republicans,Antifa start West Coast wildfires Panel 1 (Lucid) Republican yes,2,-15.27,2.75,*,-20.67,-9.87,-20.67,-9.87,FALSE
3,Table 3: Conditional average treatment effects at Wave 1 among Republicans,SARS-CoV-2 man made virus created in the lab Panel 1 (Lucid) Republican no,1,5.56,3.05,,11.54,-0.43,-0.43,11.54,TRUE
3,Table 3: Conditional average treatment effects at Wave 1 among Republicans,SARS-CoV-2 man made virus created in the lab Panel 1 (Lucid) Republican no,2,-10.21,3.01,*,-16.12,-4.31,-16.12,-4.31,FALSE
3,Table 3: Conditional average treatment effects at Wave 1 among Republicans,SARS-CoV-2 man made virus created in the lab Panel 1 (Lucid) Republican yes,1,5.72,2.99,,11.58,-0.14,-0.14,11.58,TRUE
3,Table 3: Conditional average treatment effects at Wave 1 among Republicans,SARS-CoV-2 man made virus created in the lab Panel 1 (Lucid) Republican yes,2,-9.05,2.88,*,-14.71,-3.39,-14.71,-3.39,FALSE
3,Table 3: Conditional average treatment effects at Wave 1 among Republicans,Meta-analysis Meta-analysis Republican no,1,3.39,1.35,*,0.75,6.03,0.75,6.03,FALSE
3,Table 3: Conditional average treatment effects at Wave 1 among Republicans,Meta-analysis Meta-analysis Republican no,2,-8.76,1.29,*,-11.29,-6.23,-11.29,-6.23,FALSE
3,Table 3: Conditional average treatment effects at Wave 1 among Republicans,Meta-analysis Meta-analysis Republican yes,1,3.79,1.26,*,1.32,6.26,1.32,6.26,FALSE
3,Table 3: Conditional average treatment effects at Wave 1 among Republicans,Meta-analysis Meta-analysis Republican yes,2,-8.64,1.18,*,-10.95,-6.33,-10.95,-6.33,FALSE
4,Table 4: Persistence to Time 2: Unadjusted Estimates,GOP voters’ pens invisible to voting machines Panel 7 (Lucid) w1 no,1,-4,4.07,,-12.01,4,-12.01,4,FALSE
4,Table 4: Persistence to Time 2: Unadjusted Estimates,GOP voters’ pens invisible to voting machines Panel 7 (Lucid) w2 no,1,-3.55,4.25,,-11.91,4.81,-11.91,4.81,FALSE
4,Table 4: Persistence to Time 2: Unadjusted Estimates,GOP voters’ pens invisible to voting machines Panel 7 (Lucid) ratio no,1,0.89,0.87,,-0.83,2.6,-0.83,2.6,FALSE
4,Table 4: Persistence to Time 2: Unadjusted Estimates,USPS fails to deliver 27% of mail ballots in South FL Panel 7 (Lucid) w1 no,1,-11.58,3.92,*,-19.28,-3.88,-19.28,-3.88,FALSE
4,Table 4: Persistence to Time 2: Unadjusted Estimates,USPS fails to deliver 27% of mail ballots in South FL Panel 7 (Lucid) w2 no,1,-3.41,4.02,,-11.31,4.49,-11.31,4.49,FALSE
4,Table 4: Persistence to Time 2: Unadjusted Estimates,USPS fails to deliver 27% of mail ballots in South FL Panel 7 (Lucid) ratio no,1,0.29,0.31,,-0.31,0.9,-0.31,0.9,FALSE
4,Table 4: Persistence to Time 2: Unadjusted Estimates,Wisconsin has more votes than registered voters Panel 7 (Lucid) w1 no,1,-4.32,4.08,,-12.34,3.7,-12.34,3.7,FALSE
4,Table 4: Persistence to Time 2: Unadjusted Estimates,Wisconsin has more votes than registered voters Panel 7 (Lucid) w2 no,1,-0.32,4.12,,-8.42,7.77,-8.42,7.77,FALSE
4,Table 4: Persistence to Time 2: Unadjusted Estimates,Wisconsin has more votes than registered voters Panel 7 (Lucid) ratio no,1,0.07,0.91,,-1.71,1.86,-1.71,1.86,FALSE
4,Table 4: Persistence to Time 2: Unadjusted Estimates,Presidential winner must be announced election night Panel 6 (MTurk) w1 no,1,-11.39,4.06,*,-19.37,-3.41,-19.37,-3.41,FALSE
4,Table 4: Persistence to Time 2: Unadjusted Estimates,Presidential winner must be announced election night Panel 6 (MTurk) w2 no,1,-5.71,4.06,,-13.7,2.28,-13.7,2.28,FALSE
4,Table 4: Persistence to Time 2: Unadjusted Estimates,Presidential winner must be announced election night Panel 6 (MTurk) ratio no,1,0.5,0.27,,-0.03,1.04,-0.03,1.04,FALSE
4,Table 4: Persistence to Time 2: Unadjusted Estimates,Sen Coon’s daughter’s photo on Hunter Biden’s laptop Panel 6 (MTurk) w1 no,1,-9.62,3.78,*,-17.06,-2.19,-17.06,-2.19,FALSE
4,Table 4: Persistence to Time 2: Unadjusted Estimates,Sen Coon’s daughter’s photo on Hunter Biden’s laptop Panel 6 (MTurk) w2 no,1,-2.87,3.85,,-10.44,4.71,-10.44,4.71,FALSE
4,Table 4: Persistence to Time 2: Unadjusted Estimates,Sen Coon’s daughter’s photo on Hunter Biden’s laptop Panel 6 (MTurk) ratio no,1,0.3,0.32,,-0.34,0.93,-0.34,0.93,FALSE
4,Table 4: Persistence to Time 2: Unadjusted Estimates,Trump said ’Good’ to children’s separation Panel 6 (MTurk) w1 no,1,-26.81,3.59,*,-33.87,-19.75,-33.87,-19.75,FALSE
4,Table 4: Persistence to Time 2: Unadjusted Estimates,Trump said ’Good’ to children’s separation Panel 6 (MTurk) w2 no,1,-26.41,3.78,*,-33.83,-18.98,-33.83,-18.98,FALSE
4,Table 4: Persistence to Time 2: Unadjusted Estimates,Trump said ’Good’ to children’s separation Panel 6 (MTurk) ratio no,1,0.98,0.1,*,0.79,1.18,0.79,1.18,FALSE
4,Table 4: Persistence to Time 2: Unadjusted Estimates,Biden and Obama plotted to have Seal Team 6 murdered Panel 5 (Lucid) w1 no,1,-7.33,3.97,,-15.15,0.48,-15.15,0.48,FALSE
4,Table 4: Persistence to Time 2: Unadjusted Estimates,Biden and Obama plotted to have Seal Team 6 murdered Panel 5 (Lucid) w2 no,1,0.42,4.22,,-7.9,8.73,-7.9,8.73,FALSE
4,Table 4: Persistence to Time 2: Unadjusted Estimates,Biden and Obama plotted to have Seal Team 6 murdered Panel 5 (Lucid) ratio no,1,-0.06,0.59,,-1.23,1.11,-1.23,1.11,FALSE
4,Table 4: Persistence to Time 2: Unadjusted Estimates,Joe Biden has never made more than $400k Panel 5 (Lucid) w1 no,1,-2.43,3.76,,-9.82,4.97,-9.82,4.97,FALSE
4,Table 4: Persistence to Time 2: Unadjusted Estimates,Joe Biden has never made more than $400k Panel 5 (Lucid) w2 no,1,-2.39,3.91,,-10.08,5.31,-10.08,5.31,FALSE
4,Table 4: Persistence to Time 2: Unadjusted Estimates,Joe Biden has never made more than $400k Panel 5 (Lucid) ratio no,1,0.98,1.7,,-2.36,4.32,-2.36,4.32,FALSE
4,Table 4: Persistence to Time 2: Unadjusted Estimates,Kamala Harris imprisoned prolife activists Panel 5 (Lucid) w1 no,1,2.28,3.77,,-5.13,9.7,-5.13,9.7,FALSE
4,Table 4: Persistence to Time 2: Unadjusted Estimates,Kamala Harris imprisoned prolife activists Panel 5 (Lucid) w2 no,1,0.72,4.02,,-7.18,8.62,-7.18,8.62,FALSE
4,Table 4: Persistence to Time 2: Unadjusted Estimates,Kamala Harris imprisoned prolife activists Panel 5 (Lucid) ratio no,1,0.31,1.59,,-2.82,3.44,-2.82,3.44,FALSE
4,Table 4: Persistence to Time 2: Unadjusted Estimates,Hunter Biden’s laptop had photos torturing children Panel 4 (MTurk) w1 no,1,-0.97,1.98,,-4.85,2.91,-4.85,2.91,FALSE
4,Table 4: Persistence to Time 2: Unadjusted Estimates,Hunter Biden’s laptop had photos torturing children Panel 4 (MTurk) w2 no,1,0.66,2.07,,-3.4,4.72,-3.4,4.72,FALSE
4,Table 4: Persistence to Time 2: Unadjusted Estimates,Hunter Biden’s laptop had photos torturing children Panel 4 (MTurk) ratio no,1,-0.68,3.3,,-7.15,5.8,-7.15,5.8,FALSE
4,Table 4: Persistence to Time 2: Unadjusted Estimates,Trump chose Judge Barrett on basis of looks Panel 4 (MTurk) w1 no,1,-7.99,2.13,*,-12.18,-3.8,-12.18,-3.8,FALSE
4,Table 4: Persistence to Time 2: Unadjusted Estimates,Trump chose Judge Barrett on basis of looks Panel 4 (MTurk) w2 no,1,-2,2.27,,-6.44,2.45,-6.44,2.45,FALSE
4,Table 4: Persistence to Time 2: Unadjusted Estimates,Trump chose Judge Barrett on basis of looks Panel 4 (MTurk) ratio no,1,0.25,0.24,,-0.23,0.73,-0.23,0.73,FALSE
4,Table 4: Persistence to Time 2: Unadjusted Estimates,WHO: children to be vaccinated without parents’ consent Panel 4 (MTurk) w1 no,1,-14.54,2.14,*,-18.75,-10.33,-18.75,-10.33,FALSE
4,Table 4: Persistence to Time 2: Unadjusted Estimates,WHO: children to be vaccinated without parents’ consent Panel 4 (MTurk) w2 no,1,-6.34,2.24,*,-10.74,-1.94,-10.74,-1.94,FALSE
4,Table 4: Persistence to Time 2: Unadjusted Estimates,WHO: children to be vaccinated without parents’ consent Panel 4 (MTurk) ratio no,1,0.44,0.13,*,0.19,0.68,0.19,0.68,FALSE
4,Table 4: Persistence to Time 2: Unadjusted Estimates,Donald Trump claimed his DNA was USA Panel 3 (Lucid) w1 no,1,-6.12,3.18,,-12.36,0.13,-12.36,0.13,FALSE
4,Table 4: Persistence to Time 2: Unadjusted Estimates,Donald Trump claimed his DNA was USA Panel 3 (Lucid) w2 no,1,-0.83,3.76,,-8.22,6.55,-8.22,6.55,FALSE
4,Table 4: Persistence to Time 2: Unadjusted Estimates,Donald Trump claimed his DNA was USA Panel 3 (Lucid) ratio no,1,0.14,0.59,,-1.03,1.3,-1.03,1.3,FALSE
4,Table 4: Persistence to Time 2: Unadjusted Estimates,Judge Barrett made homophobic and racist statements Panel 3 (Lucid) w1 no,1,-16.32,3.14,*,-22.5,-10.15,-22.5,-10.15,FALSE
4,Table 4: Persistence to Time 2: Unadjusted Estimates,Judge Barrett made homophobic and racist statements Panel 3 (Lucid) w2 no,1,-3.58,3.52,,-10.5,3.34,-10.5,3.34,FALSE
4,Table 4: Persistence to Time 2: Unadjusted Estimates,Judge Barrett made homophobic and racist statements Panel 3 (Lucid) ratio no,1,0.22,0.2,,-0.17,0.61,-0.17,0.61,FALSE
4,Table 4: Persistence to Time 2: Unadjusted Estimates,Obama failed to nominate US judges Panel 3 (Lucid) w1 no,1,-7.35,3.44,*,-14.11,-0.58,-14.11,-0.58,FALSE
4,Table 4: Persistence to Time 2: Unadjusted Estimates,Obama failed to nominate US judges Panel 3 (Lucid) w2 no,1,2.3,3.6,,-4.78,9.38,-4.78,9.38,FALSE
4,Table 4: Persistence to Time 2: Unadjusted Estimates,Obama failed to nominate US judges Panel 3 (Lucid) ratio no,1,-0.31,0.57,,-1.43,0.8,-1.43,0.8,FALSE
4,Table 4: Persistence to Time 2: Unadjusted Estimates,Biden wears wire at debate Panel 2 (MTurk) w1 no,1,-3.51,2.85,,-9.1,2.08,-9.1,2.08,FALSE
4,Table 4: Persistence to Time 2: Unadjusted Estimates,Biden wears wire at debate Panel 2 (MTurk) w2 no,1,-1.91,2.86,,-7.51,3.7,-7.51,3.7,FALSE
4,Table 4: Persistence to Time 2: Unadjusted Estimates,Biden wears wire at debate Panel 2 (MTurk) ratio no,1,0.54,0.56,,-0.56,1.65,-0.56,1.65,FALSE
4,Table 4: Persistence to Time 2: Unadjusted Estimates,Trump holds Bible upside down Panel 2 (MTurk) w1 no,1,-19,2.72,*,-24.35,-13.65,-24.35,-13.65,FALSE
4,Table 4: Persistence to Time 2: Unadjusted Estimates,Trump holds Bible upside down Panel 2 (MTurk) w2 no,1,-21.04,2.74,*,-26.43,-15.65,-26.43,-15.65,FALSE
4,Table 4: Persistence to Time 2: Unadjusted Estimates,Trump holds Bible upside down Panel 2 (MTurk) ratio no,1,1.11,0.12,*,0.86,1.35,0.86,1.35,FALSE
4,Table 4: Persistence to Time 2: Unadjusted Estimates,Trump responsible for all Covid deaths Panel 2 (MTurk) w1 no,1,-6.89,3.08,*,-12.93,-0.84,-12.93,-0.84,FALSE
4,Table 4: Persistence to Time 2: Unadjusted Estimates,Trump responsible for all Covid deaths Panel 2 (MTurk) w2 no,1,-2.93,3.12,,-9.04,3.19,-9.04,3.19,FALSE
4,Table 4: Persistence to Time 2: Unadjusted Estimates,Trump responsible for all Covid deaths Panel 2 (MTurk) ratio no,1,0.42,0.35,,-0.26,1.11,-0.26,1.11,FALSE
4,Table 4: Persistence to Time 2: Unadjusted Estimates,A black man invented the light bulb Panel 1 (MTurk) w1 no,1,3.08,3.07,,-2.94,9.1,-2.94,9.1,FALSE
4,Table 4: Persistence to Time 2: Unadjusted Estimates,A black man invented the light bulb Panel 1 (MTurk) w2 no,1,6.6,3.05,*,0.61,12.6,0.61,12.6,FALSE
4,Table 4: Persistence to Time 2: Unadjusted Estimates,A black man invented the light bulb Panel 1 (MTurk) ratio no,1,2.14,1.52,,-0.85,5.13,-0.85,5.13,FALSE
4,Table 4: Persistence to Time 2: Unadjusted Estimates,Antifa start West Coast wildfires Panel 1 (MTurk) w1 no,1,5.36,3.21,,-0.95,11.66,-0.95,11.66,FALSE
4,Table 4: Persistence to Time 2: Unadjusted Estimates,Antifa start West Coast wildfires Panel 1 (MTurk) w2 no,1,6.2,3.21,,-0.11,12.51,-0.11,12.51,FALSE
4,Table 4: Persistence to Time 2: Unadjusted Estimates,Antifa start West Coast wildfires Panel 1 (MTurk) ratio no,1,1.16,0.35,*,0.47,1.84,0.47,1.84,FALSE
4,Table 4: Persistence to Time 2: Unadjusted Estimates,SARS-CoV-2 man made virus created in the lab Panel 1 (MTurk) w1 no,1,-2.74,3.13,,-8.89,3.42,-8.89,3.42,FALSE
4,Table 4: Persistence to Time 2: Unadjusted Estimates,SARS-CoV-2 man made virus created in the lab Panel 1 (MTurk) w2 no,1,-2.89,3.14,,-9.07,3.28,-9.07,3.28,FALSE
4,Table 4: Persistence to Time 2: Unadjusted Estimates,SARS-CoV-2 man made virus created in the lab Panel 1 (MTurk) ratio no,1,1.06,0.77,,-0.45,2.56,-0.45,2.56,FALSE
4,Table 4: Persistence to Time 2: Unadjusted Estimates,A black man invented the light bulb Panel 1 (Lucid) w1 no,1,4.08,4.4,,-4.58,12.75,-4.58,12.75,FALSE
4,Table 4: Persistence to Time 2: Unadjusted Estimates,A black man invented the light bulb Panel 1 (Lucid) w2 no,1,0.42,4.59,,-8.62,9.46,-8.62,9.46,FALSE
4,Table 4: Persistence to Time 2: Unadjusted Estimates,A black man invented the light bulb Panel 1 (Lucid) ratio no,1,0.1,1.07,,-2,2.2,-2,2.2,FALSE
4,Table 4: Persistence to Time 2: Unadjusted Estimates,Antifa start West Coast wildfires Panel 1 (Lucid) w1 no,1,-1.1,4.08,,-9.13,6.94,-9.13,6.94,FALSE
4,Table 4: Persistence to Time 2: Unadjusted Estimates,Antifa start West Coast wildfires Panel 1 (Lucid) w2 no,1,-0.57,4.02,,-8.48,7.34,-8.48,7.34,FALSE
4,Table 4: Persistence to Time 2: Unadjusted Estimates,Antifa start West Coast wildfires Panel 1 (Lucid) ratio no,1,0.52,3.08,,-5.54,6.57,-5.54,6.57,FALSE
4,Table 4: Persistence to Time 2: Unadjusted Estimates,SARS-CoV-2 man made virus created in the lab Panel 1 (Lucid) w1 no,1,3.01,4.9,,-6.63,12.65,-6.63,12.65,FALSE
4,Table 4: Persistence to Time 2: Unadjusted Estimates,SARS-CoV-2 man made virus created in the lab Panel 1 (Lucid) w2 no,1,-1.02,4.93,,-10.72,8.69,-10.72,8.69,FALSE
4,Table 4: Persistence to Time 2: Unadjusted Estimates,SARS-CoV-2 man made virus created in the lab Panel 1 (Lucid) ratio no,1,-0.34,2.06,,-4.39,3.72,-4.39,3.72,FALSE
4,Table 4: Persistence to Time 2: Unadjusted Estimates,Meta-analysis Meta-analysis w1 no,1,-6.24,1.6,*,-9.38,-3.1,-9.38,-3.1,FALSE
4,Table 4: Persistence to Time 2: Unadjusted Estimates,Meta-analysis Meta-analysis w2 no,1,-2.99,1.5,*,-5.92,-0.06,-5.92,-0.06,FALSE
4,Table 4: Persistence to Time 2: Unadjusted Estimates,Meta-analysis Meta-analysis ratio no,1,0.54,0.11,*,0.33,0.76,0.33,0.76,FALSE
5,Table 5: Persistence to Time 2: Adjusted Estimates,GOP voters’ pens invisible to voting machines Panel 7 (Lucid) w1 yes,1,-3.91,3.75,,-11.29,3.46,-11.29,3.46,FALSE
5,Table 5: Persistence to Time 2: Adjusted Estimates,GOP voters’ pens invisible to voting machines Panel 7 (Lucid) w2 yes,1,-4.85,3.8,,-12.31,2.62,-12.31,2.62,FALSE
5,Table 5: Persistence to Time 2: Adjusted Estimates,GOP voters’ pens invisible to voting machines Panel 7 (Lucid) ratio yes,1,1.24,1.06,,-0.85,3.32,-0.85,3.32,FALSE
5,Table 5: Persistence to Time 2: Adjusted Estimates,USPS fails to deliver 27% of mail ballots in South FL Panel 7 (Lucid) w1 yes,1,-8.92,3.88,*,-16.55,-1.28,-16.55,-1.28,FALSE
5,Table 5: Persistence to Time 2: Adjusted Estimates,USPS fails to deliver 27% of mail ballots in South FL Panel 7 (Lucid) w2 yes,1,0.71,3.82,,-6.79,8.22,-6.79,8.22,FALSE
5,Table 5: Persistence to Time 2: Adjusted Estimates,USPS fails to deliver 27% of mail ballots in South FL Panel 7 (Lucid) ratio yes,1,-0.08,0.44,,-0.95,0.79,-0.95,0.79,FALSE
5,Table 5: Persistence to Time 2: Adjusted Estimates,Wisconsin has more votes than registered voters Panel 7 (Lucid) w1 yes,1,-3.49,3.82,,-10.99,4.02,-10.99,4.02,FALSE
5,Table 5: Persistence to Time 2: Adjusted Estimates,Wisconsin has more votes than registered voters Panel 7 (Lucid) w2 yes,1,1.3,3.7,,-5.97,8.58,-5.97,8.58,FALSE
5,Table 5: Persistence to Time 2: Adjusted Estimates,Wisconsin has more votes than registered voters Panel 7 (Lucid) ratio yes,1,-0.37,1.34,,-3.01,2.26,-3.01,2.26,FALSE
5,Table 5: Persistence to Time 2: Adjusted Estimates,Presidential winner must be announced election night Panel 6 (MTurk) w1 yes,1,-8.5,3.46,*,-15.31,-1.7,-15.31,-1.7,FALSE
5,Table 5: Persistence to Time 2: Adjusted Estimates,Presidential winner must be announced election night Panel 6 (MTurk) w2 yes,1,-4.59,3.23,,-10.95,1.77,-10.95,1.77,FALSE
5,Table 5: Persistence to Time 2: Adjusted Estimates,Presidential winner must be announced election night Panel 6 (MTurk) ratio yes,1,0.54,0.33,,-0.12,1.2,-0.12,1.2,FALSE
5,Table 5: Persistence to Time 2: Adjusted Estimates,Sen Coon’s daughter’s photo on Hunter Biden’s laptop Panel 6 (MTurk) w1 yes,1,-9.11,3.06,*,-15.13,-3.09,-15.13,-3.09,FALSE
5,Table 5: Persistence to Time 2: Adjusted Estimates,Sen Coon’s daughter’s photo on Hunter Biden’s laptop Panel 6 (MTurk) w2 yes,1,-1.68,2.95,,-7.49,4.13,-7.49,4.13,FALSE
5,Table 5: Persistence to Time 2: Adjusted Estimates,Sen Coon’s daughter’s photo on Hunter Biden’s laptop Panel 6 (MTurk) ratio yes,1,0.18,0.29,,-0.39,0.76,-0.39,0.76,FALSE
5,Table 5: Persistence to Time 2: Adjusted Estimates,Trump said ’Good’ to children’s separation Panel 6 (MTurk) w1 yes,1,-23.53,3.27,*,-29.96,-17.1,-29.96,-17.1,FALSE
5,Table 5: Persistence to Time 2: Adjusted Estimates,Trump said ’Good’ to children’s separation Panel 6 (MTurk) w2 yes,1,-22.79,3.42,*,-29.53,-16.06,-29.53,-16.06,FALSE
5,Table 5: Persistence to Time 2: Adjusted Estimates,Trump said ’Good’ to children’s separation Panel 6 (MTurk) ratio yes,1,0.97,0.11,*,0.75,1.19,0.75,1.19,FALSE
5,Table 5: Persistence to Time 2: Adjusted Estimates,Biden and Obama plotted to have Seal Team 6 murdered Panel 5 (Lucid) w1 yes,1,-7.18,3.69,,-14.43,0.08,-14.43,0.08,FALSE
5,Table 5: Persistence to Time 2: Adjusted Estimates,Biden and Obama plotted to have Seal Team 6 murdered Panel 5 (Lucid) w2 yes,1,-1.68,3.95,,-9.45,6.09,-9.45,6.09,FALSE
5,Table 5: Persistence to Time 2: Adjusted Estimates,Biden and Obama plotted to have Seal Team 6 murdered Panel 5 (Lucid) ratio yes,1,0.23,0.5,,-0.76,1.22,-0.76,1.22,FALSE
5,Table 5: Persistence to Time 2: Adjusted Estimates,Joe Biden has never made more than $400k Panel 5 (Lucid) w1 yes,1,-2.62,3.62,,-9.74,4.51,-9.74,4.51,FALSE
5,Table 5: Persistence to Time 2: Adjusted Estimates,Joe Biden has never made more than $400k Panel 5 (Lucid) w2 yes,1,-2.33,3.8,,-9.81,5.14,-9.81,5.14,FALSE
5,Table 5: Persistence to Time 2: Adjusted Estimates,Joe Biden has never made more than $400k Panel 5 (Lucid) ratio yes,1,0.89,1.57,,-2.19,3.97,-2.19,3.97,FALSE
5,Table 5: Persistence to Time 2: Adjusted Estimates,Kamala Harris imprisoned prolife activists Panel 5 (Lucid) w1 yes,1,3.9,3.55,,-3.08,10.87,-3.08,10.87,FALSE
5,Table 5: Persistence to Time 2: Adjusted Estimates,Kamala Harris imprisoned prolife activists Panel 5 (Lucid) w2 yes,1,1.11,3.66,,-6.08,8.3,-6.08,8.3,FALSE
5,Table 5: Persistence to Time 2: Adjusted Estimates,Kamala Harris imprisoned prolife activists Panel 5 (Lucid) ratio yes,1,0.28,0.88,,-1.44,2.01,-1.44,2.01,FALSE
5,Table 5: Persistence to Time 2: Adjusted Estimates,Hunter Biden’s laptop had photos torturing children Panel 4 (MTurk) w1 yes,1,-0.61,1.63,,-3.81,2.59,-3.81,2.59,FALSE
5,Table 5: Persistence to Time 2: Adjusted Estimates,Hunter Biden’s laptop had photos torturing children Panel 4 (MTurk) w2 yes,1,0.91,1.68,,-2.39,4.21,-2.39,4.21,FALSE
5,Table 5: Persistence to Time 2: Adjusted Estimates,Hunter Biden’s laptop had photos torturing children Panel 4 (MTurk) ratio yes,1,-1.49,6.15,,-13.55,10.57,-13.55,10.57,FALSE
5,Table 5: Persistence to Time 2: Adjusted Estimates,Trump chose Judge Barrett on basis of looks Panel 4 (MTurk) w1 yes,1,-8.96,1.86,*,-12.62,-5.3,-12.62,-5.3,FALSE
5,Table 5: Persistence to Time 2: Adjusted Estimates,Trump chose Judge Barrett on basis of looks Panel 4 (MTurk) w2 yes,1,-2.86,2.07,,-6.93,1.2,-6.93,1.2,FALSE
5,Table 5: Persistence to Time 2: Adjusted Estimates,Trump chose Judge Barrett on basis of looks Panel 4 (MTurk) ratio yes,1,0.32,0.2,,-0.07,0.71,-0.07,0.71,FALSE
5,Table 5: Persistence to Time 2: Adjusted Estimates,WHO: children to be vaccinated without parents’ consent Panel 4 (MTurk) w1 yes,1,-14.26,1.85,*,-17.88,-10.63,-17.88,-10.63,FALSE
5,Table 5: Persistence to Time 2: Adjusted Estimates,WHO: children to be vaccinated without parents’ consent Panel 4 (MTurk) w2 yes,1,-5.57,2.04,*,-9.58,-1.57,-9.58,-1.57,FALSE
5,Table 5: Persistence to Time 2: Adjusted Estimates,WHO: children to be vaccinated without parents’ consent Panel 4 (MTurk) ratio yes,1,0.39,0.13,*,0.14,0.64,0.14,0.64,FALSE
5,Table 5: Persistence to Time 2: Adjusted Estimates,Donald Trump claimed his DNA was USA Panel 3 (Lucid) w1 yes,1,-8.16,2.98,*,-14.01,-2.31,-14.01,-2.31,FALSE
5,Table 5: Persistence to Time 2: Adjusted Estimates,Donald Trump claimed his DNA was USA Panel 3 (Lucid) w2 yes,1,-1.99,3.65,,-9.17,5.19,-9.17,5.19,FALSE
5,Table 5: Persistence to Time 2: Adjusted Estimates,Donald Trump claimed his DNA was USA Panel 3 (Lucid) ratio yes,1,0.24,0.43,,-0.59,1.08,-0.59,1.08,FALSE
5,Table 5: Persistence to Time 2: Adjusted Estimates,Judge Barrett made homophobic and racist statements Panel 3 (Lucid) w1 yes,1,-15.53,2.81,*,-21.06,-10,-21.06,-10,FALSE
5,Table 5: Persistence to Time 2: Adjusted Estimates,Judge Barrett made homophobic and racist statements Panel 3 (Lucid) w2 yes,1,-3.06,3.14,,-9.24,3.12,-9.24,3.12,FALSE
5,Table 5: Persistence to Time 2: Adjusted Estimates,Judge Barrett made homophobic and racist statements Panel 3 (Lucid) ratio yes,1,0.2,0.19,,-0.17,0.57,-0.17,0.57,FALSE
5,Table 5: Persistence to Time 2: Adjusted Estimates,Obama failed to nominate US judges Panel 3 (Lucid) w1 yes,1,-6.05,3.29,,-12.5,0.41,-12.5,0.41,FALSE
5,Table 5: Persistence to Time 2: Adjusted Estimates,Obama failed to nominate US judges Panel 3 (Lucid) w2 yes,1,4.34,3.43,,-2.41,11.09,-2.41,11.09,FALSE
5,Table 5: Persistence to Time 2: Adjusted Estimates,Obama failed to nominate US judges Panel 3 (Lucid) ratio yes,1,-0.72,0.79,,-2.28,0.84,-2.28,0.84,FALSE
5,Table 5: Persistence to Time 2: Adjusted Estimates,Biden wears wire at debate Panel 2 (MTurk) w1 yes,1,-6.35,2.3,*,-10.86,-1.85,-10.86,-1.85,FALSE
5,Table 5: Persistence to Time 2: Adjusted Estimates,Biden wears wire at debate Panel 2 (MTurk) w2 yes,1,-4.44,2.31,,-8.97,0.09,-8.97,0.09,FALSE
5,Table 5: Persistence to Time 2: Adjusted Estimates,Biden wears wire at debate Panel 2 (MTurk) ratio yes,1,0.7,0.29,*,0.13,1.27,0.13,1.27,FALSE
5,Table 5: Persistence to Time 2: Adjusted Estimates,Trump holds Bible upside down Panel 2 (MTurk) w1 yes,1,-19.46,2.5,*,-24.37,-14.56,-24.37,-14.56,FALSE
5,Table 5: Persistence to Time 2: Adjusted Estimates,Trump holds Bible upside down Panel 2 (MTurk) w2 yes,1,-21.1,2.55,*,-26.1,-16.09,-26.1,-16.09,FALSE
5,Table 5: Persistence to Time 2: Adjusted Estimates,Trump holds Bible upside down Panel 2 (MTurk) ratio yes,1,1.08,0.12,*,0.85,1.32,0.85,1.32,FALSE
5,Table 5: Persistence to Time 2: Adjusted Estimates,Trump responsible for all Covid deaths Panel 2 (MTurk) w1 yes,1,-7.85,2.59,*,-12.93,-2.77,-12.93,-2.77,FALSE
5,Table 5: Persistence to Time 2: Adjusted Estimates,Trump responsible for all Covid deaths Panel 2 (MTurk) w2 yes,1,-3.94,2.7,,-9.24,1.36,-9.24,1.36,FALSE
5,Table 5: Persistence to Time 2: Adjusted Estimates,Trump responsible for all Covid deaths Panel 2 (MTurk) ratio yes,1,0.5,0.29,,-0.06,1.06,-0.06,1.06,FALSE
5,Table 5: Persistence to Time 2: Adjusted Estimates,A black man invented the light bulb Panel 1 (MTurk) w1 yes,1,1.34,2.22,,-3.03,5.7,-3.03,5.7,FALSE
5,Table 5: Persistence to Time 2: Adjusted Estimates,A black man invented the light bulb Panel 1 (MTurk) w2 yes,1,4.98,2.41,*,0.25,9.71,0.25,9.71,FALSE
5,Table 5: Persistence to Time 2: Adjusted Estimates,A black man invented the light bulb Panel 1 (MTurk) ratio yes,1,3.73,5.37,,-6.81,14.26,-6.81,14.26,FALSE
5,Table 5: Persistence to Time 2: Adjusted Estimates,Antifa start West Coast wildfires Panel 1 (MTurk) w1 yes,1,-1.17,2.22,,-5.52,3.18,-5.52,3.18,FALSE
5,Table 5: Persistence to Time 2: Adjusted Estimates,Antifa start West Coast wildfires Panel 1 (MTurk) w2 yes,1,-0.17,2.34,,-4.77,4.42,-4.77,4.42,FALSE
5,Table 5: Persistence to Time 2: Adjusted Estimates,Antifa start West Coast wildfires Panel 1 (MTurk) ratio yes,1,0.15,1.82,,-3.42,3.72,-3.42,3.72,FALSE
5,Table 5: Persistence to Time 2: Adjusted Estimates,SARS-CoV-2 man made virus created in the lab Panel 1 (MTurk) w1 yes,1,-0.05,2.38,,-4.72,4.61,-4.72,4.61,FALSE
5,Table 5: Persistence to Time 2: Adjusted Estimates,SARS-CoV-2 man made virus created in the lab Panel 1 (MTurk) w2 yes,1,0.09,2.38,,-4.58,4.76,-4.58,4.76,FALSE
5,Table 5: Persistence to Time 2: Adjusted Estimates,SARS-CoV-2 man made virus created in the lab Panel 1 (MTurk) ratio yes,1,-1.66,106.13,,-210.06,206.73,-210.06,206.73,FALSE
5,Table 5: Persistence to Time 2: Adjusted Estimates,A black man invented the light bulb Panel 1 (Lucid) w1 yes,1,3.36,4.15,,-4.81,11.53,-4.81,11.53,FALSE
5,Table 5: Persistence to Time 2: Adjusted Estimates,A black man invented the light bulb Panel 1 (Lucid) w2 yes,1,0.75,4.41,,-7.92,9.43,-7.92,9.43,FALSE
5,Table 5: Persistence to Time 2: Adjusted Estimates,A black man invented the light bulb Panel 1 (Lucid) ratio yes,1,0.22,1.19,,-2.13,2.57,-2.13,2.57,FALSE
5,Table 5: Persistence to Time 2: Adjusted Estimates,Antifa start West Coast wildfires Panel 1 (Lucid) w1 yes,1,-2.19,3.38,,-8.84,4.47,-8.84,4.47,FALSE
5,Table 5: Persistence to Time 2: Adjusted Estimates,Antifa start West Coast wildfires Panel 1 (Lucid) w2 yes,1,-0.79,3.48,,-7.65,6.07,-7.65,6.07,FALSE
5,Table 5: Persistence to Time 2: Adjusted Estimates,Antifa start West Coast wildfires Panel 1 (Lucid) ratio yes,1,0.36,1.49,,-2.58,3.3,-2.58,3.3,FALSE
5,Table 5: Persistence to Time 2: Adjusted Estimates,SARS-CoV-2 man made virus created in the lab Panel 1 (Lucid) w1 yes,1,1.9,4.46,,-6.9,10.69,-6.9,10.69,FALSE
5,Table 5: Persistence to Time 2: Adjusted Estimates,SARS-CoV-2 man made virus created in the lab Panel 1 (Lucid) w2 yes,1,-1.55,4.43,,-10.27,7.17,-10.27,7.17,FALSE
5,Table 5: Persistence to Time 2: Adjusted Estimates,SARS-CoV-2 man made virus created in the lab Panel 1 (Lucid) ratio yes,1,-0.82,3.83,,-8.35,6.72,-8.35,6.72,FALSE
5,Table 5: Persistence to Time 2: Adjusted Estimates,Meta-analysis Meta-analysis w1 yes,1,-6.29,1.43,*,-9.08,-3.49,-9.08,-3.49,FALSE
5,Table 5: Persistence to Time 2: Adjusted Estimates,Meta-analysis Meta-analysis w2 yes,1,-2.95,1.34,*,-5.58,-0.31,-5.58,-0.31,FALSE
5,Table 5: Persistence to Time 2: Adjusted Estimates,Meta-analysis Meta-analysis ratio yes,1,0.49,0.11,*,0.27,0.71,0.27,0.71,FALSE
6,Table 6: Persistence to Time 3: Unadjusted Estimates,Presidential winner must be announced election night Panel 6 (MTurk) w1 no,1,-10.59,4.33,*,-19.11,-2.07,-19.11,-2.07,FALSE
6,Table 6: Persistence to Time 3: Unadjusted Estimates,Presidential winner must be announced election night Panel 6 (MTurk) ratio no,1,-0.37,0.53,,-1.42,0.68,-1.42,0.68,FALSE
6,Table 6: Persistence to Time 3: Unadjusted Estimates,Presidential winner must be announced election night Panel 6 (MTurk) no,1,3.93,4.45,,-4.83,12.7,-4.83,12.7,FALSE
6,Table 6: Persistence to Time 3: Unadjusted Estimates,Sen Coon’s daughter’s photo on Hunter Biden’s laptop Panel 6 (MTurk) w1 no,1,-10.74,4.04,*,-18.68,-2.8,-18.68,-2.8,FALSE
6,Table 6: Persistence to Time 3: Unadjusted Estimates,Sen Coon’s daughter’s photo on Hunter Biden’s laptop Panel 6 (MTurk) ratio no,1,0.06,0.37,,-0.68,0.8,-0.68,0.8,FALSE
6,Table 6: Persistence to Time 3: Unadjusted Estimates,Sen Coon’s daughter’s photo on Hunter Biden’s laptop Panel 6 (MTurk) no,1,-0.64,4.16,,-8.84,7.55,-8.84,7.55,FALSE
6,Table 6: Persistence to Time 3: Unadjusted Estimates,Trump said ’Good’ to children’s separation Panel 6 (MTurk) w1 no,1,-29.16,3.85,*,-36.73,-21.59,-36.73,-21.59,FALSE
6,Table 6: Persistence to Time 3: Unadjusted Estimates,Trump said ’Good’ to children’s separation Panel 6 (MTurk) ratio no,1,0.95,0.11,*,0.74,1.16,0.74,1.16,FALSE
6,Table 6: Persistence to Time 3: Unadjusted Estimates,Trump said ’Good’ to children’s separation Panel 6 (MTurk) no,1,-27.59,4.05,*,-35.56,-19.63,-35.56,-19.63,FALSE
6,Table 6: Persistence to Time 3: Unadjusted Estimates,Hunter Biden’s laptop had photos torturing children Panel 4 (MTurk) w1 no,1,-1.17,2.16,,-5.41,3.08,-5.41,3.08,FALSE
6,Table 6: Persistence to Time 3: Unadjusted Estimates,Hunter Biden’s laptop had photos torturing children Panel 4 (MTurk) ratio no,1,1.7,2.16,,-2.53,5.94,-2.53,5.94,FALSE
6,Table 6: Persistence to Time 3: Unadjusted Estimates,Hunter Biden’s laptop had photos torturing children Panel 4 (MTurk) no,1,-1.99,2.25,,-6.41,2.44,-6.41,2.44,FALSE
6,Table 6: Persistence to Time 3: Unadjusted Estimates,Trump chose Judge Barrett on basis of looks Panel 4 (MTurk) w1 no,1,-6.66,2.37,*,-11.32,-2,-11.32,-2,FALSE
6,Table 6: Persistence to Time 3: Unadjusted Estimates,Trump chose Judge Barrett on basis of looks Panel 4 (MTurk) ratio no,1,0.3,0.3,,-0.29,0.9,-0.29,0.9,FALSE
6,Table 6: Persistence to Time 3: Unadjusted Estimates,Trump chose Judge Barrett on basis of looks Panel 4 (MTurk) no,1,-2.02,2.48,,-6.89,2.85,-6.89,2.85,FALSE
6,Table 6: Persistence to Time 3: Unadjusted Estimates,WHO: children to be vaccinated without parents’ consent Panel 4 (MTurk) w1 no,1,-15.26,2.33,*,-19.84,-10.68,-19.84,-10.68,FALSE
6,Table 6: Persistence to Time 3: Unadjusted Estimates,WHO: children to be vaccinated without parents’ consent Panel 4 (MTurk) ratio no,1,0.3,0.14,*,0.02,0.57,0.02,0.57,FALSE
6,Table 6: Persistence to Time 3: Unadjusted Estimates,WHO: children to be vaccinated without parents’ consent Panel 4 (MTurk) no,1,-4.51,2.52,,-9.47,0.44,-9.47,0.44,FALSE
6,Table 6: Persistence to Time 3: Unadjusted Estimates,Meta-analysis Meta-analysis w1 no,1,-12.02,3.87,*,-19.62,-4.43,-19.62,-4.43,FALSE
6,Table 6: Persistence to Time 3: Unadjusted Estimates,Meta-analysis Meta-analysis ratio no,1,0.39,0.21,,-0.02,0.8,-0.02,0.8,FALSE
6,Table 6: Persistence to Time 3: Unadjusted Estimates,Meta-analysis Meta-analysis no,1,-5.4,4.38,,-13.99,3.2,-13.99,3.2,FALSE
7,Table 7: Persistence to Time 3: Adjusted Estimates,Presidential winner must be announced election night Panel 6 (MTurk) w1 yes,1,3.81,3.63,,-3.32,10.95,-3.32,10.95,FALSE
7,Table 7: Persistence to Time 3: Adjusted Estimates,Presidential winner must be announced election night Panel 6 (MTurk) ratio yes,1,0.33,0.33,,-0.32,0.98,-0.32,0.98,FALSE
7,Table 7: Persistence to Time 3: Adjusted Estimates,Presidential winner must be announced election night Panel 6 (MTurk) yes,1,-3.25,3.61,,-10.36,3.86,-10.36,3.86,FALSE
7,Table 7: Persistence to Time 3: Adjusted Estimates,Sen Coon’s daughter’s photo on Hunter Biden’s laptop Panel 6 (MTurk) w1 yes,1,1.53,3.35,,-5.06,8.11,-5.06,8.11,FALSE
7,Table 7: Persistence to Time 3: Adjusted Estimates,Sen Coon’s daughter’s photo on Hunter Biden’s laptop Panel 6 (MTurk) ratio yes,1,0.12,0.31,,-0.5,0.73,-0.5,0.73,FALSE
7,Table 7: Persistence to Time 3: Adjusted Estimates,Sen Coon’s daughter’s photo on Hunter Biden’s laptop Panel 6 (MTurk) yes,1,-1.17,3.35,,-7.76,5.42,-7.76,5.42,FALSE
7,Table 7: Persistence to Time 3: Adjusted Estimates,Trump said ’Good’ to children’s separation Panel 6 (MTurk) w1 yes,1,-22.81,3.63,*,-29.95,-15.67,-29.95,-15.67,FALSE
7,Table 7: Persistence to Time 3: Adjusted Estimates,Trump said ’Good’ to children’s separation Panel 6 (MTurk) ratio yes,1,0.99,0.12,*,0.76,1.22,0.76,1.22,FALSE
7,Table 7: Persistence to Time 3: Adjusted Estimates,Trump said ’Good’ to children’s separation Panel 6 (MTurk) yes,1,-24.92,3.73,*,-32.26,-17.57,-32.26,-17.57,FALSE
7,Table 7: Persistence to Time 3: Adjusted Estimates,Hunter Biden’s laptop had photos torturing children Panel 4 (MTurk) w1 yes,1,-1.79,1.83,,-5.38,1.79,-5.38,1.79,FALSE
7,Table 7: Persistence to Time 3: Adjusted Estimates,Hunter Biden’s laptop had photos torturing children Panel 4 (MTurk) ratio yes,1,0.27,1.5,,-2.68,3.22,-2.68,3.22,FALSE
7,Table 7: Persistence to Time 3: Adjusted Estimates,Hunter Biden’s laptop had photos torturing children Panel 4 (MTurk) yes,1,-0.28,1.83,,-3.88,3.32,-3.88,3.32,FALSE
7,Table 7: Persistence to Time 3: Adjusted Estimates,Trump chose Judge Barrett on basis of looks Panel 4 (MTurk) w1 yes,1,-3.35,2.26,,-7.79,1.09,-7.79,1.09,FALSE
7,Table 7: Persistence to Time 3: Adjusted Estimates,Trump chose Judge Barrett on basis of looks Panel 4 (MTurk) ratio yes,1,0.06,0.28,,-0.49,0.61,-0.49,0.61,FALSE
7,Table 7: Persistence to Time 3: Adjusted Estimates,Trump chose Judge Barrett on basis of looks Panel 4 (MTurk) yes,1,-0.47,2.31,,-5.01,4.08,-5.01,4.08,FALSE
7,Table 7: Persistence to Time 3: Adjusted Estimates,WHO: children to be vaccinated without parents’ consent Panel 4 (MTurk) w1 yes,1,-4.17,2.27,,-8.61,0.28,-8.61,0.28,FALSE
7,Table 7: Persistence to Time 3: Adjusted Estimates,WHO: children to be vaccinated without parents’ consent Panel 4 (MTurk) ratio yes,1,0.38,0.13,*,0.11,0.64,0.11,0.64,FALSE
7,Table 7: Persistence to Time 3: Adjusted Estimates,WHO: children to be vaccinated without parents’ consent Panel 4 (MTurk) yes,1,-5.59,2.24,*,-9.99,-1.18,-9.99,-1.18,FALSE
7,Table 7: Persistence to Time 3: Adjusted Estimates,Meta-analysis Meta-analysis w1 yes,1,-4.36,3.67,,-11.55,2.82,-11.55,2.82,FALSE
7,Table 7: Persistence to Time 3: Adjusted Estimates,Meta-analysis Meta-analysis ratio yes,1,0.43,0.19,*,0.06,0.79,0.06,0.79,FALSE
7,Table 7: Persistence to Time 3: Adjusted Estimates,Meta-analysis Meta-analysis yes,1,-5.7,3.71,,-12.96,1.57,-12.96,1.57,FALSE
